form,snr,s_run_mN,uce_mN,w_rauschfrei,P_fenster,P_w4_zulaessig,median_dev4_durch_uce,P_w4,P_w6,P_w8,P_w10,P_w12,P_w14,P_w16,P_w18,P_w20
A4,0.25,137.22896504475733,61.37065886440398,12.0,0.9746666666666667,0.9746666666666667,0.023157062503641156,0.10866666666666666,0.042666666666666665,0.004,0.026,0.26,0.406,0.12,0.006666666666666667,0.0006666666666666666
A4,0.5,68.61448252237867,30.68532943220199,8.0,0.8913333333333333,0.8913333333333333,0.04370729467420131,0.018666666666666668,0.0,0.04933333333333333,0.732,0.09133333333333334,0.0,0.0,0.0,0.0
A4,1.0,34.30724126118933,15.342664716100995,6.0,0.9053333333333333,0.9053333333333333,0.08353769698531575,0.008,0.5233333333333333,0.37133333333333335,0.0026666666666666666,0.0,0.0,0.0,0.0,0.0
A4,2.0,17.153620630594666,7.671332358050497,4.0,0.9433333333333334,0.9433333333333334,0.16350494951009517,0.534,0.408,0.0013333333333333333,0.0,0.0,0.0,0.0,0.0,0.0
A4,3.0,11.435747087063111,5.114221572033665,4.0,0.86,0.8566666666666667,0.24173395823696034,0.8393333333333334,0.020666666666666667,0.0,0.0,0.0,0.0,0.0,0.0,0.0
A4,4.0,8.576810315297333,3.8356661790252486,nan,0.25733333333333336,0.25733333333333336,0.31052699301963654,0.25733333333333336,0.0,0.0,0.0,0.0,0.0,0.0,0.0,0.0
A4,8.0,4.288405157648667,1.9178330895126243,nan,0.059333333333333335,0.059333333333333335,0.5901410497912141,0.059333333333333335,0.0,0.0,0.0,0.0,0.0,0.0,0.0,0.0
A4,16.0,2.1442025788243333,0.9589165447563122,nan,0.0006666666666666666,0.0006666666666666666,1.1551823839296083,0.0006666666666666666,0.0,0.0,0.0,0.0,0.0,0.0,0.0,0.0
A4,32.0,1.0721012894121666,0.4794582723781561,nan,0.0,0.0,2.2755320439760767,0.0,0.0,0.0,0.0,0.0,0.0,0.0,0.0,0.0
A4,100.0,0.34307241261189336,0.15342664716100993,nan,0.0,0.0,7.033022747956521,0.0,0.0,0.0,0.0,0.0,0.0,0.0,0.0,0.0
ref,0.25,813.8851349809859,363.98049753881526,20.0,0.9833333333333333,0.9833333333333333,0.008223804786507444,0.08533333333333333,0.07466666666666667,0.059333333333333335,0.05333333333333334,0.05333333333333334,0.048,0.05333333333333334,0.07333333333333333,0.4826666666666667
ref,0.5,406.94256749049293,181.99024876940763,20.0,0.8693333333333333,0.8693333333333333,0.012594830658503224,0.034666666666666665,0.023333333333333334,0.056666666666666664,0.056,0.04133333333333333,0.048666666666666664,0.09133333333333334,0.16266666666666665,0.3546666666666667
ref,1.0,203.47128374524647,90.99512438470381,16.0,0.85,0.85,0.036165505099901275,0.024,0.025333333333333333,0.07666666666666666,0.114,0.10133333333333333,0.20266666666666666,0.19466666666666665,0.08866666666666667,0.02266666666666667
ref,2.0,101.73564187262323,45.49756219235191,10.0,0.83,0.83,0.08433595175832033,0.04066666666666666,0.11,0.18066666666666667,0.264,0.212,0.02266666666666667,0.0,0.0,0.0
ref,3.0,67.8237612484155,30.33170812823461,8.0,0.814,0.814,0.12517305491618602,0.12866666666666668,0.13266666666666665,0.334,0.21266666666666667,0.006,0.0,0.0,0.0,0.0
ref,4.0,50.86782093631162,22.748781096175954,8.0,0.7586666666666667,0.7586666666666667,0.12159977062202526,0.16733333333333333,0.22266666666666668,0.3606666666666667,0.008,0.0,0.0,0.0,0.0,0.0
ref,8.0,25.43391046815581,11.374390548087977,4.0,0.686,0.686,0.09844813006874445,0.684,0.002,0.0,0.0,0.0,0.0,0.0,0.0,0.0
ref,16.0,12.716955234077904,5.687195274043988,4.0,0.768,0.768,0.1838575193830281,0.768,0.0,0.0,0.0,0.0,0.0,0.0,0.0,0.0
ref,32.0,6.358477617038952,2.843597637021994,nan,0.46,0.46,0.27528745626243317,0.46,0.0,0.0,0.0,0.0,0.0,0.0,0.0,0.0
ref,100.0,2.0347128374524646,0.9099512438470383,nan,0.02666666666666667,0.02666666666666667,1.0068188090546206,0.02666666666666667,0.0,0.0,0.0,0.0,0.0,0.0,0.0,0.0
