bahn,groesse,n_laeufe,n_zustaende,zustaende,punkte
44,6,18,4,"λ=35.85 γ1=0.655 Fmax=24.37 n=8 [imp,ramp2,std] | λ=36.66 γ1=0.678 Fmax=24.35 n=3 [imp,ramp2,std] | λ=38.02 γ1=0.718 Fmax=23.77 n=3 [ramp2,std] | λ=75.34 γ1=1.671 Fmax=38.83 n=4 [imp]","(2,13) (6,8) (8,6) (11,17) (13,2) (17,11)"
5,3,9,2,"λ=28.40 γ1=0.843 Fmax=21.57 n=3 [ramp2] | λ=75.93 γ1=1.704 Fmax=39.64 n=6 [imp,std]","(0,5) (5,0) (14,14)"
10,3,9,2,"λ=38.21 γ1=0.594 Fmax=23.27 n=5 [imp,ramp2,std] | λ=38.35 γ1=0.615 Fmax=23.33 n=4 [imp,ramp2,std]","(0,10) (9,9) (10,0)"
13,3,9,2,"λ=43.65 γ1=0.634 Fmax=21.75 n=2 [std] | λ=75.70 γ1=1.691 Fmax=39.31 n=7 [imp,ramp2,std]","(0,13) (6,6) (13,0)"
6,3,9,2,"λ=18.23 γ1=1.038 Fmax=22.11 n=4 [ramp2,std] | λ=75.59 γ1=1.688 Fmax=39.23 n=5 [imp,std]","(0,6) (6,0) (13,13)"
31,6,18,2,"λ=44.62 γ1=0.685 Fmax=20.32 n=4 [std] | λ=75.81 γ1=1.697 Fmax=39.46 n=14 [imp,ramp2,std]","(1,14) (5,6) (6,5) (13,18) (14,1) (18,13)"
57,6,18,2,"λ=22.37 γ1=0.701 Fmax=21.13 n=10 [ramp2,std] | λ=75.66 γ1=1.689 Fmax=39.27 n=8 [imp,std]","(3,15) (4,7) (7,4) (12,16) (15,3) (16,12)"
56,6,18,2,"λ=26.13 γ1=0.534 Fmax=19.46 n=16 [imp,ramp2,std] | λ=75.37 γ1=1.674 Fmax=38.89 n=2 [imp]","(3,14) (5,8) (8,5) (11,16) (14,3) (16,11)"
58,6,18,2,"λ=21.70 γ1=0.660 Fmax=17.51 n=16 [imp,ramp2,std] | λ=75.33 γ1=1.673 Fmax=38.87 n=2 [imp]","(4,8) (4,15) (8,4) (11,15) (15,4) (15,11)"
48,6,18,2,"λ=34.72 γ1=0.879 Fmax=24.79 n=6 [ramp2] | λ=75.89 γ1=1.701 Fmax=39.58 n=12 [imp,std]","(3,6) (3,16) (6,3) (13,16) (16,3) (16,13)"
49,6,18,2,"λ=19.01 γ1=0.738 Fmax=18.41 n=10 [ramp2,std] | λ=75.63 γ1=1.689 Fmax=39.25 n=8 [imp,std]","(3,7) (4,16) (7,3) (12,15) (15,12) (16,4)"
28,6,18,2,"λ=37.38 γ1=0.581 Fmax=23.58 n=7 [imp,ramp2,std] | λ=37.90 γ1=0.616 Fmax=23.55 n=11 [imp,ramp2,std]","(1,11) (8,9) (9,8) (10,18) (11,1) (18,10)"
24,6,18,2,"λ=21.06 γ1=1.012 Fmax=21.79 n=16 [imp,ramp2,std] | λ=75.31 γ1=1.673 Fmax=38.87 n=2 [imp]","(1,7) (6,18) (7,1) (12,13) (13,12) (18,6)"
21,6,18,2,"λ=70.96 γ1=1.967 Fmax=50.04 n=6 [imp,std] | λ=76.19 γ1=1.718 Fmax=40.02 n=12 [imp,ramp2,std]","(1,4) (3,18) (4,1) (15,16) (16,15) (18,3)"
37,6,18,2,"λ=7.87 γ1=0.716 Fmax=19.26 n=6 [ramp2] | λ=75.86 γ1=1.700 Fmax=39.55 n=12 [imp,std]","(2,6) (4,17) (6,2) (13,15) (15,13) (17,4)"
33,6,18,2,"λ=71.78 γ1=1.975 Fmax=50.55 n=4 [imp,std] | λ=76.19 γ1=1.718 Fmax=40.02 n=14 [imp,ramp2,std]","(1,16) (3,4) (4,3) (15,18) (16,1) (18,15)"
35,6,18,2,"λ=71.06 γ1=1.995 Fmax=50.40 n=6 [imp,ramp2] | λ=76.21 γ1=1.720 Fmax=40.06 n=12 [imp,ramp2,std]","(2,4) (2,17) (4,2) (15,17) (17,2) (17,15)"
23,6,18,2,"λ=11.97 γ1=0.966 Fmax=21.53 n=6 [ramp2] | λ=75.76 γ1=1.696 Fmax=39.44 n=12 [imp,std]","(1,6) (5,18) (6,1) (13,14) (14,13) (18,5)"
38,6,18,2,"λ=24.57 γ1=0.961 Fmax=21.31 n=16 [imp,ramp2,std] | λ=75.52 γ1=1.684 Fmax=39.14 n=2 [imp]","(2,7) (5,17) (7,2) (12,14) (14,12) (17,5)"
45,6,18,2,"λ=34.97 γ1=0.935 Fmax=25.24 n=10 [ramp2,std] | λ=75.63 γ1=1.687 Fmax=39.22 n=8 [imp,std]","(2,14) (5,7) (7,5) (12,17) (14,2) (17,12)"
0,1,3,1,"λ=75.79 γ1=1.705 Fmax=41.13 n=3 [imp,ramp2,std]","(0,0)"
1,3,9,1,"λ=75.83 γ1=1.707 Fmax=41.09 n=9 [imp,ramp2,std]","(0,1) (1,0) (18,18)"
4,3,9,1,"λ=76.13 γ1=1.715 Fmax=39.92 n=9 [imp,ramp2,std]","(0,4) (4,0) (15,15)"
3,3,9,1,"λ=76.15 γ1=1.717 Fmax=40.63 n=9 [imp,ramp2,std]","(0,3) (3,0) (16,16)"
2,3,9,1,"λ=75.95 γ1=1.710 Fmax=40.96 n=9 [imp,ramp2,std]","(0,2) (2,0) (17,17)"
17,3,9,1,"λ=75.95 γ1=1.710 Fmax=40.96 n=9 [imp,ramp2,std]","(0,17) (2,2) (17,0)"
15,3,9,1,"λ=76.13 γ1=1.715 Fmax=39.92 n=9 [imp,ramp2,std]","(0,15) (4,4) (15,0)"
16,3,9,1,"λ=76.14 γ1=1.717 Fmax=40.63 n=9 [imp,ramp2,std]","(0,16) (3,3) (16,0)"
14,3,9,1,"λ=75.94 γ1=1.704 Fmax=39.65 n=9 [imp,ramp2,std]","(0,14) (5,5) (14,0)"
22,6,18,1,"λ=76.02 γ1=1.709 Fmax=39.77 n=18 [imp,ramp2,std]","(1,5) (4,18) (5,1) (14,15) (15,14) (18,4)"
20,6,18,1,"λ=76.07 γ1=1.714 Fmax=40.79 n=18 [imp,ramp2,std]","(1,3) (2,18) (3,1) (16,17) (17,16) (18,2)"
19,6,18,1,"λ=75.91 γ1=1.709 Fmax=41.01 n=18 [imp,ramp2,std]","(1,2) (1,18) (2,1) (17,18) (18,1) (18,17)"
18,3,9,1,"λ=75.83 γ1=1.707 Fmax=41.09 n=9 [imp,ramp2,std]","(0,18) (1,1) (18,0)"
12,3,9,1,"λ=75.42 γ1=1.675 Fmax=38.93 n=9 [imp,ramp2,std]","(0,12) (7,7) (12,0)"
9,3,9,1,"λ=45.51 γ1=0.765 Fmax=23.55 n=9 [imp,ramp2,std]","(0,9) (9,0) (10,10)"
8,3,9,1,"λ=31.96 γ1=0.785 Fmax=22.29 n=9 [imp,ramp2,std]","(0,8) (8,0) (11,11)"
11,3,9,1,"λ=75.09 γ1=1.658 Fmax=38.49 n=9 [imp,ramp2,std]","(0,11) (8,8) (11,0)"
7,3,9,1,"λ=24.24 γ1=1.012 Fmax=21.44 n=9 [imp,ramp2,std]","(0,7) (7,0) (12,12)"
36,6,18,1,"λ=76.07 γ1=1.711 Fmax=39.83 n=18 [imp,ramp2,std]","(2,5) (3,17) (5,2) (14,16) (16,14) (17,3)"
34,6,18,1,"λ=76.07 γ1=1.714 Fmax=40.79 n=18 [imp,ramp2,std]","(1,17) (2,3) (3,2) (16,18) (17,1) (18,16)"
30,6,18,1,"λ=75.55 γ1=1.682 Fmax=39.10 n=18 [imp,ramp2,std]","(1,13) (6,7) (7,6) (12,18) (13,1) (18,12)"
32,6,18,1,"λ=76.02 γ1=1.709 Fmax=39.77 n=18 [imp,ramp2,std]","(1,15) (4,5) (5,4) (14,18) (15,1) (18,14)"
25,6,18,1,"λ=25.35 γ1=0.914 Fmax=20.54 n=18 [imp,ramp2,std]","(1,8) (7,18) (8,1) (11,12) (12,11) (18,7)"
26,6,18,1,"λ=32.27 γ1=0.673 Fmax=21.97 n=18 [imp,ramp2,std]","(1,9) (8,18) (9,1) (10,11) (11,10) (18,8)"
27,6,18,1,"λ=44.86 γ1=0.720 Fmax=22.17 n=18 [imp,ramp2,std]","(1,10) (9,10) (9,18) (10,1) (10,9) (18,9)"
29,6,18,1,"λ=75.24 γ1=1.666 Fmax=38.69 n=18 [imp,ramp2,std]","(1,12) (7,8) (8,7) (11,18) (12,1) (18,11)"
42,6,18,1,"λ=24.82 γ1=0.450 Fmax=18.62 n=18 [imp,ramp2,std]","(2,11) (8,10) (9,17) (10,8) (11,2) (17,9)"
43,6,18,1,"λ=22.58 γ1=0.640 Fmax=19.37 n=18 [imp,ramp2,std]","(2,12) (7,9) (9,7) (10,17) (12,2) (17,10)"
47,6,18,1,"λ=76.06 γ1=1.711 Fmax=39.83 n=18 [imp,ramp2,std]","(2,16) (3,5) (5,3) (14,17) (16,2) (17,14)"
46,6,18,1,"λ=75.87 γ1=1.700 Fmax=39.55 n=18 [imp,ramp2,std]","(2,15) (4,6) (6,4) (13,17) (15,2) (17,13)"
50,6,18,1,"λ=22.38 γ1=0.866 Fmax=20.08 n=18 [imp,ramp2,std]","(3,8) (5,16) (8,3) (11,14) (14,11) (16,5)"
40,6,18,1,"λ=24.40 γ1=0.736 Fmax=19.20 n=18 [imp,ramp2,std]","(2,9) (7,17) (9,2) (10,12) (12,10) (17,7)"
41,6,18,1,"λ=27.57 γ1=0.379 Fmax=17.91 n=18 [imp,ramp2,std]","(2,10) (8,17) (9,11) (10,2) (11,9) (17,8)"
39,6,18,1,"λ=27.97 γ1=0.902 Fmax=20.85 n=18 [imp,ramp2,std]","(2,8) (6,17) (8,2) (11,13) (13,11) (17,6)"
53,6,18,1,"λ=24.92 γ1=0.136 Fmax=15.01 n=18 [imp,ramp2,std]","(3,11) (8,11) (8,16) (11,3) (11,8) (16,8)"
52,6,18,1,"λ=21.70 γ1=0.486 Fmax=17.45 n=18 [imp,ramp2,std]","(3,10) (7,16) (9,12) (10,3) (12,9) (16,7)"
51,6,18,1,"λ=28.58 γ1=0.706 Fmax=19.30 n=18 [imp,ramp2,std]","(3,9) (6,16) (9,3) (10,13) (13,10) (16,6)"
55,6,18,1,"λ=27.36 γ1=0.162 Fmax=16.63 n=18 [imp,ramp2,std]","(3,13) (6,9) (9,6) (10,16) (13,3) (16,10)"
54,6,18,1,"λ=26.72 γ1=-0.079 Fmax=13.88 n=18 [imp,ramp2,std]","(3,12) (7,10) (9,16) (10,7) (12,3) (16,9)"
59,6,18,1,"λ=17.70 γ1=0.655 Fmax=17.52 n=18 [imp,ramp2,std]","(4,9) (5,15) (9,4) (10,14) (14,10) (15,5)"
60,6,18,1,"λ=23.52 γ1=0.425 Fmax=17.01 n=18 [imp,ramp2,std]","(4,10) (6,15) (9,13) (10,4) (13,9) (15,6)"
61,6,18,1,"λ=16.25 γ1=0.200 Fmax=15.21 n=18 [imp,ramp2,std]","(4,11) (7,15) (8,12) (11,4) (12,8) (15,7)"
62,6,18,1,"λ=20.10 γ1=-0.071 Fmax=12.77 n=18 [imp,ramp2,std]","(4,12) (7,11) (8,15) (11,7) (12,4) (15,8)"
63,6,18,1,"λ=21.87 γ1=-0.052 Fmax=14.23 n=18 [imp,ramp2,std]","(4,13) (6,10) (9,15) (10,6) (13,4) (15,9)"
64,6,18,1,"λ=22.40 γ1=0.346 Fmax=15.92 n=18 [imp,ramp2,std]","(4,14) (5,9) (9,5) (10,15) (14,4) (15,10)"
65,6,18,1,"λ=15.87 γ1=0.216 Fmax=14.64 n=18 [imp,ramp2,std]","(5,10) (5,14) (9,14) (10,5) (14,5) (14,9)"
66,6,18,1,"λ=0.45 γ1=0.100 Fmax=13.00 n=18 [imp,ramp2,std]","(5,11) (6,14) (8,13) (11,5) (13,8) (14,6)"
67,6,18,1,"λ=0.00 γ1=-0.092 Fmax=11.33 n=18 [imp,ramp2,std]","(5,12) (7,12) (7,14) (12,5) (12,7) (14,7)"
68,6,18,1,"λ=10.95 γ1=-0.288 Fmax=12.41 n=18 [imp,ramp2,std]","(5,13) (6,11) (8,14) (11,6) (13,5) (14,8)"
69,6,18,1,"λ=0.00 γ1=-0.273 Fmax=9.46 n=18 [imp,ramp2,std]","(6,12) (6,13) (7,13) (12,6) (13,6) (13,7)"
