bahn,i2,i3,phi2,phi3,lam,vS0,hochzustand
6,0,6,0.0,113.684,75.592,0.08432189189475749,True
6,6,0,113.684,0.0,75.5875,0.08432189189475749,True
6,13,13,246.316,246.316,18.2,0.0877236771595646,False
49,3,7,56.842,132.632,75.6325,0.012638698005524982,True
49,4,16,75.789,303.158,19.0,0.11351419810685576,False
49,7,3,132.632,56.842,75.6325,0.012638698005524987,True
49,12,15,227.368,284.211,19.0,0.106101344660804,False
49,15,12,284.211,227.368,19.0,0.106101344660804,False
49,16,4,303.158,75.789,19.0,0.11351419810685576,False
57,3,15,56.842,284.211,22.3625,0.13520284051261486,False
57,4,7,75.789,132.632,75.6615,-0.024934093738711572,True
57,7,4,132.632,75.789,75.661,-0.02493409373871157,True
57,12,16,227.368,303.158,22.375,0.12198549399928144,False
57,15,3,284.211,56.842,22.3625,0.13520284051261486,False
57,16,12,303.158,227.368,22.375,0.12198549399928144,False
45,2,14,37.895,265.263,35.4195,0.15146754584555874,False
45,5,7,94.737,132.632,75.6325,-0.0569765297350652,True
45,7,5,132.632,94.737,75.632,-0.0569765297350652,True
45,12,17,227.368,322.105,75.6315,0.1341230952200315,True
45,14,2,265.263,37.895,35.4195,0.15146754584555874,False
45,17,12,322.105,227.368,75.632,0.1341230952200315,True
13,0,13,0.0,246.316,43.696,0.1646923252563128,False
13,6,6,113.684,113.684,75.6985,-0.07301718956354604,True
13,13,0,246.316,0.0,43.5965,0.1646923252563128,False
31,1,14,18.947,265.263,44.65,0.1760047199972665,False
31,5,6,94.737,113.684,75.805,-0.0535273945908345,True
31,6,5,113.684,94.737,75.805,-0.0535273945908345,True
31,13,18,246.316,341.053,44.6,0.16210016925417112,False
31,14,1,265.263,18.947,44.65,0.1760047199972665,False
31,18,13,341.053,246.316,44.6,0.1621001692541711,False
21,1,4,18.947,75.789,76.195,0.12703139467867045,True
21,3,18,56.842,341.053,76.196,0.17083475860591749,True
21,4,1,75.789,18.947,76.1935,0.12703139467867045,True
21,15,16,284.211,303.158,71.216,0.18109697450064977,False
21,16,15,303.158,284.211,71.2165,0.18109697450064977,False
21,18,3,341.053,56.842,76.1965,0.17083475860591749,True
33,1,16,18.947,303.158,71.9445,0.21049832041094194,False
33,3,4,56.842,75.789,76.1965,0.06762006411882086,True
33,4,3,75.789,56.842,76.195,0.06762006411882086,True
33,15,18,284.211,341.053,76.193,0.20084474325547497,True
33,16,1,303.158,18.947,71.941,0.21049832041094194,False
33,18,15,341.053,284.211,76.194,0.20084474325547497,True
