paar,mitglied,idx,CSV_5_15,stdR_5_15,stdR,std,imp,ramp2,stdshift,vom_Partner,stdR_dt2,EL_std,EL_imp,EL_ramp2,EL_ramp10
P6,A,"(0, 6)",75.5920,75.5885,75.5898,75.5912,75.5900,18.2500,18.2000,18.2000,75.5896,75.5892,75.5892,18.2243,18.2243
P6,B,"(13, 13)",18.2000,18.2000,18.2000,18.2000,75.5900,18.2000,75.5894,75.5916,18.2250,18.2243,75.5892,18.2243,18.2243
P13,A,"(6, 6)",75.6985,75.6945,75.6965,75.6973,75.6964,75.6975,43.6546,43.6940,75.6979,75.6974,75.6974,75.6974,75.6974
P13,B,"(13, 0)",43.5965,43.6995,43.7062,43.7253,75.6969,75.6974,75.6965,75.6961,43.7029,43.7287,75.6974,75.6974,75.6974
P49,A,"(3, 7)",75.6325,75.6310,75.6322,75.6315,75.6316,19.0500,19.0000,19.0000,75.6320,75.6321,75.6321,19.0250,19.0250
P49,B,"(16, 4)",19.0000,19.0000,19.0000,19.0000,75.6342,19.0000,75.6315,75.6342,19.0250,19.0250,75.6321,19.0250,19.0250
P45,A,"(12, 17)",75.6315,75.6365,75.6290,35.1931,75.6286,35.0864,34.7694,34.6724,75.6285,75.6288,75.6288,35.3158,75.6288
P45,B,"(14, 2)",35.4195,35.4195,35.4114,34.7694,75.6263,34.6582,35.1931,35.0628,75.6288,75.6288,75.6288,35.1509,35.6625
P11,A,"(0, 11)",74.3490,74.2845,75.0924,75.0914,75.0917,75.0924,75.0877,75.0867,75.0841,75.0847,75.0847,,
P11,B,"(8, 8)",75.0865,75.0870,75.0877,75.0863,75.0875,75.0870,75.0930,75.0917,75.0815,75.0847,75.0847,,
P33,A,"(1, 16)",71.9445,71.9435,71.8473,71.8487,76.1948,76.1959,76.1948,76.1957,71.8486,71.8573,76.1946,76.1946,76.1946
P33,B,"(3, 4)",76.1965,76.1940,76.1942,76.1953,71.8528,76.1948,71.8467,71.8409,76.1946,76.1946,71.8573,76.1946,76.1946
