bahn,groesse,punkte,lam_min,lam_max,d_lam,d_skew,d_Fmin,d_Fmax,d_Fmean
6,3,"(0,6) (6,0) (13,13)",18.2,75.592,57.392,0.649163,0,17.1212,0.000225
49,6,"(3,7) (4,16) (7,3) (12,15) (15,12) (16,4)",19,75.6325,56.6325,0.951012,0,20.8432,0.000383
57,6,"(3,15) (4,7) (7,4) (12,16) (15,3) (16,12)",22.3625,75.6615,53.299,0.988564,0,18.1445,0.000335
45,6,"(2,14) (5,7) (7,5) (12,17) (14,2) (17,12)",35.4195,75.6325,40.213,0.750169,0,13.9936,0.005565
13,3,"(0,13) (6,6) (13,0)",43.5965,75.6985,32.102,1.05761,0,17.5122,0.000264
31,6,"(1,14) (5,6) (6,5) (13,18) (14,1) (18,13)",44.6,75.805,31.205,1.01144,0,19.1454,0.000709
21,6,"(1,4) (3,18) (4,1) (15,16) (16,15) (18,3)",71.216,76.1965,4.9805,0.25953,0,10.0172,0.041389
33,6,"(1,16) (3,4) (4,3) (15,18) (16,1) (18,15)",71.941,76.1965,4.2555,0.260592,0,10.5358,0.006478
44,6,"(2,13) (6,8) (8,6) (11,17) (13,2) (17,11)",35.59,37.321,1.731,0.057468,0,0.016408,0.007209
11,3,"(0,11) (8,8) (11,0)",74.349,75.0865,0.7375,0.013983,0,5.5172,0.04365
28,6,"(1,11) (8,9) (9,8) (10,18) (11,1) (18,10)",37.3945,38.0885,0.694,0.019691,0,0.175474,0.012972
10,3,"(0,10) (9,9) (10,0)",38.1335,38.5845,0.451,0.020315,0,0.141582,0.013423
51,6,"(3,9) (6,16) (9,3) (10,13) (13,10) (16,6)",28.55,28.65,0.1,0.000142,0,0.001749,0.000699
41,6,"(2,10) (8,17) (9,11) (10,2) (11,9) (17,8)",27.5865,27.686,0.0995,0.008672,0,0.406792,0.000594
53,6,"(3,11) (8,11) (8,16) (11,3) (11,8) (16,8)",24.9,24.95,0.05,3.4e-05,0,0.000225,4e-06
38,6,"(2,7) (5,17) (7,2) (12,14) (14,12) (17,5)",24.55,24.6,0.05,3.3e-05,0,0.00107,0.000175
65,6,"(5,10) (5,14) (9,14) (10,5) (14,5) (14,9)",15.85,15.9,0.05,0.000323,0,0.001523,0.000364
60,6,"(4,10) (6,15) (9,13) (10,4) (13,9) (15,6)",23.5,23.55,0.05,8e-05,0,0.000317,0.000135
24,6,"(1,7) (6,18) (7,1) (12,13) (13,12) (18,6)",21.05,21.1,0.05,3e-05,0,0.000544,0.000329
39,6,"(2,8) (6,17) (8,2) (11,13) (13,11) (17,6)",27.95,28,0.05,0.00012,0,0.000709,0.000582
50,6,"(3,8) (5,16) (8,3) (11,14) (14,11) (16,5)",22.35,22.4,0.05,8.7e-05,0,0.002623,0.000458
63,6,"(4,13) (6,10) (9,15) (10,6) (13,4) (15,9)",21.85,21.9,0.05,0.000413,0,0.002007,0.000496
54,6,"(3,12) (7,10) (9,16) (10,7) (12,3) (16,9)",26.7085,26.738,0.0295,0.000163,0,0.002724,0.000358
55,6,"(3,13) (6,9) (9,6) (10,16) (13,3) (16,10)",27.3535,27.3805,0.027,0.002484,0,0.014303,0.000324
27,6,"(1,10) (9,10) (9,18) (10,1) (10,9) (18,9)",44.842,44.868,0.026,7.4e-05,0,0.003536,0.000534
43,6,"(2,12) (7,9) (9,7) (10,17) (12,2) (17,10)",22.575,22.6,0.025,0.000234,0,0.002143,0.000493
9,3,"(0,9) (9,0) (10,10)",45.498,45.5175,0.0195,2e-05,0,0.002187,0.000166
26,6,"(1,9) (8,18) (9,1) (10,11) (11,10) (18,8)",32.2615,32.275,0.0135,9.9e-05,0,0.003045,0.000457
8,3,"(0,8) (8,0) (11,11)",31.92,31.931,0.011,9.3e-05,0,0.002144,7.3e-05
56,6,"(3,14) (5,8) (8,5) (11,16) (14,3) (16,11)",26.125,26.1355,0.0105,3.1e-05,0,0.002298,7e-05
35,6,"(2,4) (2,17) (4,2) (15,17) (17,2) (17,15)",76.2115,76.221,0.0095,4.9e-05,0,0.029691,0.000504
29,6,"(1,12) (7,8) (8,7) (11,18) (12,1) (18,11)",75.2335,75.243,0.0095,0.000101,0,0.035288,0.000679
32,6,"(1,15) (4,5) (5,4) (14,18) (15,1) (18,14)",76.016,76.0235,0.0075,5.8e-05,0,0.007309,0.00042
22,6,"(1,5) (4,18) (5,1) (14,15) (15,14) (18,4)",76.0165,76.0235,0.007,9.2e-05,0,0.00944,0.000576
18,3,"(0,18) (1,1) (18,0)",75.825,75.832,0.007,3.7e-05,0,0.003334,0.000454
30,6,"(1,13) (6,7) (7,6) (12,18) (13,1) (18,12)",75.5415,75.5475,0.006,9e-05,0,0.003526,0.000711
20,6,"(1,3) (2,18) (3,1) (16,17) (17,16) (18,2)",76.0635,76.0695,0.006,8.8e-05,0,0.011422,0.000393
48,6,"(3,6) (3,16) (6,3) (13,16) (16,3) (16,13)",75.888,75.894,0.006,7e-05,0,0.009856,0.000613
34,6,"(1,17) (2,3) (3,2) (16,18) (17,1) (18,16)",76.066,76.0715,0.0055,5e-05,0,0.008024,0.00043
2,3,"(0,2) (2,0) (17,17)",75.9445,75.95,0.0055,3.8e-05,0,0.001641,0.000199
16,3,"(0,16) (3,3) (16,0)",76.1425,76.1475,0.005,9.4e-05,0,0.003626,0.000682
12,3,"(0,12) (7,7) (12,0)",75.415,75.42,0.005,3e-05,0,0.006823,0.000237
1,3,"(0,1) (1,0) (18,18)",75.8275,75.8325,0.005,4.4e-05,0,0.004478,0.000237
14,3,"(0,14) (5,5) (14,0)",75.9315,75.936,0.0045,4.4e-05,0,0.008325,0.00032
23,6,"(1,6) (5,18) (6,1) (13,14) (14,13) (18,5)",75.76,75.7645,0.0045,4.3e-05,0,0.00503,0.000352
46,6,"(2,15) (4,6) (6,4) (13,17) (15,2) (17,13)",75.867,75.8705,0.0035,3.5e-05,0,0.008117,0.000272
19,6,"(1,2) (1,18) (2,1) (17,18) (18,1) (18,17)",75.906,75.9095,0.0035,4.9e-05,0,0.011368,0.000336
47,6,"(2,16) (3,5) (5,3) (14,17) (16,2) (17,14)",76.0635,76.067,0.0035,5.9e-05,0,0.010633,0.000382
4,3,"(0,4) (4,0) (15,15)",76.129,76.132,0.003,4.1e-05,0,0.003359,0.000263
36,6,"(2,5) (3,17) (5,2) (14,16) (16,14) (17,3)",76.063,76.0655,0.0025,4.6e-05,0,0.006152,0.00027
37,6,"(2,6) (4,17) (6,2) (13,15) (15,13) (17,4)",75.8575,75.86,0.0025,7.2e-05,0,0.005229,0.000212
5,3,"(0,5) (5,0) (14,14)",75.923,75.925,0.002,1.5e-05,0,0.005397,0.000154
15,3,"(0,15) (4,4) (15,0)",76.127,76.1285,0.0015,1.9e-05,0,0.009935,0.000134
3,3,"(0,3) (3,0) (16,16)",76.1435,76.1445,0.001,6.6e-05,0,0.001169,0.000262
0,1,"(0,0)",75.7885,75.7885,0,0,0,0,0
25,6,"(1,8) (7,18) (8,1) (11,12) (12,11) (18,7)",25.35,25.35,0,0.000111,0,0.000475,0.000452
7,3,"(0,7) (7,0) (12,12)",24.25,24.25,0,4.6e-05,0,0.000165,0
17,3,"(0,17) (2,2) (17,0)",75.95,75.95,0,3.2e-05,0,0.002084,0.000135
52,6,"(3,10) (7,16) (9,12) (10,3) (12,9) (16,7)",21.7,21.7,0,0.000126,0,0.00081,0.000508
42,6,"(2,11) (8,10) (9,17) (10,8) (11,2) (17,9)",24.825,24.825,0,0.000144,0,0.000451,0.000489
40,6,"(2,9) (7,17) (9,2) (10,12) (12,10) (17,7)",24.4,24.4,0,0.00011,0,8.3e-05,0.000505
58,6,"(4,8) (4,15) (8,4) (11,15) (15,4) (15,11)",21.7,21.7,0,9e-06,0,0.000443,0
61,6,"(4,11) (7,15) (8,12) (11,4) (12,8) (15,7)",16.25,16.25,0,4e-05,0,0.000323,0
59,6,"(4,9) (5,15) (9,4) (10,14) (14,10) (15,5)",17.7,17.7,0,0.000163,0,0.001888,0.000412
62,6,"(4,12) (7,11) (8,15) (11,7) (12,4) (15,8)",20.1,20.1,0,0.000312,0,0.003447,0.000467
64,6,"(4,14) (5,9) (9,5) (10,15) (14,4) (15,10)",22.4,22.4,0,0.000408,0,0.002216,0.000473
66,6,"(5,11) (6,14) (8,13) (11,5) (13,8) (14,6)",0.45,0.45,0,0,0,5e-06,0
67,6,"(5,12) (7,12) (7,14) (12,5) (12,7) (14,7)",0,0,0,2.1e-05,0.000269,0.00028,0
68,6,"(5,13) (6,11) (8,14) (11,6) (13,5) (14,8)",10.95,10.95,0,0.000322,0,0.000985,0.000227
69,6,"(6,12) (6,13) (7,13) (12,6) (13,6) (13,7)",0,0,0,0,2.1e-05,1.5e-05,1e-06
