name,point,start,phi2,phi3,dt_us,T_s,t0,per_streng,t_einschw_streng,per_locker,t_einschw_locker,dF_left_ppm@eng,dF_rk4_ppm@eng,R_ppm@eng,skew@eng,lam@eng,Fmin@eng,Fmax@eng,td_per_cyc@eng,A@eng,rk4mR_N@eng,dF_left_ppm@20_100,dF_rk4_ppm@20_100,R_ppm@20_100,skew@20_100,lam@20_100,Fmin@20_100,Fmax@20_100,td_per_cyc@20_100,A@20_100,rk4mR_N@20_100,dF_left_ppm@50_100,dF_rk4_ppm@50_100,R_ppm@50_100,skew@50_100,lam@50_100,Fmin@50_100,Fmax@50_100,td_per_cyc@50_100,A@50_100,rk4mR_N@50_100,dF_left_ppm@last10,dF_rk4_ppm@last10,R_ppm@last10,skew@last10,lam@last10,Fmin@last10,Fmax@last10,td_per_cyc@last10,A@last10,rk4mR_N@last10,dF_left_ppm@orb,dF_rk4_ppm@orb,R_ppm@orb,skew@orb,lam@orb,Fmin@orb,Fmax@orb,td_per_cyc@orb,A@orb,rk4mR_N@orb,lam_block_min,lam_block_max,skew_block_min,skew_block_max
tri_std,tri,std,120,240,50,100,0,1,0.8,1,0.2,1.01036e-07,6.97443e-10,3.90976e-11,0.0667939,0,5.33039,7.49192,0,1.06626,4.19794e-15,1.0096e-07,6.18216e-10,-5.18383e-11,0.0667939,0,5.33039,7.49192,0,1.06626,4.2726e-15,1.00924e-07,5.81467e-10,-9.79686e-11,0.0667939,0,5.33039,7.49192,0,1.06626,4.33242e-15,1.01034e-07,6.86203e-10,1.13349e-11,0.0667939,0,5.33039,7.49192,0,1.06626,4.30329e-15,1.0096e-07,6.18216e-10,-5.18383e-11,0.0667939,0,5.33039,7.49192,0,1.06626,4.2726e-15,0,0,0.0667939,0.0667939
tri_imp,tri,imp,120,240,50,100,0,1,0.8,1,0.1,1.01036e-07,6.97443e-10,3.90976e-11,0.0667939,0,5.33039,7.49192,0,1.06626,4.19794e-15,1.0096e-07,6.18216e-10,-5.18383e-11,0.0667939,0,5.33039,7.49192,0,1.06626,4.2726e-15,1.00924e-07,5.81467e-10,-9.79686e-11,0.0667939,0,5.33039,7.49192,0,1.06626,4.33242e-15,1.01034e-07,6.86203e-10,1.13349e-11,0.0667939,0,5.33039,7.49192,0,1.06626,4.30329e-15,1.0096e-07,6.18216e-10,-5.18383e-11,0.0667939,0,5.33039,7.49192,0,1.06626,4.2726e-15,0,0,0.0667939,0.0667939
tri_ramp2,tri,ramp2,120,240,50,100,0,1,2,1,1.9,1.01002e-07,6.74023e-10,1.56143e-11,0.0667939,0,5.33039,7.49192,0,1.06626,4.19834e-15,1.00956e-07,6.17e-10,-5.18582e-11,0.0667939,0,5.33039,7.49192,0,1.06626,4.26497e-15,1.0092e-07,5.80224e-10,-9.76007e-11,0.0667939,0,5.33039,7.49192,0,1.06626,4.32215e-15,1.01027e-07,6.87605e-10,1.23429e-11,0.0667939,0,5.33039,7.49192,0,1.06626,4.30581e-15,1.00956e-07,6.17e-10,-5.18582e-11,0.0667939,0,5.33039,7.49192,0,1.06626,4.26497e-15,0,0,0.0667939,0.0667939
tri_ramp10,tri,ramp10,120,240,50,100,0,1,10,1,9.7,187.198,187.562,187.561,0.0132328,0,3.21908,9.47148,0,0.980225,7.64386e-09,1.00991e-07,6.48597e-10,-4.30564e-11,0.0667939,0,5.33039,7.49192,0,1.06626,4.41032e-15,1.00994e-07,6.55323e-10,-9.10544e-11,0.0667939,0,5.33039,7.49192,0,1.06626,4.75927e-15,1.01024e-07,6.93509e-10,1.23429e-11,0.0667939,0,5.33039,7.49192,0,1.06626,4.34346e-15,1.00991e-07,6.48597e-10,-4.30564e-11,0.0667939,0,5.33039,7.49192,0,1.06626,4.41032e-15,0,0,0.0667939,0.0667939
tri_orb,tri,orb,120,240,50,100,0,1,0,1,0,1.01036e-07,6.97443e-10,3.90976e-11,0.0667939,0,5.33039,7.49192,0,1.06626,4.19794e-15,1.0096e-07,6.18216e-10,-5.18383e-11,0.0667939,0,5.33039,7.49192,0,1.06626,4.2726e-15,1.00924e-07,5.81467e-10,-9.79686e-11,0.0667939,0,5.33039,7.49192,0,1.06626,4.33242e-15,1.01034e-07,6.86203e-10,1.13349e-11,0.0667939,0,5.33039,7.49192,0,1.06626,4.30329e-15,1.0096e-07,6.18216e-10,-5.18383e-11,0.0667939,0,5.33039,7.49192,0,1.06626,4.2726e-15,0,0,0.0667939,0.0667939
syn_std,syn,std,0,0,50,100,0,-1,,2,51.2,-13.024,1.11986,1.11986,1.70545,75.7885,0,41.1226,0.94,5.44909,3.41617e-13,-23.3106,0.353994,0.353994,1.70547,75.7883,0,41.127,0.8925,5.44978,3.42338e-13,-24.9571,0.36526,0.36526,1.70547,75.7885,0,41.127,0.898,5.44978,3.42451e-13,-39.5657,0.739885,0.739885,1.70548,75.7885,0,41.1231,0.9,5.44917,3.43061e-13,,,,,,,,,,,75.7855,75.7905,1.70543,1.70549
syn_imp,syn,imp,0,0,50,100,0,-1,,6,47.4,6.02031,-1.80165,-1.80165,1.70544,75.7885,0,41.1273,0.92,5.44982,3.41201e-13,-5.50357,0.113868,0.113868,1.70545,75.7876,0,41.1306,0.8925,5.45034,3.42422e-13,-5.87675,0.243393,0.243393,1.70545,75.7878,0,41.1306,0.892,5.45034,3.42484e-13,8.69835,0.477894,0.477894,1.70543,75.785,0,41.1291,0.93,5.4501,3.43266e-13,,,,,,,,,,,75.785,75.7905,1.70543,1.70548
syn_ramp2,syn,ramp2,0,0,50,100,0,-1,,4,79.3,0.135958,-4.16683,-4.16683,1.70545,75.7895,0,41.1248,0.9,5.44944,3.42642e-13,-9.70599,-0.646408,-0.646408,1.70547,75.7891,0,41.1307,0.89125,5.45035,3.42316e-13,-11.1563,-0.469457,-0.469457,1.70547,75.7893,0,41.1306,0.886,5.45034,3.42376e-13,-20.0493,-2.20202,-2.20202,1.70548,75.79,0,41.1232,0.88,5.44919,3.43156e-13,,,,,,,,,,,75.787,75.7905,1.70544,1.70548
syn_ramp10,syn,ramp10,0,0,50,100,0,-1,,2,53,-3322.06,-3349.63,-3349.63,1.8991,60.1115,0,54.3688,0.74,7.52644,8.02156e-09,-12.9557,0.205999,0.205999,1.70546,75.7884,0,41.1283,0.875,5.44998,3.4261e-13,-14.7591,-0.0368343,-0.0368344,1.70546,75.7886,0,41.1262,0.862,5.44965,3.4239e-13,-31.0009,0.415035,0.415035,1.70548,75.7895,0,41.121,0.92,5.44884,3.41659e-13,,,,,,,,,,,75.7845,75.7905,1.70542,1.70549
hot_std,hot,std,0,208.421,50,100,0,-1,,1,7.4,-6838.72,-6763.31,-6763.34,1.66964,74.2845,0,44.5269,0.99,5.98297,1.80049e-07,-82.0498,-0.0142746,-0.0425109,1.65803,75.0924,0,38.4948,1,5.03698,1.80049e-07,-86.1634,-0.050062,-0.0782983,1.65804,75.0924,0,38.4948,1,5.03698,1.80049e-07,-138.297,-0.239009,-0.267245,1.65805,75.093,0,38.4902,1,5.03625,1.80049e-07,,,,,,,,,,,75.089,75.0945,1.658,1.65807
hot_imp,hot,imp,0,208.421,50,100,0,-1,,1,8.8,-6179.49,-6151.15,-6151.18,1.68444,69.784,0,44.6401,0.99,6.00072,1.80049e-07,-82.7449,-0.170059,-0.198295,1.65804,75.0924,0,38.494,1,5.03685,1.80049e-07,-80.0805,0.193985,0.165748,1.65804,75.0923,0,38.494,1,5.03685,1.80049e-07,-33.3224,0.0159237,-0.0123125,1.65801,75.0895,0,38.494,1,5.03685,1.80049e-07,,,,,,,,,,,75.0895,75.094,1.65801,1.65805
hot_ramp2,hot,ramp2,0,208.421,50,100,0,-1,,1,6.7,-1026.3,-996.766,-996.794,1.66431,75.133,0,45.5723,0.99,6.14692,1.80049e-07,-84.148,-0.00356401,-0.0318003,1.65803,75.0919,0,38.4947,1,5.03696,1.80049e-07,-94.4247,0.0915713,0.063335,1.65804,75.0921,0,38.4947,1,5.03696,1.80049e-07,-75.7788,-0.520236,-0.548472,1.65801,75.089,0,38.4947,1,5.03696,1.80049e-07,,,,,,,,,,,75.089,75.094,1.65801,1.65805
hot_ramp10,hot,ramp10,0,208.421,50,100,0,-1,,1,13.6,-4238.83,-4244.06,-4244.08,1.81714,43.9215,0,43.8439,0.8,5.87586,9.38976e-08,-72.2574,-0.141497,-0.169733,1.65803,75.0919,0,38.495,1,5.03702,1.80049e-07,-75.9476,-0.67009,-0.698327,1.65803,75.0914,0,38.4944,1,5.03692,1.80049e-07,-117.952,-0.847427,-0.875663,1.65806,75.095,0,38.4888,1,5.03604,1.80049e-07,,,,,,,,,,,75.0885,75.095,1.658,1.65806
isl_std,isl,std,35,116,50,100,0,-1,,1,2.5,25.0417,-1.52339,-1.4074,1.69814,75.8155,0,39.4907,1,5.19316,-7.39609e-07,11.4973,-0.148246,-0.0322558,1.69813,75.8144,0,39.5029,1,5.19507,-7.39609e-07,15.0888,0.0373332,0.153323,1.69813,75.8147,0,39.4952,1,5.19386,-7.39609e-07,43.5725,-0.659487,-0.543497,1.6981,75.815,0,39.4913,1,5.19325,-7.39609e-07,,,,,,,,,,,75.8105,75.818,1.6981,1.69816
isl_imp,isl,imp,35,116,50,100,0,-1,,1,2.8,-27.5357,-0.79277,-0.67678,1.69813,75.8165,0,39.491,1,5.19321,-7.39609e-07,15.8373,-0.216689,-0.100699,1.69813,75.8154,0,39.4994,1,5.19453,-7.39609e-07,12.218,-0.164571,-0.0485817,1.69813,75.8156,0,39.4994,1,5.19453,-7.39609e-07,41.5669,-2.98898,-2.87299,1.69811,75.812,0,39.4994,1,5.19453,-7.39609e-07,,,,,,,,,,,75.812,75.817,1.69811,1.69816
isl_ramp2,isl,ramp2,35,116,50,100,0,1,2.7,1,2.1,-0.11599,-0.11599,-5.53131e-11,0.823046,0,0.366517,19.8115,0,2.23545,-7.39609e-07,-0.11599,-0.11599,-1.60192e-10,0.823046,0,0.366517,19.8115,0,2.23545,-7.39609e-07,-0.11599,-0.11599,-2.25808e-10,0.823046,0,0.366517,19.8115,0,2.23545,-7.39609e-07,-0.11599,-0.11599,-5.14935e-11,0.823046,0,0.366517,19.8115,0,2.23545,-7.39609e-07,-0.11599,-0.11599,-1.60192e-10,0.823046,0,0.366517,19.8115,0,2.23545,-7.39609e-07,0,0,0.823046,0.823046
isl_ramp10,isl,ramp10,35,116,50,100,0,1,10.4,1,9.9,230.37,234.707,234.763,0.868744,2.5115,0,19.8156,0.18,2.10759,-3.59812e-07,-0.11599,-0.11599,-1.51156e-10,0.823046,0,0.366517,19.8115,0,2.23545,-7.39609e-07,-0.11599,-0.11599,-2.25779e-10,0.823046,0,0.366517,19.8115,0,2.23545,-7.39609e-07,-0.11599,-0.11599,-4.99374e-11,0.823046,0,0.366517,19.8115,0,2.23545,-7.39609e-07,-0.11599,-0.11599,-1.51156e-10,0.823046,0,0.366517,19.8115,0,2.23545,-7.39609e-07,0,0,0.823046,0.823046
isl_orb,isl,orb,35,116,50,100,0,1,0,1,0,-0.11599,-0.11599,-9.86016e-11,0.823046,0,0.366517,19.8115,0,2.23545,-7.39609e-07,-0.11599,-0.11599,-1.60068e-10,0.823046,0,0.366517,19.8115,0,2.23545,-7.39609e-07,-0.11599,-0.11599,-2.26232e-10,0.823046,0,0.366517,19.8115,0,2.23545,-7.39609e-07,-0.11599,-0.11599,-5.09277e-11,0.823046,0,0.366517,19.8115,0,2.23545,-7.39609e-07,-0.11599,-0.11599,-1.60068e-10,0.823046,0,0.366517,19.8115,0,2.23545,-7.39609e-07,0,0,0.823046,0.823046
main_std,main,std,113.684,227.368,50,100,0,1,0.9,1,0.1,-0.0115988,-0.011599,5.70107e-11,-0.272972,0,2.88213,9.46219,0,0.883047,-7.39608e-08,-0.0115988,-0.011599,-4.03818e-11,-0.272972,0,2.88213,9.46219,0,0.883047,-7.39608e-08,-0.0115988,-0.011599,-5.53096e-11,-0.272972,0,2.88213,9.46219,0,0.883047,-7.39608e-08,-0.0115988,-0.011599,4.22629e-12,-0.272972,0,2.88213,9.46219,0,0.883047,-7.39608e-08,-0.0115988,-0.011599,-4.03818e-11,-0.272972,0,2.88213,9.46219,0,0.883047,-7.39608e-08,0,0,-0.272972,-0.272972
main_imp,main,imp,113.684,227.368,50,100,0,1,0.9,1,0.3,-0.0115988,-0.011599,5.70107e-11,-0.272972,0,2.88213,9.46219,0,0.883047,-7.39608e-08,-0.0115988,-0.011599,-4.03818e-11,-0.272972,0,2.88213,9.46219,0,0.883047,-7.39608e-08,-0.0115988,-0.011599,-5.53096e-11,-0.272972,0,2.88213,9.46219,0,0.883047,-7.39608e-08,-0.0115988,-0.011599,4.22629e-12,-0.272972,0,2.88213,9.46219,0,0.883047,-7.39608e-08,-0.0115988,-0.011599,-4.03818e-11,-0.272972,0,2.88213,9.46219,0,0.883047,-7.39608e-08,0,0,-0.272972,-0.272972
main_ramp2,main,ramp2,113.684,227.368,50,100,0,1,2.6,1,2.1,-0.0115988,-0.011599,7.38097e-11,-0.272972,0,2.88213,9.46219,0,0.883047,-7.39608e-08,-0.0115988,-0.011599,-4.05122e-11,-0.272972,0,2.88213,9.46219,0,0.883047,-7.39608e-08,-0.0115988,-0.011599,-5.54475e-11,-0.272972,0,2.88213,9.46219,0,0.883047,-7.39608e-08,-0.0115988,-0.011599,4.82752e-12,-0.272972,0,2.88213,9.46219,0,0.883047,-7.39608e-08,-0.0115988,-0.011599,-4.05122e-11,-0.272972,0,2.88213,9.46219,0,0.883047,-7.39608e-08,0,0,-0.272972,-0.272972
main_ramp10,main,ramp10,113.684,227.368,50,100,0,1,10.4,1,9.8,2.67299,3.77065,3.77601,-0.185804,0,2.87414,9.67828,0,0.942732,-3.41697e-08,-0.0115988,-0.011599,-4.8956e-11,-0.272972,0,2.88213,9.46219,0,0.883047,-7.39608e-08,-0.0115988,-0.011599,-5.59603e-11,-0.272972,0,2.88213,9.46219,0,0.883047,-7.39608e-08,-0.0115988,-0.011599,4.22629e-12,-0.272972,0,2.88213,9.46219,0,0.883047,-7.39608e-08,-0.0115988,-0.011599,-4.8956e-11,-0.272972,0,2.88213,9.46219,0,0.883047,-7.39608e-08,0,0,-0.272972,-0.272972
main_orb,main,orb,113.684,227.368,50,100,0,1,0,1,0,-0.0115988,-0.011599,5.70107e-11,-0.272972,0,2.88213,9.46219,0,0.883047,-7.39608e-08,-0.0115988,-0.011599,-4.03818e-11,-0.272972,0,2.88213,9.46219,0,0.883047,-7.39608e-08,-0.0115988,-0.011599,-5.53096e-11,-0.272972,0,2.88213,9.46219,0,0.883047,-7.39608e-08,-0.0115988,-0.011599,4.22629e-12,-0.272972,0,2.88213,9.46219,0,0.883047,-7.39608e-08,-0.0115988,-0.011599,-4.03818e-11,-0.272972,0,2.88213,9.46219,0,0.883047,-7.39608e-08,0,0,-0.272972,-0.272972
edge_std,edge,std,100,240,50,100,0,1,0.8,1,0.3,-0.0579949,-0.0579949,3.42878e-11,-0.344085,0,0.767689,10.9548,0,0.816268,-3.69804e-07,-0.0579949,-0.0579949,-6.27467e-11,-0.344085,0,0.767689,10.9548,0,0.816268,-3.69804e-07,-0.0579949,-0.0579949,-1.33346e-10,-0.344085,0,0.767689,10.9548,0,0.816268,-3.69804e-07,-0.0579949,-0.0579949,-6.68426e-12,-0.344085,0,0.767689,10.9548,0,0.816268,-3.69804e-07,-0.0579949,-0.0579949,-6.27467e-11,-0.344085,0,0.767689,10.9548,0,0.816268,-3.69804e-07,0,0,-0.344085,-0.344085
edge_imp,edge,imp,100,240,50,100,0,1,0.8,1,0.3,-0.0579949,-0.0579949,3.42878e-11,-0.344085,0,0.767689,10.9548,0,0.816268,-3.69804e-07,-0.0579949,-0.0579949,-6.27467e-11,-0.344085,0,0.767689,10.9548,0,0.816268,-3.69804e-07,-0.0579949,-0.0579949,-1.33346e-10,-0.344085,0,0.767689,10.9548,0,0.816268,-3.69804e-07,-0.0579949,-0.0579949,-6.68426e-12,-0.344085,0,0.767689,10.9548,0,0.816268,-3.69804e-07,-0.0579949,-0.0579949,-6.27467e-11,-0.344085,0,0.767689,10.9548,0,0.816268,-3.69804e-07,0,0,-0.344085,-0.344085
edge_ramp2,edge,ramp2,100,240,50,100,0,1,2.7,1,2,-0.0579949,-0.0579949,-5.4093e-11,-0.344085,0,0.767689,10.9548,0,0.816268,-3.69804e-07,-0.0579949,-0.0579949,-6.2687e-11,-0.344085,0,0.767689,10.9548,0,0.816268,-3.69804e-07,-0.0579949,-0.0579949,-1.33197e-10,-0.344085,0,0.767689,10.9548,0,0.816268,-3.69804e-07,-0.0579949,-0.0579949,-4.45617e-12,-0.344085,0,0.767689,10.9548,0,0.816268,-3.69804e-07,-0.0579949,-0.0579949,-6.2687e-11,-0.344085,0,0.767689,10.9548,0,0.816268,-3.69804e-07,0,0,-0.344085,-0.344085
edge_ramp10,edge,ramp10,100,240,50,100,0,1,10.4,1,9.6,-221.464,-221.036,-221.009,-0.301837,0,0.766397,10.9579,0,0.816635,-1.77046e-07,-0.0579949,-0.0579949,-6.25654e-11,-0.344085,0,0.767689,10.9548,0,0.816268,-3.69804e-07,-0.0579949,-0.0579949,-1.26057e-10,-0.344085,0,0.767689,10.9548,0,0.816268,-3.69804e-07,-0.0579949,-0.0579949,-4.68605e-12,-0.344085,0,0.767689,10.9548,0,0.816268,-3.69804e-07,-0.0579949,-0.0579949,-6.25654e-11,-0.344085,0,0.767689,10.9548,0,0.816268,-3.69804e-07,0,0,-0.344085,-0.344085
edge_orb,edge,orb,100,240,50,100,0,1,0,1,0,-0.0579949,-0.0579949,3.42878e-11,-0.344085,0,0.767689,10.9548,0,0.816268,-3.69804e-07,-0.0579949,-0.0579949,-6.27467e-11,-0.344085,0,0.767689,10.9548,0,0.816268,-3.69804e-07,-0.0579949,-0.0579949,-1.33346e-10,-0.344085,0,0.767689,10.9548,0,0.816268,-3.69804e-07,-0.0579949,-0.0579949,-6.68426e-12,-0.344085,0,0.767689,10.9548,0,0.816268,-3.69804e-07,-0.0579949,-0.0579949,-6.27467e-11,-0.344085,0,0.767689,10.9548,0,0.816268,-3.69804e-07,0,0,-0.344085,-0.344085
