name,point,start,phi2,phi3,dt_us,T_s,t0,per_streng,t_einschw_streng,per_locker,t_einschw_locker,dF_left_ppm@eng,dF_rk4_ppm@eng,R_ppm@eng,skew@eng,lam@eng,Fmin@eng,Fmax@eng,td_per_cyc@eng,A@eng,rk4mR_N@eng,dF_left_ppm@20_100,dF_rk4_ppm@20_100,R_ppm@20_100,skew@20_100,lam@20_100,Fmin@20_100,Fmax@20_100,td_per_cyc@20_100,A@20_100,rk4mR_N@20_100,dF_left_ppm@50_100,dF_rk4_ppm@50_100,R_ppm@50_100,skew@50_100,lam@50_100,Fmin@50_100,Fmax@50_100,td_per_cyc@50_100,A@50_100,rk4mR_N@50_100,dF_left_ppm@last10,dF_rk4_ppm@last10,R_ppm@last10,skew@last10,lam@last10,Fmin@last10,Fmax@last10,td_per_cyc@last10,A@last10,rk4mR_N@last10,lam_block_min,lam_block_max,skew_block_min,skew_block_max,dF_left_ppm@orb,dF_rk4_ppm@orb,R_ppm@orb,skew@orb,lam@orb,Fmin@orb,Fmax@orb,td_per_cyc@orb,A@orb,rk4mR_N@orb
P6A_stdR,P6A,std,0,113.684,50,100,0,-1,,1,2.1,-7.42658,0.934182,0.978258,1.68755,75.5885,0,39.2255,1,5.15158,-2.81051e-07,-9.68927,-0.236007,-0.191931,1.68757,75.5901,0,39.2374,1,5.15344,-2.81051e-07,-3.92969,0.155697,0.199773,1.68757,75.5898,0,39.2374,1,5.15344,-2.81051e-07,-3.27344,0.880455,0.924531,1.68756,75.5895,0,39.2256,1,5.15158,-2.81051e-07,75.5895,75.5915,1.68756,1.68759,,,,,,,,,,
P6A_std,P6A,std,0,113.684,50,100,0,-1,,1,2.1,-37.7183,0.623667,0.667043,1.68761,75.594,0,39.226,1,5.15166,-2.76585e-07,-8.38841,-0.215223,-0.171847,1.68758,75.591,0,39.2302,1,5.1523,-2.76585e-07,-13.0514,-0.330338,-0.286962,1.68758,75.5912,0,39.2286,1,5.15206,-2.76585e-07,-12.3725,0.464237,0.507613,1.68758,75.5915,0,39.2285,1,5.15205,-2.76585e-07,75.589,75.5935,1.68756,1.68761,,,,,,,,,,
P6A_imp,P6A,imp,0,113.684,50,100,0,-1,,1,2,6.11387,-2.55716,-2.51379,1.68757,75.5905,0,39.2276,1,5.15191,-2.76585e-07,-4.17665,-0.0392888,0.0040868,1.68757,75.5907,0,39.2273,1,5.15186,-2.76585e-07,-2.36343,0.0606143,0.10399,1.68757,75.59,0,39.2273,1,5.15186,-2.76585e-07,-3.85078,0.150359,0.193735,1.68756,75.5895,0,39.2273,1,5.15186,-2.76585e-07,75.5875,75.594,1.68754,1.6876,,,,,,,,,,
P6A_ramp2,P6A,ramp2,0,113.684,50,100,0,1,2.8,1,2.1,-18.9637,-0.0433756,6.02644e-11,1.03839,18.25,0,22.1064,1,2.46686,-2.76585e-07,-18.9637,-0.0433756,-1.07408e-10,1.03839,18.25,0,22.1064,1,2.46686,-2.76585e-07,-18.9637,-0.0433756,-1.49275e-10,1.03839,18.25,0,22.1064,1,2.46686,-2.76585e-07,-18.9637,-0.0433756,-3.16883e-11,1.03839,18.25,0,22.1064,1,2.46686,-2.76585e-07,18.25,18.25,1.03839,1.03839,-18.9637,-0.0433756,-1.07408e-10,1.03839,18.25,0,22.1064,1,2.46686,-2.76585e-07
P6B_stdR,P6B,std,246.316,246.316,50,100,0,1,1.3,1,0.5,18.784,-0.0881522,-9.44284e-11,1.03843,18.2,0,22.1067,1,2.4669,-5.62103e-07,18.784,-0.0881522,-1.03624e-11,1.03843,18.2,0,22.1067,1,2.4669,-5.62103e-07,18.784,-0.0881522,-1.49826e-10,1.03843,18.2,0,22.1067,1,2.4669,-5.62103e-07,18.784,-0.0881522,4.79569e-11,1.03843,18.2,0,22.1067,1,2.4669,-5.62103e-07,18.2,18.2,1.03843,1.03843,18.784,-0.0881522,-1.03624e-11,1.03843,18.2,0,22.1067,1,2.4669,-5.62103e-07
P6B_std,P6B,std,246.316,246.316,50,100,0,1,1.3,1,0.5,18.784,-0.0867513,-3.74177e-11,1.03843,18.2,0,22.1067,1,2.4669,-5.5317e-07,18.784,-0.0867513,5.51628e-11,1.03843,18.2,0,22.1067,1,2.4669,-5.5317e-07,18.784,-0.0867513,6.08444e-11,1.03843,18.2,0,22.1067,1,2.4669,-5.5317e-07,18.784,-0.0867513,4.65422e-11,1.03843,18.2,0,22.1067,1,2.4669,-5.5317e-07,18.2,18.2,1.03843,1.03843,18.784,-0.0867513,5.51628e-11,1.03843,18.2,0,22.1067,1,2.4669,-5.5317e-07
P6B_imp,P6B,imp,246.316,246.316,50,100,0,-1,,-1,,5.99158,-10.985,-10.8982,1.68759,75.5915,0,39.2309,1,5.15241,-5.5317e-07,10.4156,-1.83194,-1.74519,1.68756,75.5897,0,39.2313,1,5.15249,-5.5317e-07,11.6597,-6.2047,-6.11794,1.68757,75.59,0,39.2295,1,5.15219,-5.5317e-07,17.7372,-12.0456,-11.9588,1.68756,75.5895,0,39.228,1,5.15197,-5.5317e-07,75.587,75.5925,1.68753,1.68762,,,,,,,,,,
P6B_ramp2,P6B,ramp2,246.316,246.316,50,100,0,1,2.9,1,2.2,18.784,-0.0867513,-3.77713e-11,1.03843,18.2,0,22.1067,1,2.4669,-5.5317e-07,18.784,-0.0867513,5.54546e-11,1.03843,18.2,0,22.1067,1,2.4669,-5.5317e-07,18.784,-0.0867513,6.06747e-11,1.03843,18.2,0,22.1067,1,2.4669,-5.5317e-07,18.784,-0.0867513,4.25105e-11,1.03843,18.2,0,22.1067,1,2.4669,-5.5317e-07,18.2,18.2,1.03843,1.03843,18.784,-0.0867513,5.54546e-11,1.03843,18.2,0,22.1067,1,2.4669,-5.5317e-07
P13A_stdR,P13A,std,113.684,113.684,50,100,0,-1,,1,1.9,4.20691,-0.349331,-0.261178,1.69065,75.6945,0,39.3102,1,5.16485,-5.62103e-07,6.96396,-0.280987,-0.192835,1.69066,75.6966,0,39.3127,1,5.16525,-5.62103e-07,3.24897,-0.302893,-0.21474,1.69065,75.6965,0,39.31,1,5.16483,-5.62103e-07,-2.14685,-2.10101,-2.01286,1.69065,75.6955,0,39.3079,1,5.16449,-5.62103e-07,75.695,75.6985,1.69062,1.6907,,,,,,,,,,
P13A_std,P13A,std,113.684,113.684,50,100,0,-1,,1,1.9,4.25947,-0.157104,-0.070353,1.69066,75.697,0,39.3102,1,5.16486,-5.5317e-07,3.61336,-0.345433,-0.258681,1.69066,75.6971,0,39.3204,1,5.16645,-5.5317e-07,7.38218,0.205291,0.292043,1.69066,75.6973,0,39.3204,1,5.16645,-5.5317e-07,0.624095,0.290124,0.376875,1.69068,75.6995,0,39.3078,1,5.16447,-5.5317e-07,75.696,75.6995,1.69064,1.69068,,,,,,,,,,
P13A_imp,P13A,imp,113.684,113.684,50,100,0,-1,,1,1.8,-11.0069,-2.08968,-2.00293,1.69067,75.697,0,39.308,1,5.1645,-5.5317e-07,16.0118,0.475674,0.562425,1.69066,75.6968,0,39.3185,1,5.16616,-5.5317e-07,19.4445,0.789981,0.876733,1.69066,75.6964,0,39.3185,1,5.16616,-5.5317e-07,37.9513,2.30254,2.38929,1.69066,75.696,0,39.3185,1,5.16616,-5.5317e-07,75.695,75.698,1.69063,1.69069,,,,,,,,,,
P13A_ramp2,P13A,ramp2,113.684,113.684,50,100,0,-1,,1,4,63.4831,1.4335,1.52026,1.69064,75.698,0,39.3108,1,5.16494,-5.5317e-07,8.88787,-0.303518,-0.216767,1.69066,75.6976,0,39.3158,1,5.16574,-5.5317e-07,2.043,-0.635998,-0.549247,1.69066,75.6975,0,39.3158,1,5.16574,-5.5317e-07,1.7977,-2.406,-2.31925,1.69066,75.696,0,39.3089,1,5.16465,-5.5317e-07,75.696,75.6985,1.69063,1.69069,,,,,,,,,,
P13B_stdR,P13B,std,246.316,0,50,100,0,-1,,-1,,-15.1193,-11.4508,-11.4067,0.635996,43.6995,0,21.7798,1,2.41563,-2.81051e-07,3.524,2.27135,2.31542,0.635541,43.6896,0,21.8145,1,2.42108,-2.81051e-07,2.71139,3.0405,3.08457,0.635986,43.7062,0,21.8145,1,2.42108,-2.81051e-07,0.758746,-3.80914,-3.76507,0.63466,43.66,0,21.8145,1,2.42108,-2.81051e-07,43.616,43.746,0.633437,0.637062,,,,,,,,,,
P13B_std,P13B,std,246.316,0,50,100,0,-1,,-1,,0.435892,-5.85269,-5.80931,0.63685,43.7465,0,21.7741,1,2.41475,-2.76585e-07,0.535491,1.41271,1.45608,0.63584,43.7017,0,21.8087,1,2.42016,-2.76585e-07,-4.04874,-3.50762,-3.46424,0.636394,43.7253,0,21.8087,1,2.42016,-2.76585e-07,-6.742,-1.60494,-1.56157,0.640154,43.8705,0,21.6667,1,2.39789,-2.76585e-07,43.5725,43.8705,0.632242,0.640154,,,,,,,,,,
P13B_imp,P13B,imp,246.316,0,50,100,0,-1,,1,2.4,80.0292,0.506056,0.549432,1.6906,75.6965,0,39.313,1,5.1653,-2.76585e-07,12.4212,0.234462,0.277838,1.69065,75.6968,0,39.3182,1,5.16611,-2.76585e-07,15.2116,0.226405,0.26978,1.69065,75.6969,0,39.3148,1,5.16557,-2.76585e-07,22.7421,0.71971,0.763086,1.69064,75.6965,0,39.3113,1,5.16503,-2.76585e-07,75.6955,75.6985,1.69064,1.69067,,,,,,,,,,
P13B_ramp2,P13B,ramp2,246.316,0,50,100,0,-1,,1,4.1,35.6974,0.400528,0.443904,1.69062,75.6955,0,39.3087,1,5.16461,-2.76585e-07,14.9873,-0.247193,-0.203818,1.69066,75.6976,0,39.3177,1,5.16603,-2.76585e-07,7.99436,0.0153395,0.0587152,1.69066,75.6974,0,39.3177,1,5.16603,-2.76585e-07,26.3366,-0.351914,-0.308539,1.69064,75.6975,0,39.3131,1,5.16531,-2.76585e-07,75.697,75.698,1.69063,1.69067,,,,,,,,,,
P49A_stdR,P49A,std,56.842,132.632,50,100,0,-1,,1,2.5,22.0868,0.401664,0.338884,1.68865,75.631,0,39.2541,1,5.15607,4.00313e-07,5.53141,-0.438366,-0.501145,1.68867,75.6317,0,39.2526,1,5.15582,4.00313e-07,3.34353,-0.135402,-0.198181,1.68868,75.6322,0,39.2526,1,5.15582,4.00313e-07,-14.2417,-1.32325,-1.38603,1.6887,75.6345,0,39.2526,1,5.15582,4.00313e-07,75.6285,75.6345,1.68865,1.6887,,,,,,,,,,
P49A_std,P49A,std,56.8421,132.632,50,100,0,-1,,1,2.5,6.92775,-1.74225,-1.80514,1.68867,75.6335,0,39.2487,1,5.15522,4.01048e-07,12.4632,0.00948915,-0.0534056,1.68867,75.6321,0,39.2588,1,5.15679,4.01048e-07,20.0335,0.112233,0.0493387,1.68867,75.6315,0,39.2588,1,5.15679,4.01048e-07,30.8397,0.572586,0.509691,1.68865,75.6295,0,39.2588,1,5.15679,4.01048e-07,75.6295,75.636,1.68865,1.6887,,,,,,,,,,
P49A_imp,P49A,imp,56.8421,132.632,50,100,0,-1,,1,2.5,0.0943048,0.0917497,0.0288549,1.68866,75.631,0,39.2548,1,5.15616,4.01048e-07,9.2386,-0.232683,-0.295577,1.68867,75.6322,0,39.2534,1,5.15595,4.01048e-07,10.2451,-0.564353,-0.627248,1.68867,75.6316,0,39.2534,1,5.15595,4.01048e-07,26.6238,-3.69636,-3.75926,1.68868,75.6335,0,39.2493,1,5.1553,4.01048e-07,75.6295,75.6375,1.68865,1.68871,,,,,,,,,,
P49A_ramp2,P49A,ramp2,56.8421,132.632,50,100,0,1,2.8,1,2.1,-18.228,0.0628947,6.27754e-11,0.737601,19.05,0,18.4076,1,1.88679,4.01048e-07,-18.228,0.0628947,-8.64886e-11,0.737601,19.05,0,18.4076,1,1.88679,4.01048e-07,-18.228,0.0628947,-1.83835e-10,0.737601,19.05,0,18.4076,1,1.88679,4.01048e-07,-18.228,0.0628947,-5.08569e-11,0.737601,19.05,0,18.4076,1,1.88679,4.01048e-07,19.05,19.05,0.737601,0.737601,-18.228,0.0628947,-8.64886e-11,0.737601,19.05,0,18.4076,1,1.88679,4.01048e-07
P49B_stdR,P49B,std,303.158,75.789,50,100,0,1,1.4,1,0.6,18.4341,0.0469396,-3.67811e-11,0.737684,19,0,18.4084,1,1.88692,2.99311e-07,18.4341,0.0469396,3.18298e-11,0.737684,19,0,18.4084,1,1.88692,2.99311e-07,18.4341,0.0469396,2.4898e-11,0.737684,19,0,18.4084,1,1.88692,2.99311e-07,18.4341,0.0469396,-2.65956e-11,0.737684,19,0,18.4084,1,1.88692,2.99311e-07,19,19,0.737684,0.737684,18.4341,0.0469396,3.18298e-11,0.737684,19,0,18.4084,1,1.88692,2.99311e-07
P49B_std,P49B,std,303.158,75.7895,50,100,0,1,1.4,1,0.6,18.4347,0.0477133,-2.68785e-11,0.737693,19,0,18.4085,1,1.88692,3.04244e-07,18.4347,0.0477133,-4.60471e-11,0.737693,19,0,18.4085,1,1.88692,3.04244e-07,18.4347,0.0477133,-1.38071e-11,0.737693,19,0,18.4085,1,1.88692,3.04244e-07,18.4347,0.0477133,-2.97078e-11,0.737693,19,0,18.4085,1,1.88692,3.04244e-07,19,19,0.737693,0.737693,18.4347,0.0477133,-4.60471e-11,0.737693,19,0,18.4085,1,1.88692,3.04244e-07
P49B_imp,P49B,imp,303.158,75.7895,50,100,0,-1,,1,2.5,19.3369,2.09216,2.04445,1.68868,75.6305,0,39.2543,1,5.15609,3.04244e-07,-9.0215,0.177474,0.12976,1.6887,75.6339,0,39.2555,1,5.15628,3.04244e-07,-13.1244,0.714319,0.666606,1.6887,75.6342,0,39.2555,1,5.15628,3.04244e-07,-1.5825,2.77178,2.72407,1.6887,75.633,0,39.2555,1,5.15628,3.04244e-07,75.631,75.6385,1.68868,1.68871,,,,,,,,,,
P49B_ramp2,P49B,ramp2,303.158,75.7895,50,100,0,1,3,1,2.1,18.4347,0.0477133,1.78247e-11,0.737693,19,0,18.4085,1,1.88692,3.04244e-07,18.4347,0.0477133,-4.6613e-11,0.737693,19,0,18.4085,1,1.88692,3.04244e-07,18.4347,0.0477133,-1.49388e-11,0.737693,19,0,18.4085,1,1.88692,3.04244e-07,18.4347,0.0477133,-2.99907e-11,0.737693,19,0,18.4085,1,1.88692,3.04244e-07,19,19,0.737693,0.737693,18.4347,0.0477133,-4.6613e-11,0.737693,19,0,18.4085,1,1.88692,3.04244e-07
P45A_stdR,P45A,std,227.368,322.105,50,100,0,-1,,-1,,-162.91,-137.424,-137.379,1.68721,75.6365,0,39.3335,1,5.16851,-2.84056e-07,9.35567,-0.251728,-0.207181,1.68695,75.6291,0,39.2233,1,5.15123,-2.84056e-07,10.0951,0.0197982,0.0643455,1.68695,75.629,0,39.2233,1,5.15123,-2.84056e-07,58.6261,-4.9826,-4.93805,1.68694,75.6275,0,39.2233,1,5.15123,-2.84056e-07,75.6275,75.631,1.68693,1.68697,,,,,,,,,,
P45A_std,P45A,std,227.368,322.105,50,100,0,30,22.4,30,20.7,-64.6163,-66.197,-66.1515,0.939895,35.7055,0,25.3259,0.76,2.97175,-2.90414e-07,-57.668,-74.7024,-74.6569,0.93724,35.1675,0,25.3182,0.70125,2.97054,-2.90414e-07,-106.275,-123.744,-123.699,0.937303,35.1931,0,25.313,0.702,2.96974,-2.90414e-07,-530.885,-544.47,-544.424,0.936875,35.2295,0,25.313,0.7,2.96974,-2.90414e-07,34.7345,35.4105,0.93429,0.940189,16.7934,-0.0449196,0.000624829,0.936805,35.1167,0,25.313,0.7,2.96974,-2.90414e-07
P45A_imp,P45A,imp,227.368,322.105,50,100,0,-1,,-1,,7.84181,3.48458,3.53012,1.68694,75.6275,0,39.2172,1,5.15027,-2.90414e-07,-1.16658,-0.624324,-0.578779,1.68695,75.6291,0,39.2192,1,5.15059,-2.90414e-07,5.5668,1.18623,1.23177,1.68695,75.6286,0,39.2192,1,5.15059,-2.90414e-07,31.0624,-4.05,-4.00446,1.68693,75.6245,0,39.2174,1,5.1503,-2.90414e-07,75.6245,75.632,1.68692,1.68698,,,,,,,,,,
P45A_ramp2,P45A,ramp2,227.368,322.105,50,100,0,30,10.9,30,9.2,-457.634,-470.338,-470.292,0.937728,35.469,0,25.3251,0.73,2.97163,-2.90414e-07,27.7386,10.9163,10.9618,0.936471,35.0977,0,25.313,0.7,2.96974,-2.90414e-07,34.3061,17.4934,17.5389,0.93627,35.0864,0,25.313,0.7,2.96974,-2.90414e-07,585.067,569.107,569.152,0.933688,34.8445,0,25.313,0.7,2.96974,-2.90414e-07,34.8445,35.268,0.933688,0.939449,16.7928,-0.0455444,1.64789e-10,0.936805,35.1167,0,25.313,0.7,2.96974,-2.90414e-07
P45B_stdR,P45B,std,265.263,37.895,50,100,0,-1,,33,12.8,-862.082,-856.223,-856.152,0.93702,35.4195,0,25.3258,0.73,2.97174,-4.51623e-07,-152.591,-157.356,-157.285,0.937314,35.4218,0,25.3259,0.75625,2.97176,-4.51623e-07,-243.422,-247.926,-247.856,0.937299,35.4114,0,25.3259,0.756,2.97176,-4.51623e-07,-580.948,-580.028,-579.958,0.937086,35.0935,0,25.3259,0.75,2.97176,-4.51623e-07,35.0905,35.6505,0.936949,0.937692,,,,,,,,,,
P45B_std,P45B,std,265.263,37.8947,50,100,0,3,9.2,3,6,1251.51,1299.29,1299.36,0.936127,35.0635,0,25.3136,0.7,2.96983,-4.56365e-07,12.9835,67.2576,67.3292,0.935126,34.7434,0,25.1251,0.6675,2.94027,-4.56365e-07,53.5517,107.655,107.727,0.935148,34.7694,0,25.1251,0.668,2.94027,-4.56365e-07,-784.356,-730.107,-730.035,0.935291,34.909,0,25.1251,0.67,2.94027,-4.56365e-07,34.353,34.909,0.934772,0.935291,-54.6302,-0.0715698,-8.1887e-10,0.935089,34.7,0,25.1251,0.666667,2.94027,-4.56365e-07
P45B_imp,P45B,imp,265.263,37.8947,50,100,0,-1,,1,2.2,-16.4301,1.12654,1.19811,1.68696,75.629,0,39.2123,1,5.1495,-4.56365e-07,9.07648,-0.184017,-0.112447,1.68694,75.6266,0,39.2245,1,5.15142,-4.56365e-07,9.18656,-0.407752,-0.336182,1.68694,75.6263,0,39.2222,1,5.15106,-4.56365e-07,26.2242,0.0268984,0.0984682,1.68692,75.623,0,39.213,1,5.14962,-4.56365e-07,75.623,75.6305,1.68692,1.68697,,,,,,,,,,
P45B_ramp2,P45B,ramp2,265.263,37.8947,50,100,0,3,21.3,3,18.1,166.812,166.507,166.579,0.930555,36.3665,0,25.8456,0.78,3.05325,-4.56365e-07,36.5733,91.1706,91.2422,0.935064,34.6739,0,25.1251,0.66625,2.94027,-4.56365e-07,91.3149,145.935,146.007,0.935049,34.6582,0,25.1251,0.666,2.94027,-4.56365e-07,1216,1268.6,1268.67,0.935168,34.838,0,25.1251,0.67,2.94027,-4.56365e-07,34.353,34.909,0.934772,0.935291,-54.629,-0.0703923,0.0011775,0.935089,34.7,0,25.1251,0.666667,2.94027,-4.56365e-07
P11A_stdR,P11A,std,0,208.421,50,100,0,-1,,1,7.4,-6838.72,-6763.31,-6763.34,1.66964,74.2845,0,44.5269,0.99,5.98297,1.80049e-07,-82.0498,-0.0142746,-0.0425109,1.65803,75.0924,0,38.4948,1,5.03698,1.80049e-07,-86.1634,-0.050062,-0.0782983,1.65804,75.0924,0,38.4948,1,5.03698,1.80049e-07,-138.297,-0.239009,-0.267245,1.65805,75.093,0,38.4902,1,5.03625,1.80049e-07,75.089,75.0945,1.658,1.65807,,,,,,,,,,
P11A_std,P11A,std,0,208.421,50,100,0,-1,,1,16.6,-5251.45,-5245.25,-5245.28,0.999145,44.679,0,44.8524,0.99,6.03402,1.79781e-07,-68.5791,-0.132221,-0.160415,1.65803,75.0918,0,38.4946,1,5.03696,1.7978e-07,-51.2339,-0.276264,-0.304458,1.65803,75.0914,0,38.4946,1,5.03696,1.7978e-07,-67.8194,-0.935715,-0.963909,1.65803,75.0915,0,38.4906,1,5.03632,1.7978e-07,75.089,75.094,1.658,1.65806,,,,,,,,,,
P11A_imp,P11A,imp,0,208.421,50,100,0,-1,,1,4.6,-42.9827,-1.21154,-1.23974,1.65802,75.092,0,38.4903,1,5.03628,1.7978e-07,-78.4066,-0.0101727,-0.0383669,1.65803,75.0919,0,38.495,1,5.03701,1.7978e-07,-75.7367,-0.47257,-0.500764,1.65804,75.0917,0,38.495,1,5.03701,1.7978e-07,-82.9921,0.623778,0.595584,1.65803,75.09,0,38.495,1,5.03701,1.7978e-07,75.09,75.0935,1.65802,1.65805,,,,,,,,,,
P11A_ramp2,P11A,ramp2,0,208.421,50,100,0,-1,,1,8.3,-6438.18,-6432.93,-6432.95,1.67725,71.4855,0,45.6081,0.99,6.15252,1.7978e-07,-86.2153,0.0109442,-0.01725,1.65804,75.0931,0,38.4954,1,5.03708,1.7978e-07,-76.2452,-0.173618,-0.201812,1.65804,75.0924,0,38.4954,1,5.03708,1.7978e-07,-75.866,-0.611842,-0.640036,1.65805,75.094,0,38.4899,1,5.03622,1.7978e-07,75.089,75.0955,1.658,1.65807,,,,,,,,,,
P11B_stdR,P11B,std,151.579,151.579,50,100,0,-1,,1,5.3,51.3026,25.9719,25.9154,1.65798,75.087,0,38.5914,1,5.05213,3.60097e-07,6.55163,0.117265,0.0607926,1.65799,75.0878,0,38.4955,1,5.03709,3.60097e-07,16.6174,-0.299037,-0.355509,1.65798,75.0877,0,38.4955,1,5.03709,3.60097e-07,-0.26438,-0.515876,-0.572349,1.658,75.09,0,38.4927,1,5.03664,3.60097e-07,75.086,75.09,1.65796,1.658,,,,,,,,,,
P11B_std,P11B,std,151.579,151.579,50,100,0,-1,,1,4.7,28.2738,-1.13184,-1.18823,1.65796,75.0845,0,38.4927,1,5.03665,3.59561e-07,-7.87123,-0.145094,-0.201482,1.65799,75.0869,0,38.4987,1,5.0376,3.59561e-07,-5.78824,-0.0629984,-0.119387,1.65798,75.0863,0,38.4987,1,5.0376,3.59561e-07,16.7519,-0.118117,-0.174505,1.65795,75.083,0,38.494,1,5.03686,3.59561e-07,75.083,75.09,1.65795,1.65802,,,,,,,,,,
P11B_imp,P11B,imp,151.579,151.579,50,100,0,-1,,1,1.8,20.0729,-1.05679,-1.11318,1.65796,75.0865,0,38.494,1,5.03685,3.59561e-07,-0.354643,0.263098,0.20671,1.65798,75.0875,0,38.4959,1,5.03715,3.59561e-07,-2.79077,-0.0222685,-0.0786569,1.65799,75.0875,0,38.4957,1,5.03712,3.59561e-07,14.8999,2.07922,2.02283,1.65798,75.0885,0,38.4925,1,5.03662,3.59561e-07,75.0825,75.0905,1.65796,1.65801,,,,,,,,,,
P11B_ramp2,P11B,ramp2,151.579,151.579,50,100,0,-1,,1,7.6,1720.21,1717.5,1717.45,1.66565,72.7885,0,45.326,0.99,6.10828,3.59561e-07,13.6914,-0.0805319,-0.13692,1.65797,75.0859,0,38.4951,1,5.03703,3.59561e-07,1.97933,0.140609,0.084221,1.65798,75.087,0,38.4951,1,5.03703,3.59561e-07,-12.293,0.0978436,0.0414552,1.658,75.089,0,38.493,1,5.03669,3.59561e-07,75.083,75.09,1.65796,1.65801,,,,,,,,,,
P33A_stdR,P33A,std,18.947,303.158,50,100,0,-1,,-1,,951.585,927.527,927.474,1.97881,71.9435,0,50.5514,0.99,6.92777,3.34442e-07,456.249,463.994,463.942,1.97512,71.8511,0,50.5554,1,6.92839,3.34442e-07,732.784,735.22,735.167,1.97479,71.8473,0,50.5554,1,6.92839,3.34442e-07,2701.71,2737.85,2737.8,1.96789,71.7215,0,50.5538,1.01,6.92814,3.34442e-07,71.7195,71.9465,1.96784,1.98046,,,,,,,,,,
P33A_std,P33A,std,18.9474,303.158,50,100,0,-1,,-1,,984.364,974.255,974.203,1.97877,71.9455,0,50.554,0.99,6.92817,3.31902e-07,458.34,461.326,461.274,1.97522,71.8521,0,50.5537,1,6.92812,3.31902e-07,743.107,742.121,742.069,1.97484,71.8487,0,50.5537,1,6.92812,3.31902e-07,2720.74,2738.32,2738.26,1.96804,71.723,0,50.5504,1.01,6.9276,3.31902e-07,71.7215,71.944,1.96799,1.98046,,,,,,,,,,
P33A_imp,P33A,imp,18.9474,303.158,50,100,0,-1,,2,4.2,80.5759,6.60037,6.54832,1.71837,76.1935,0,40.0354,1,5.27859,3.31902e-07,13.0218,-0.0392375,-0.0912883,1.71842,76.1942,0,40.0207,1,5.27629,3.31902e-07,15.4248,-0.101138,-0.153189,1.71842,76.1948,0,40.0182,1,5.27589,3.31902e-07,26.9923,-0.217005,-0.269056,1.7184,76.194,0,40.0133,1,5.27512,3.31902e-07,76.1915,76.1985,1.71839,1.71848,,,,,,,,,,
P33A_ramp2,P33A,ramp2,18.9474,303.158,50,100,0,-1,,2,4.2,-0.258112,4.64202,4.58997,1.71843,76.194,0,40.0158,1,5.27551,3.31902e-07,-2.39869,0.549859,0.497808,1.71843,76.1958,0,40.0237,1,5.27674,3.31902e-07,-2.07915,0.614327,0.562277,1.71843,76.1959,0,40.0232,1,5.27668,3.31902e-07,10.8739,1.63809,1.58604,1.71843,76.1945,0,40.0232,1,5.27668,3.31902e-07,76.194,76.198,1.71842,1.71845,,,,,,,,,,
P33B_stdR,P33B,std,56.842,75.789,50,100,0,-1,,2,2.2,-27.4265,0.181789,0.13485,1.71843,76.194,0,40.0216,1,5.27642,2.99311e-07,-2.02106,0.235224,0.188284,1.71842,76.1943,0,40.0358,1,5.27865,2.99311e-07,4.59873,-0.00883734,-0.055777,1.71841,76.1942,0,40.0358,1,5.27865,2.99311e-07,-11.2398,-1.89333,-1.94027,1.71843,76.1945,0,40.0163,1,5.27559,2.99311e-07,76.1915,76.1965,1.71839,1.71845,,,,,,,,,,
P33B_std,P33B,std,56.8421,75.7895,50,100,0,-1,,2,2.3,-23.9368,-5.71257,-5.76028,1.71844,76.196,0,40.0214,1,5.27639,3.04244e-07,-12.8252,0.286962,0.239248,1.71844,76.195,0,40.0299,1,5.27772,3.04244e-07,-14.7049,0.833077,0.785363,1.71844,76.1953,0,40.0299,1,5.27772,3.04244e-07,-17.7882,0.397675,0.349962,1.71843,76.194,0,40.0299,1,5.27772,3.04244e-07,76.194,76.197,1.71843,1.71845,,,,,,,,,,
P33B_imp,P33B,imp,56.8421,75.7895,50,100,0,-1,,-1,,537.946,555.413,555.365,1.97131,71.837,0,50.5529,1,6.928,3.04244e-07,-401.256,-396.28,-396.328,1.97584,71.8542,0,50.5548,1,6.92829,3.04244e-07,-636.183,-633.73,-633.777,1.97588,71.8528,0,50.5548,1,6.92829,3.04244e-07,-3721.41,-3720.97,-3721.01,1.98133,71.8495,0,50.5548,1,6.92829,3.04244e-07,71.837,71.8905,1.97111,1.98143,,,,,,,,,,
P33B_ramp2,P33B,ramp2,56.8421,75.7895,50,100,0,-1,,2,4,-21.3399,-2.89285,-2.94057,1.71845,76.196,0,40.0196,1,5.2761,3.04244e-07,-1.4279,0.776158,0.728445,1.71843,76.1942,0,40.0334,1,5.27827,3.04244e-07,-1.14534,0.536401,0.488688,1.71843,76.1948,0,40.0334,1,5.27827,3.04244e-07,-9.68491,3.87268,3.82497,1.71843,76.1935,0,40.0314,1,5.27796,3.04244e-07,76.1925,76.196,1.71841,1.71845,,,,,,,,,,
