phi2,phi3,w1000,w12,w1000_dt25,stoer1_rho1p2
0.0,0.0,0.0006916354405221936,1.3592736045026207e-06,0.000691634623049059,1.3601486769230667e-06
0.0,27.692,0.0005854332364238239,1.1358699543374976e-06,0.0005854324669627332,1.1365837675948748e-06
0.0,55.385,0.00035653002221780114,6.696127915881283e-07,0.00035652952231786644,6.700043182283873e-07
0.0,83.077,0.0001523065326483872,2.727572252449813e-07,0.00015230662524632618,2.7289940468909987e-07
0.0,110.769,7.44046348460104e-05,1.2482241329312332e-07,7.440461658876579e-05,1.248760558035099e-07
0.0,138.462,0.00013330206329149156,2.0578097423076515e-07,0.0001333017639037432,2.0584548013702907e-07
0.0,166.154,0.00021494373554665632,3.2323273383687314e-07,0.00021494334812813186,3.233219145567095e-07
0.0,193.846,0.00021422086655853984,3.223805254560537e-07,0.00021422047901128302,3.224697561410466e-07
0.0,221.538,0.0001314596434035771,2.0366768933279163e-07,0.00013145934399567548,2.0373233649330668e-07
0.0,249.231,7.245763790988869e-05,1.2189898509651466e-07,7.245761891291908e-05,1.2195163118236753e-07
0.0,276.923,0.0001508689086457835,2.7018234383575823e-07,0.0001508689997871638,2.703229795214532e-07
0.0,304.615,0.00035602245878630474,6.689795695581371e-07,0.0003560219586656383,6.693709945592599e-07
0.0,332.308,0.0005855211617731092,1.1365116916679134e-06,0.0005855203930164682,1.1372264935120807e-06
27.692,0.0,0.0005854332364238238,1.1358699543374976e-06,0.0005854324669627331,1.1365837675948748e-06
27.692,27.692,0.0005851382818298967,1.1352439512126047e-06,0.0005851375119333463,1.1359572015939347e-06
27.692,55.385,0.0004191060886905867,7.941899926039529e-07,0.00041910549608741243,7.946638574627594e-07
27.692,83.077,0.00020251393180032982,3.685493821790255e-07,0.00020251391320686937,3.687493323271121e-07
27.692,110.769,5.830813289882758e-05,1.0112585517254042e-07,5.830812304302269e-05,1.0117393329137706e-07
27.692,138.462,4.467536204367223e-05,7.138184482483777e-08,4.467519164100458e-05,7.140747322400447e-08
27.692,166.154,0.00013327675071789105,1.9849618004451317e-07,0.00013327647792605975,1.9854893989433678e-07
27.692,193.846,0.00017964340761929897,2.648303050620597e-07,0.00017964303479010057,2.648966080997007e-07
27.692,221.538,0.0001321063478693834,1.9718982060529127e-07,0.00013210597789164243,1.9724245276359352e-07
27.692,249.231,4.309177821930686e-05,6.93154758484359e-08,4.309171882728645e-05,6.934100669128579e-08
27.692,276.923,5.712904799474015e-05,9.920864241736234e-08,5.712914727810934e-05,9.925606114546206e-08
27.692,304.615,0.00020222283109002598,3.682913072392681e-07,0.00020222242168810322,3.6849040824876525e-07
27.692,332.308,0.00041944606085780867,7.952518050158485e-07,0.0004194453675827137,7.957266648691494e-07
55.385,0.0,0.0003565300222178013,6.696127915881283e-07,0.0003565295223178665,6.700043182283876e-07
55.385,27.692,0.0004191060886905869,7.94189992603953e-07,0.00041910549608741243,7.946638574627594e-07
55.385,55.385,0.0003557395300523458,6.680981848418431e-07,0.00035573902934625675,6.684885900664448e-07
55.385,83.077,0.00020193433200473647,3.674661810159617e-07,0.00020193428014781025,3.676653334088836e-07
55.385,110.769,4.176021512190748e-05,7.370273553340149e-08,4.176023677575629e-05,7.373957012394898e-08
55.385,138.462,-4.6858259711577274e-05,-7.363948760952062e-08,-4.6858330412649976e-05,-7.36645876848395e-08
55.385,166.154,-2.1966410411161977e-05,-3.2014286049988215e-08,-2.1966406844419817e-05,-3.202183606261652e-08
55.385,193.846,5.785398837525869e-05,8.237842144709314e-08,5.785382983120921e-05,8.239555944224527e-08
55.385,221.538,5.743177017913155e-05,8.189369797249748e-08,5.743153434171662e-05,8.191063750169852e-08
55.385,249.231,-2.2901787087489412e-05,-3.313422287456289e-08,-2.2901729463372214e-05,-3.314180443128756e-08
55.385,276.923,-4.7492582252688655e-05,-7.460221441969828e-08,-4.749233414906236e-05,-7.46270245010956e-08
55.385,304.615,4.1960988372323795e-05,7.421405578874773e-08,4.1960838129888766e-05,7.425088456330466e-08
55.385,332.308,0.00020275934727051386,3.692433548742568e-07,0.0002027589386106431,3.6944303966236454e-07
83.077,0.0,0.0001523065326483872,2.7275722524498147e-07,0.00015230662524632623,2.7289940468909987e-07
83.077,27.692,0.00020251393180032977,3.6854938217902564e-07,0.0002025139132068694,3.687493323271121e-07
83.077,55.385,0.00020193433200473647,3.674661810159616e-07,0.00020193428014781025,3.676653334088836e-07
83.077,83.077,0.00015083414502680556,2.700608456932599e-07,0.00015083423708588692,2.702013305546335e-07
83.077,110.769,5.6952700879219374e-05,9.876004621299853e-08,5.695279394806391e-05,9.880710944419516e-08
83.077,138.462,-4.760335855935652e-05,-7.484978237427714e-08,-4.7603283507741864e-05,-7.48750751474926e-08
83.077,166.154,-0.00010222347762313761,-1.5149833384740592e-07,-0.00010222323689524348,-1.5153738429785517e-07
83.077,193.846,-5.8294356995586285e-05,-8.028555657455408e-08,-5.829420993310931e-05,-8.029866050581972e-08
83.077,221.538,-1.4629012184124706e-05,-1.966559908171202e-08,-1.4628954118425432e-05,-1.9668181699572587e-08
83.077,249.231,-5.858441910582015e-05,-8.060549344274645e-08,-5.85840990741358e-05,-8.061834951464508e-08
83.077,276.923,-0.00010224731279374548,-1.5153786608731044e-07,-0.00010224675528029201,-1.5157644024248098e-07
83.077,304.615,-4.6730129151755684e-05,-7.33573342550207e-08,-4.6729880308816896e-05,-7.33816206421744e-08
83.077,332.308,5.849302945297054e-05,1.0158320342732231e-07,5.8493130362001234e-05,1.0163189075796322e-07
110.769,0.0,7.440463484601038e-05,1.2482241329312337e-07,7.440461658876579e-05,1.2487605580350985e-07
110.769,27.692,5.830813289882768e-05,1.0112585517254042e-07,5.8308123043022655e-05,1.0117393329137706e-07
110.769,55.385,4.176021512190745e-05,7.370273553340146e-08,4.1760236775756255e-05,7.373957012394903e-08
110.769,83.077,5.695270087921935e-05,9.876004621299853e-08,5.695279394806391e-05,9.880710944419516e-08
110.769,110.769,7.203179197998905e-05,1.2089756898568493e-07,7.20317731088478e-05,1.209493966093893e-07
110.769,138.462,4.2437803394915224e-05,6.794551470586594e-08,4.2437662259689905e-05,6.797000588052141e-08
110.769,166.154,-2.3381881512239203e-05,-3.401105281514106e-08,-2.3381854609722652e-05,-3.401900571730445e-08
110.769,193.846,-5.8768376145502146e-05,-8.089749692181608e-08,-5.8768276434629694e-05,-8.091075512986581e-08
110.769,221.538,-2.4509405537540806e-05,-3.1867147092420156e-08,-2.4509405218191906e-05,-3.187017924988312e-08
110.769,249.231,-2.4454122097940177e-05,-3.1789212855260875e-08,-2.4453985815175495e-05,-3.179203400829597e-08
110.769,276.923,-5.8338858829806015e-05,-8.03544850795827e-08,-5.833853904806837e-05,-8.036740130183948e-08
110.769,304.615,-2.1811638870673837e-05,-3.17300017485829e-08,-2.1811581068022744e-05,-3.173744370517084e-08
110.769,332.308,4.487836507823272e-05,7.180700382825932e-08,4.487830646620015e-05,7.183309730245489e-08
138.462,0.0,0.00013330206329149156,2.057809742307651e-07,0.00013330176390374324,2.0584548013702894e-07
138.462,27.692,4.467536204367223e-05,7.13818448248378e-08,4.4675191641004574e-05,7.140747322400469e-08
138.462,55.385,-4.6858259711577274e-05,-7.363948760952066e-08,-4.685833041264996e-05,-7.366458768483947e-08
138.462,83.077,-4.760335855935649e-05,-7.484978237427714e-08,-4.760328350774187e-05,-7.48750751474926e-08
138.462,110.769,4.243780339491521e-05,6.794551470586592e-08,4.243766225968989e-05,6.797000588052138e-08
138.462,138.462,0.00013008684798506537,2.0094240400158857e-07,0.00013008654468981304,2.0100539268061044e-07
138.462,166.154,0.00013061834453585077,1.9444547904054213e-07,0.00013061806981818643,1.9449696923062512e-07
138.462,193.846,5.629628724274053e-05,7.998960351273363e-08,5.629608282226516e-05,8.000592964525242e-08
138.462,221.538,-1.531086512232783e-05,-2.0696089407152218e-08,-1.5310993244283337e-05,-2.0699265563045015e-08
138.462,249.231,-2.4855795510623166e-05,-3.235349940274378e-08,-2.4855795717098764e-05,-3.235662464268622e-08
138.462,276.923,-1.4839039697726028e-05,-1.998233773235163e-08,-1.4838982268673786e-05,-1.998500901394239e-08
138.462,304.615,5.803412691450279e-05,8.268199922380124e-08,5.80338910353412e-05,8.269902839457938e-08
138.462,332.308,0.00013354454178018564,1.9899093916828295e-07,0.00013354417221791027,1.990436725907348e-07
166.154,0.0,0.00021494373554665632,3.2323273383687314e-07,0.00021494334812813186,3.233219145567095e-07
166.154,27.692,0.00013327675071789105,1.984961800445132e-07,0.00013327647792605975,1.9854893989433678e-07
166.154,55.385,-2.1966410411161967e-05,-3.201428604998821e-08,-2.196640684441981e-05,-3.202183606261655e-08
166.154,83.077,-0.00010222347762313761,-1.5149833384740595e-07,-0.00010222323689524348,-1.5153738429785517e-07
166.154,110.769,-2.3381881512239186e-05,-3.401105281514103e-08,-2.338185460972266e-05,-3.4019005717304405e-08
166.154,138.462,0.00013061834453585077,1.9444547904054205e-07,0.00013061806981818643,1.9449696923062507e-07
166.154,166.154,0.00021179032250462734,3.1780195364673405e-07,0.00021178993153564966,3.1788873084875316e-07
166.154,193.846,0.0001770579100352117,2.6016354930987825e-07,0.00017705757255236177,2.602276891467921e-07
166.154,221.538,5.5697475331014104e-05,7.876713605794708e-08,5.569727022572235e-05,7.878274540214463e-08
166.154,249.231,-5.9763431210799446e-05,-8.260432729554712e-08,-5.9763332272973665e-05,-8.261829095066598e-08
166.154,276.923,-5.9404290283356084e-05,-8.189967303871693e-08,-5.940414383666347e-05,-8.191316565110457e-08
166.154,304.615,5.738604409621653e-05,8.181861704441184e-08,5.7385885541242386e-05,8.183576125786789e-08
166.154,332.308,0.00017988650809000958,2.652706394400477e-07,0.0001798861356711491,2.653371586789884e-07
193.846,0.0,0.00021422086655853984,3.223805254560537e-07,0.00021422047901128302,3.224697561410464e-07
193.846,27.692,0.00017964340761929897,2.6483030506205974e-07,0.00017964303479010057,2.6489660809970073e-07
193.846,55.385,5.785398837525869e-05,8.237842144709312e-08,5.7853829831209204e-05,8.239555944224521e-08
193.846,83.077,-5.8294356995586285e-05,-8.028555657455415e-08,-5.829420993310932e-05,-8.029866050581973e-08
193.846,110.769,-5.8768376145502146e-05,-8.089749692181608e-08,-5.8768276434629694e-05,-8.091075512986582e-08
193.846,138.462,5.629628724274053e-05,7.998960351273363e-08,5.629608282226515e-05,8.000592964525236e-08
193.846,166.154,0.0001770579100352117,2.6016354930987825e-07,0.00017705757255236177,2.602276891467921e-07
193.846,193.846,0.0002111356279468974,3.1606904758748313e-07,0.0002111352356560334,3.161544014079881e-07
193.846,221.538,0.00012932341614100754,1.9122757676862988e-07,0.00012932313897526368,1.9127659863242052e-07
193.846,249.231,-2.5214548249575746e-05,-3.7904593026011654e-08,-2.5214523626562946e-05,-3.7915051749050564e-08
193.846,276.923,-0.0001041007189963765,-1.5495019054560965e-07,-0.00010410047980916752,-1.549910182096214e-07
193.846,304.615,-2.3409805208023544e-05,-3.405395702160876e-08,-2.340980218329687e-05,-3.406195712949759e-08
193.846,332.308,0.00013222141590556,1.974034433787963e-07,0.00013222114338630673,1.974564713939026e-07
221.538,0.0,0.0001314596434035771,2.0366768933279168e-07,0.00013145934399567545,2.0373233649330668e-07
221.538,27.692,0.0001321063478693834,1.971898206052912e-07,0.0001321059778916424,1.9724245276359354e-07
221.538,55.385,5.7431770179131537e-05,8.189369797249747e-08,5.743153434171659e-05,8.191063750169852e-08
221.538,83.077,-1.4629012184124718e-05,-1.966559908171201e-08,-1.4628954118425432e-05,-1.9668181699572584e-08
221.538,110.769,-2.4509405537540803e-05,-3.1867147092420156e-08,-2.4509405218191906e-05,-3.187017924988312e-08
221.538,138.462,-1.531086512232783e-05,-2.069608940715222e-08,-1.5310993244283337e-05,-2.0699265563044992e-08
221.538,166.154,5.5697475331014104e-05,7.876713605794708e-08,5.569727022572235e-05,7.878274540214463e-08
221.538,193.846,0.00012932341614100754,1.9122757676862988e-07,0.00012932313897526368,1.9127659863242055e-07
221.538,221.538,0.00012807782010662921,1.9546812397556894e-07,0.00012807751290468572,1.955264166505274e-07
221.538,249.231,3.9683051534937416e-05,6.10337206541736e-08,3.9682906210443e-05,6.105253799820951e-08
221.538,276.923,-5.0383886463630415e-05,-8.116946674184599e-08,-5.03838145883318e-05,-8.119952986897177e-08
221.538,304.615,-4.8892042237256273e-05,-7.75924084271714e-08,-4.889211449487748e-05,-7.761991681234023e-08
221.538,332.308,4.3003733991000765e-05,6.91359222406431e-08,4.300356320243191e-05,6.916116124911663e-08
249.231,0.0,7.245763790988869e-05,1.218989850965147e-07,7.245761891291911e-05,1.2195163118236753e-07
249.231,27.692,4.309177821930686e-05,6.931547584843588e-08,4.309171882728644e-05,6.93410066912858e-08
249.231,55.385,-2.290178708748941e-05,-3.313422287456289e-08,-2.2901729463372214e-05,-3.314180443128753e-08
249.231,83.077,-5.8584419105820165e-05,-8.060549344274645e-08,-5.85840990741358e-05,-8.061834951464501e-08
249.231,110.769,-2.445412209794018e-05,-3.1789212855260875e-08,-2.445398581517549e-05,-3.179203400829597e-08
249.231,138.462,-2.4855795510623163e-05,-3.235349940274378e-08,-2.485579571709876e-05,-3.235662464268622e-08
249.231,166.154,-5.9763431210799446e-05,-8.260432729554714e-08,-5.9763332272973665e-05,-8.2618290950666e-08
249.231,193.846,-2.5214548249575742e-05,-3.790459302601165e-08,-2.5214523626562946e-05,-3.7915051749050564e-08
249.231,221.538,3.968305153493741e-05,6.10337206541736e-08,3.9682906210442993e-05,6.105253799820948e-08
249.231,249.231,6.85352603611397e-05,1.1132255212523655e-07,6.853523435901531e-05,1.113654995160449e-07
249.231,276.923,5.345531289902653e-05,8.934341080908056e-08,5.3455400115397976e-05,8.938163058510179e-08
249.231,304.615,3.914149004468843e-05,6.725090576865091e-08,3.9141507745147986e-05,6.728208453197955e-08
249.231,332.308,5.641067529385474e-05,9.746560399144608e-08,5.6410663965544936e-05,9.751132345880975e-08
276.923,0.0,0.00015086890864578355,2.701823438357581e-07,0.0001508689997871637,2.703229795214532e-07
276.923,27.692,5.7129047994740155e-05,9.920864241736234e-08,5.7129147278109306e-05,9.92560611454621e-08
276.923,55.385,-4.7492582252688696e-05,-7.460221441969829e-08,-4.749233414906234e-05,-7.462702450109562e-08
276.923,83.077,-0.00010224731279374548,-1.5153786608731044e-07,-0.00010224675528029205,-1.51576440242481e-07
276.923,110.769,-5.833885882980605e-05,-8.035448507958271e-08,-5.833853904806837e-05,-8.036740130183946e-08
276.923,138.462,-1.4839039697726026e-05,-1.998233773235163e-08,-1.4838982268673786e-05,-1.998500901394239e-08
276.923,166.154,-5.940429028335612e-05,-8.189967303871693e-08,-5.94041438366635e-05,-8.19131656511045e-08
276.923,193.846,-0.00010410071899637651,-1.5495019054560965e-07,-0.00010410047980916752,-1.549910182096214e-07
276.923,221.538,-5.0383886463630435e-05,-8.116946674184601e-08,-5.038381458833181e-05,-8.119952986897177e-08
276.923,249.231,5.345531289902656e-05,8.934341080908056e-08,5.345540011539799e-05,8.938163058510179e-08
276.923,276.923,0.00014774034068989447,2.6059180922069547e-07,0.00014774042465018363,2.6072216049552536e-07
276.923,304.615,0.00019980437895631277,3.61050758484839e-07,0.00019980432194339624,3.6124300725788747e-07
276.923,332.308,0.0002011197953456186,3.652351134729047e-07,0.00020111977443768638,3.65432090464522e-07
304.615,0.0,0.00035602245878630485,6.689795695581373e-07,0.00035602195866563823,6.693709945592605e-07
304.615,27.692,0.00020222283109002604,3.682913072392682e-07,0.0002022224216881032,3.684904082487657e-07
304.615,55.385,4.196098837232379e-05,7.421405578874773e-08,4.1960838129888786e-05,7.425088456330466e-08
304.615,83.077,-4.673012915175568e-05,-7.33573342550207e-08,-4.67298803088169e-05,-7.33816206421744e-08
304.615,110.769,-2.181163887067384e-05,-3.173000174858292e-08,-2.1811581068022767e-05,-3.173744370517081e-08
304.615,138.462,5.803412691450281e-05,8.268199922380124e-08,5.80338910353412e-05,8.269902839457938e-08
304.615,166.154,5.7386044096216515e-05,8.181861704441188e-08,5.738588554124235e-05,8.183576125786789e-08
304.615,193.846,-2.3409805208023544e-05,-3.405395702160877e-08,-2.3409802183296862e-05,-3.406195712949759e-08
304.615,221.538,-4.8892042237256314e-05,-7.759240842717139e-08,-4.889211449487743e-05,-7.76199168123401e-08
304.615,249.231,3.9141490044688425e-05,6.725090576865094e-08,3.9141507745148006e-05,6.728208453197943e-08
304.615,276.923,0.00019980437895631263,3.6105075848483887e-07,0.00019980432194339624,3.612430072578873e-07
304.615,304.615,0.0003548109182738073,6.644770013658795e-07,0.0003548104147512082,6.648628379894402e-07
304.615,332.308,0.00041878600117165526,7.932396616822834e-07,0.00041878540761078727,7.937124851681503e-07
332.308,0.0,0.0005855211617731092,1.1365116916679134e-06,0.0005855203930164683,1.1372264935120811e-06
332.308,27.692,0.00041944606085780867,7.952518050158485e-07,0.0004194453675827135,7.957266648691497e-07
332.308,55.385,0.00020275934727051378,3.692433548742567e-07,0.00020275893861064302,3.6944303966236464e-07
332.308,83.077,5.84930294529705e-05,1.0158320342732227e-07,5.849313036200125e-05,1.0163189075796319e-07
332.308,110.769,4.487836507823272e-05,7.180700382825932e-08,4.487830646620017e-05,7.183309730245503e-08
332.308,138.462,0.0001335445417801857,1.98990939168283e-07,0.00013354417221791024,1.9904367259073477e-07
332.308,166.154,0.00017988650809000955,2.652706394400477e-07,0.00017988613567114913,2.653371586789884e-07
332.308,193.846,0.00013222141590556,1.974034433787962e-07,0.00013222114338630675,1.9745647139390273e-07
332.308,221.538,4.3003733991000765e-05,6.91359222406432e-08,4.300356320243192e-05,6.916116124911653e-08
332.308,249.231,5.641067529385474e-05,9.746560399144601e-08,5.6410663965544916e-05,9.751132345880985e-08
332.308,276.923,0.00020111979534561856,3.6523511347290465e-07,0.00020111977443768638,3.6543209046452194e-07
332.308,304.615,0.00041878600117165526,7.932396616822832e-07,0.00041878540761078727,7.937124851681502e-07
332.308,332.308,0.0005855056268015533,1.1361261562323755e-06,0.0005855048577718027,1.136840307305726e-06
