f,mu,m_modul_g,K_min_ii,hub_sig_starr,hub_max_zusatz_starr,hub_max_pflicht_starr,hub_sig_r05z02,hub_max_zusatz_r05z02,K_r05
8,0.2308,50.007,59123,20.831,32.804,81.039,18.712,30.767,6.5692e+05
8,0.3462,75.01,59123,13.887,21.869,54.026,12.475,20.511,6.5692e+05
8,0.4615,99.992,59123,10.418,16.406,40.528,9.358,15.387,6.5692e+05
8,0.6,130,59123,8.013,12.619,31.173,7.1979,11.835,6.5692e+05
8,0.6923,150,59123,6.9447,10.936,27.017,6.2382,10.257,6.5692e+05
10,0.2308,50.007,92379,13.332,20.995,51.865,11.976,19.691,1.0264e+06
10,0.3462,75.01,92379,8.8879,13.996,34.577,7.9838,13.127,1.0264e+06
10,0.4615,99.992,92379,6.6674,10.5,25.938,5.9891,9.8475,1.0264e+06
10,0.6,130,92379,5.1283,8.0759,19.951,4.6067,7.5744,1.0264e+06
10,0.6923,150,92379,4.4446,6.9992,17.291,3.9925,6.5645,1.0264e+06
12,0.2308,50.007,1.3303e+05,9.2582,14.58,36.017,8.3165,13.674,1.4781e+06
12,0.3462,75.01,1.3303e+05,6.1722,9.7197,24.012,5.5443,9.1161,1.4781e+06
12,0.4615,99.992,1.3303e+05,4.6301,7.2914,18.013,4.1591,6.8385,1.4781e+06
12,0.6,130,1.3303e+05,3.5613,5.6083,13.855,3.1991,5.26,1.4781e+06
12,0.6923,150,1.3303e+05,3.0865,4.8606,12.008,2.7726,4.5587,1.4781e+06
14,0.2308,50.007,1.8106e+05,6.802,10.712,26.462,6.11,10.046,2.0118e+06
14,0.3462,75.01,1.8106e+05,4.5346,7.141,17.641,4.0734,6.6975,2.0118e+06
14,0.4615,99.992,1.8106e+05,3.4017,5.3569,13.234,3.0557,5.0242,2.0118e+06
14,0.6,130,1.8106e+05,2.6165,4.1204,10.179,2.3503,3.8645,2.0118e+06
14,0.6923,150,1.8106e+05,2.2677,3.571,8.8218,2.037,3.3492,2.0118e+06
16,0.2308,50.007,2.3649e+05,5.2078,8.201,20.26,4.678,7.6917,2.6277e+06
16,0.3462,75.01,2.3649e+05,3.4718,5.4673,13.506,3.1187,5.1278,2.6277e+06
16,0.4615,99.992,2.3649e+05,2.6044,4.1014,10.132,2.3395,3.8467,2.6277e+06
16,0.6,130,2.3649e+05,2.0033,3.1547,7.7932,1.7995,2.9587,2.6277e+06
16,0.6923,150,2.3649e+05,1.7362,2.7341,6.7542,1.5596,2.5643,2.6277e+06
