lauf,gruppe,lam_rk4,valid_lin,Fmin_lin,Fmin_rk4,Fmax_lin,Fmax_rk4,mean_rk4_minus_Mg,skew_lin,skew_rk4,N1_lin,N2_lin,N3_lin,N1_rk4,N2_rk4,N3_rk4,dN1,dN2,dN3
Einzelmodul,einzel,0,True,4.869085,4.869085,9.152375,9.152375,1.996048e-10,0.7578851,0.7578851,1.87039,0.6191881,0.2691487,1.87039,0.6191881,0.2691487,1.469663e-09,1.482182e-09,1.30239e-09
Paar Δ=0°,paar,0,True,3.361671,3.36167,11.92825,11.92825,3.993259e-10,0.7578851,0.7578851,3.740781,1.238376,0.5382973,3.740781,1.238376,0.5382973,2.939329e-09,2.964358e-09,2.604778e-09
Paar Δ=120°,paar,0,True,4.283747,4.283747,8.197884,8.197884,1.33034e-10,-0.2235053,-0.2235053,1.87039,0.6191881,0.5382973,1.87039,0.6191881,0.5382973,1.224006e-09,1.377145e-09,3.286923e-09
Paar Δ=180°,paar,0,True,5.207889,5.207889,7.736987,7.736986,3.988783e-10,0.09172566,0.09172563,2.290567e-16,1.238376,9.888362e-17,2.984849e-14,1.238376,1.271526e-14,3.007751e-14,2.964362e-09,1.281408e-14
synchron,synchron,0,True,1.854256,1.854255,14.70412,14.70412,5.989866e-10,0.7578851,0.7578851,5.611171,1.857564,0.807446,5.611171,1.857564,0.807446,4.408996e-09,4.446544e-09,3.907165e-09
"(0°,180°)",zweiergruppe,0,True,4.282657,4.282656,10.51168,10.51167,5.991163e-10,0.9762539,0.9762539,1.87039,1.857564,0.2691487,1.87039,1.857564,0.2691487,1.46966e-09,4.446544e-09,1.302389e-09
"Pilot (110,250)",pilot,0,True,4.446646,4.446659,7.527984,7.527976,2.134287e-07,-0.8696842,-0.869686,0.590968,0.3294631,0.7353278,0.5909679,0.3294629,0.7353275,6.565306e-08,1.921459e-07,3.651866e-07
"Pilot (130,230)",pilot,0,True,4.726906,4.726917,7.365622,7.365611,2.132513e-07,-0.6876785,-0.6876798,0.5341371,0.4041463,0.7353278,0.5341372,0.4041463,0.7353275,1.24543e-07,4.521387e-08,3.65888e-07
"Pilot (110,252)",pilot,0,True,4.421244,4.421255,7.507445,7.507444,1.070143e-07,-0.9213216,-0.921321,0.6530427,0.3576962,0.7203717,0.6530427,0.3576961,0.7203715,9.657655e-08,1.251368e-07,2.101048e-07
Schnitt 100°,schnitt,0,True,4.50567,4.505647,7.446255,7.446258,-2.130297e-07,-0.7950284,-0.7950287,0.6495797,0.4235496,0.7121004,0.6495797,0.4235497,0.7121008,1.936436e-07,2.531103e-07,4.291431e-07
Schnitt 102°,schnitt,0,True,4.577954,4.577952,7.398112,7.398111,6.64615e-11,-0.7927714,-0.7927716,0.585187,0.3826793,0.7297425,0.585187,0.3826793,0.7297425,3.679809e-10,1.84772e-09,3.559123e-09
Schnitt 104°,schnitt,0,True,4.643632,4.643642,7.343059,7.343059,1.066584e-07,-0.7802907,-0.7802903,0.520616,0.3413427,0.7457178,0.520616,0.3413427,0.7457176,9.702293e-08,1.251119e-07,2.102391e-07
Schnitt 106°,schnitt,0,True,4.665214,4.665225,7.297569,7.297571,1.067477e-07,-0.7550052,-0.7550044,0.4558865,0.2995903,0.7599616,0.4558865,0.2995903,0.7599614,9.708813e-08,1.252878e-07,2.101118e-07
Schnitt 108°,schnitt,0,True,4.661801,4.661802,7.279593,7.279593,3.326575e-10,-0.71608,-0.7160799,0.391018,0.2574729,0.7724177,0.391018,0.2574729,0.7724177,4.913817e-10,1.074393e-09,4.198078e-09
Schnitt 110°,schnitt,0,True,4.668648,4.668659,7.266418,7.266416,1.067475e-07,-0.6667991,-0.6667983,0.3260305,0.2150418,0.7830377,0.3260305,0.2150417,0.7830375,9.706127e-08,1.25419e-07,2.095562e-07
Schnitt 112°,schnitt,0,True,4.701635,4.701646,7.244364,7.244362,1.06659e-07,-0.6135523,-0.6135517,0.2609437,0.1723486,0.7917813,0.2609437,0.1723486,0.7917811,9.69695e-08,1.253725e-07,2.091397e-07
Schnitt 114°,schnitt,0,True,4.777043,4.777043,7.209303,7.209302,6.623324e-11,-0.5630538,-0.5630537,0.1957773,0.1294456,0.7986157,0.1957773,0.1294456,0.7986157,4.132691e-10,7.093568e-10,5.375896e-09
Schnitt 116°,schnitt,0,True,4.900629,4.900617,7.170962,7.170968,-2.130292e-07,-0.5212313,-0.5212324,0.1305514,0.08638475,0.8035154,0.1305514,0.08638477,0.8035158,1.937504e-07,2.525775e-07,4.313085e-07
Schnitt 118°,schnitt,0,True,5.060674,5.060672,7.118356,7.118359,-2.130295e-07,-0.4935831,-0.4935846,0.06528562,0.0432187,0.8064625,0.06528562,0.04321871,0.8064629,1.937571e-07,2.525361e-07,4.314598e-07
Schnitt 120°,schnitt,0,True,5.229814,5.229814,7.069459,7.069458,6.644818e-11,-0.4840955,-0.4840955,7.487109e-16,5.235363e-16,0.807446,2.185241e-11,9.995051e-10,0.807446,2.1852e-11,9.995053e-10,4.963803e-09
Schnitt 122°,schnitt,0,True,5.096642,5.096652,7.152835,7.152831,1.066586e-07,-0.4928311,-0.4928302,0.06528562,0.0432187,0.8064625,0.06528562,0.0432187,0.8064622,9.693405e-08,1.255838e-07,2.083449e-07
Schnitt 124°,schnitt,0,True,4.952198,4.952208,7.241099,7.241094,1.06748e-07,-0.5164579,-0.5164575,0.1305514,0.08638475,0.8035154,0.1305514,0.08638474,0.8035152,9.70122e-08,1.257106e-07,2.084672e-07
Schnitt 126°,schnitt,0,True,4.838699,4.8387,7.305538,7.305538,3.331841e-10,-0.552125,-0.5521247,0.1957773,0.1294456,0.7986157,0.1957773,0.1294456,0.7986157,2.454364e-10,2.223862e-10,4.596493e-09
Schnitt 128°,schnitt,0,True,4.768311,4.768319,7.338596,7.338589,1.067475e-07,-0.5989342,-0.5989351,0.2609437,0.1723486,0.7917813,0.2609437,0.1723486,0.7917811,9.701172e-08,1.25737e-07,2.084673e-07
Schnitt 130°,schnitt,0,True,4.733838,4.733839,7.338834,7.338829,1.06659e-07,-0.6545091,-0.6545101,0.3260305,0.2150418,0.7830377,0.3260305,0.2150417,0.7830375,9.69331e-08,1.256363e-07,2.083452e-07
Schnitt 132°,schnitt,0,True,4.703497,4.703497,7.311221,7.311222,6.677503e-11,-0.7107656,-0.7107654,0.391018,0.2574729,0.7724177,0.391018,0.2574729,0.7724177,3.108271e-11,6.482778e-10,4.963412e-09
Schnitt 134°,schnitt,0,True,4.658757,4.658758,7.30402,7.304036,-2.130296e-07,-0.7552744,-0.7552744,0.4558865,0.2995903,0.7599616,0.4558864,0.2995904,0.759962,1.93759e-07,2.524285e-07,4.314593e-07
Schnitt 136°,schnitt,0,True,4.604499,4.604498,7.387114,7.387125,-2.130293e-07,-0.7793836,-0.7793833,0.520616,0.3413427,0.7457178,0.520616,0.3413428,0.7457181,1.937527e-07,2.524447e-07,4.313079e-07
Schnitt 138°,schnitt,0,True,4.553363,4.553363,7.477869,7.477869,6.675283e-11,-0.7844422,-0.7844422,0.585187,0.3826793,0.7297425,0.585187,0.3826793,0.7297425,4.025611e-10,4.691414e-10,5.369473e-09
Schnitt 140°,schnitt,0,True,4.513431,4.513433,7.543591,7.543583,1.066592e-07,-0.7787194,-0.778721,0.6495797,0.4235496,0.7121004,0.6495797,0.4235495,0.7121003,9.696615e-08,1.255534e-07,2.091403e-07
