fall,zeta,punkt,v0,lam,Fmin,Fmax,Fmin_lin,Fmax_lin,n_per
R,0.0992278,"(98,240)",3,0,0.313078,11.2845,,,
R,0.0992278,"(120,240)",3,0,5.33039,7.49192,,,
R,0.0992278,"(148,240)",3,0,0.299872,13.0951,,,
V1,0.02,"(120,240)",0.05,0,5.38355,6.99912,5.38355,6.99912,
V1,0.02,"(120,240)",0.1,0,5.38355,6.99912,5.38355,6.99912,
V1,0.02,"(120,240)",0.2,0,5.38355,6.99912,5.38355,6.99912,
V1,0.02,"(120,240)",0.5,0,5.38355,6.99912,5.38355,6.99912,
V1,0.02,synchron,0.05,0,2.66856,13.2546,2.66856,13.2546,
V1,0.02,synchron,0.1,0,2.66856,13.2546,2.66856,13.2546,
V1,0.02,synchron,0.2,0,2.66856,13.2546,2.66856,13.2546,
V1,0.02,synchron,0.5,97.95,0,483.861,2.66856,13.2546,
V1,0.05,"(120,240)",0.05,0,5.40886,6.96898,5.40886,6.96898,
V1,0.05,"(120,240)",0.1,0,5.40886,6.96898,5.40886,6.96898,
V1,0.05,"(120,240)",0.2,0,5.40886,6.96898,5.40886,6.96898,
V1,0.05,"(120,240)",0.5,0,5.40886,6.96898,5.40886,6.96898,
V1,0.05,synchron,0.05,0,2.71841,13.1703,2.71841,13.1703,
V1,0.05,synchron,0.1,0,2.71841,13.1703,2.71841,13.1703,
V1,0.05,synchron,0.2,0,2.71841,13.1703,2.71841,13.1703,
V1,0.05,synchron,0.5,97.9838,0,486.098,2.71841,13.1703,
V1,0.1,"(120,240)",0.05,0,5.417,6.95876,5.417,6.95876,
V1,0.1,"(120,240)",0.1,0,5.417,6.95876,5.417,6.95876,
V1,0.1,"(120,240)",0.2,0,5.417,6.95876,5.417,6.95876,
V1,0.1,"(120,240)",0.5,0,5.417,6.95876,5.417,6.95876,
V1,0.1,synchron,0.05,0,2.73057,13.149,2.73057,13.149,
V1,0.1,synchron,0.1,0,2.73057,13.149,2.73057,13.149,
V1,0.1,synchron,0.2,0,2.73057,13.149,2.73057,13.149,
V1,0.1,synchron,0.5,98.0425,0,489.766,2.73057,13.149,
V1,0.2,"(120,240)",0.05,0,5.42714,6.95605,5.42714,6.95605,
V1,0.2,"(120,240)",0.1,0,5.42714,6.95605,5.42714,6.95605,
V1,0.2,"(120,240)",0.2,0,5.42714,6.95605,5.42714,6.95605,
V1,0.2,"(120,240)",0.5,0,5.42714,6.95605,5.42714,6.95605,
V1,0.2,synchron,0.05,0,2.72896,13.1662,2.72896,13.1662,
V1,0.2,synchron,0.1,0,2.72896,13.1662,2.72896,13.1662,
V1,0.2,synchron,0.2,0,2.72896,13.1662,2.72896,13.1662,
V1,0.2,synchron,0.5,0,2.72896,13.1662,2.72896,13.1662,
KV,0.02,"(120,240)",0.5,94.175,0,170.739,,,2000
KV,0.02,"(120,240)",0.5,0,5.22981,7.06946,,,4000
