V,zeta,eps,fn,r3,res_einzel,res_paar,res_synchron,res_zweiergruppe,res_pilot,res_schnitt,dF,sL,sR,peak,cellmax,Fmax_syn,G120,skew120,H2
V1,0.02,0.571451,241.774,0.124083,0.806166,0.612333,0.418499,0.736687,0.762704,0.760726,0.532782,0.0467603,0.0561846,120,4.41819,13.2546,0.272498,-0.491503,1.00689
V1,0.05,0.571451,241.774,0.124083,0.808772,0.617545,0.426317,0.737996,0.756772,0.760391,0.560227,0.0544641,0.0570566,120,4.39009,13.1703,0.265554,-0.492307,1.00689
V1,0.1,0.571451,241.774,0.124083,0.809408,0.618816,0.428225,0.738591,0.755985,0.761406,0.561899,0.0562901,0.056201,120,4.38301,13.149,0.263319,-0.49128,1.00689
V2,0.02,0.685798,312.129,0.115337,0.763598,0.527197,0.290795,0.671631,0.693365,0.706606,0.724144,0.0845701,0.0665859,120,4.90137,14.7041,0.26222,-0.484095,1.00595
V2,0.05,0.685798,312.129,0.115337,0.77004,0.540079,0.310119,0.684758,0.705136,0.713495,0.677659,0.0703831,0.0668556,120,4.86005,14.5802,0.262804,-0.484966,1.00595
V2,0.1,0.685798,312.129,0.115337,0.771145,0.54229,0.313435,0.68695,0.708078,0.714783,0.674243,0.0677556,0.0672326,120,4.8434,14.5302,0.261706,-0.484447,1.00595
V3,0.02,0.560143,341.92,0.122836,0.810137,0.620273,0.43041,0.744798,0.767214,0.766129,0.518614,0.0421995,0.0509037,120,4.36958,13.1087,0.27232,-0.492744,1.00675
V3,0.05,0.560143,341.92,0.122836,0.812403,0.624805,0.437208,0.743655,0.761913,0.765458,0.546383,0.0527013,0.0551221,120,4.34047,13.0214,0.265745,-0.491574,1.00675
V3,0.1,0.560143,341.92,0.122836,0.813137,0.626274,0.439411,0.74387,0.760992,0.766275,0.550479,0.0550955,0.0550373,120,4.33801,13.014,0.263138,-0.490288,1.00675
V4,0.02,0.571451,111.67,0.268648,0.773621,0.547242,0.320863,0.68964,0.693214,0.679217,1.12667,0.0739348,0.088488,120,4.56099,13.683,0.252151,-0.444869,1.03314
V4,0.05,0.571451,111.67,0.268648,0.795874,0.591747,0.387621,0.714044,0.739747,0.721503,0.790773,0.0607727,0.0632007,120,4.51328,13.5398,0.270335,-0.510353,1.03313
V4,0.1,0.571451,111.67,0.268648,0.806118,0.612236,0.418354,0.728304,0.740137,0.740122,0.628884,0.0541278,0.053438,120,4.46745,13.4023,0.282181,-0.588801,1.03309
V5,0.02,1.0287,312.129,0.115337,0.645398,0.290795,-0.0638071,0.507447,0.540048,0.559908,1.08622,0.126855,0.0998789,120,6.28931,18.8679,0.26222,-0.484095,1.00595
V5,0.05,1.0287,312.129,0.115337,0.655059,0.310119,-0.0348215,0.527137,0.557703,0.570243,1.01649,0.105575,0.100283,120,6.22733,18.682,0.262804,-0.484966,1.00595
V5,0.1,1.0287,312.129,0.115337,0.656718,0.313435,-0.0298471,0.530425,0.562118,0.572175,1.01137,0.101633,0.100849,120,6.20236,18.6071,0.261706,-0.484447,1.00595
