phi2,fs,sigma_mN,jitter_us,nz,verfahren,kmax,wahr_mN,wahr_ohne_jitter_mN,bias_mN,sd_mN,bias_se_mN,sd_ReN1_mN,sd_ReN2_mN,sd_ReN3_mN
100.0,2000,1.0,0.0,10,A,3,-1126.2758333172894,-1126.2758333172894,0.4818368874965895,0.110666437152861,0.006389329728046109,0.0428653664550763,0.049323129836834165,0.044296871227536457
100.0,2000,1.0,0.0,10,A,6,-1195.7789607707027,-1195.7789607707027,0.6996046080738338,0.18956815934415625,0.010944722782713048,0.0428653664550763,0.049323129836834165,0.044296871227536457
100.0,2000,1.0,0.0,10,A,9,-1215.6959149856668,-1215.6959149856668,0.8118140027706389,0.2382148138477067,0.013753338689993004,0.0428653664550763,0.049323129836834165,0.044296871227536457
100.0,2000,1.0,0.0,10,A,-1,-1200.5913716510477,-1200.5913716510477,0.39362997693270785,0.3927174213855964,0.022673550895242974,0.0428653664550763,0.049323129836834165,0.044296871227536457
100.0,2000,1.0,0.0,10,B,-1,-1200.6383512125772,-1200.6383512125772,0.22393522729258208,0.3991679791519085,0.02304597402152333,0.0428653664550763,0.049323129836834165,0.044296871227536457
100.0,2000,1.0,0.0,100,A,3,-1126.2758333172894,-1126.2758333172894,0.4715144252203096,0.1009500377217348,0.005828353145334646,0.026510657680637192,0.041299365856929136,0.03641931811032701
100.0,2000,1.0,0.0,100,A,6,-1195.7789607707027,-1195.7789607707027,0.6862557086242393,0.17785333738177614,0.010268367221364177,0.026510657680637192,0.041299365856929136,0.03641931811032701
100.0,2000,1.0,0.0,100,A,9,-1215.6959149856668,-1215.6959149856668,0.801122314133984,0.22345001481498167,0.012900892620385553,0.026510657680637192,0.041299365856929136,0.03641931811032701
100.0,2000,1.0,0.0,100,A,-1,-1200.5913716510477,-1200.5913716510477,0.45837356560984865,0.2736636510729724,0.015799978261439643,0.026510657680637192,0.041299365856929136,0.03641931811032701
100.0,2000,1.0,0.0,100,B,-1,-1200.6383512125772,-1200.6383512125772,0.2895905646149721,0.2981143165823858,0.017211638092812172,0.026510657680637192,0.041299365856929136,0.03641931811032701
100.0,2000,1.0,56.0,10,A,3,-1126.247458660067,-1126.2758333172894,0.44164676295221916,2.372626945304451,0.13698368055580842,0.880769303743814,0.9481189772018856,0.5960749608813665
100.0,2000,1.0,56.0,10,A,6,-1195.73219101154,-1195.7789607707027,0.6679771739552809,1.9698443470507285,0.11372901640314007,0.880769303743814,0.9481189772018856,0.5960749608813665
100.0,2000,1.0,56.0,10,A,9,-1215.6388163408542,-1215.6959149856668,0.7864640707111459,1.6788430082057872,0.09692804627147322,0.880769303743814,0.9481189772018856,0.5960749608813665
100.0,2000,1.0,56.0,10,A,-1,-1200.3978690057763,-1200.5913716510477,0.38788721466342935,1.3218514061416065,0.07631712651645417,0.880769303743814,0.9481189772018856,0.5960749608813665
100.0,2000,1.0,56.0,10,B,-1,-1200.6383512125772,-1200.6383512125772,0.28181699327833876,1.337446215302247,0.07721749324313984,0.880769303743814,0.9481189772018856,0.5960749608813665
100.0,2000,1.0,56.0,100,A,3,-1126.247458660067,-1126.2758333172894,0.46867835640895805,0.8010182265994122,0.046246808875296724,0.27464495289057994,0.29935319735148114,0.18336641973455123
100.0,2000,1.0,56.0,100,A,6,-1195.73219101154,-1195.7789607707027,0.6884746744262316,0.6771047925117213,0.0390926634226228,0.27464495289057994,0.29935319735148114,0.18336641973455123
100.0,2000,1.0,56.0,100,A,9,-1215.6388163408542,-1215.6959149856668,0.8065117391395926,0.591102406334377,0.03412731334157881,0.27464495289057994,0.29935319735148114,0.18336641973455123
100.0,2000,1.0,56.0,100,A,-1,-1200.3978690057763,-1200.5913716510477,0.35659890166583885,0.5107490271493303,0.02948810883130053,0.27464495289057994,0.29935319735148114,0.18336641973455123
100.0,2000,1.0,56.0,100,B,-1,-1200.6383512125772,-1200.6383512125772,0.2360069088227501,0.4582997243145606,0.026459946920254284,0.27464495289057994,0.29935319735148114,0.18336641973455123
100.0,2000,5.0,0.0,10,A,3,-1126.2758333172894,-1126.2758333172894,0.4939994793984326,0.2858680647196559,0.01650460041186107,0.15341882406180982,0.1616588311009136,0.15863076688591557
100.0,2000,5.0,0.0,10,A,6,-1195.7789607707027,-1195.7789607707027,0.7040836405671769,0.42228173120336543,0.02438044711841242,0.15341882406180982,0.1616588311009136,0.15863076688591557
100.0,2000,5.0,0.0,10,A,9,-1215.6959149856668,-1215.6959149856668,0.8443419008004049,0.522157109559016,0.030146754776317473,0.15341882406180982,0.1616588311009136,0.15863076688591557
100.0,2000,5.0,0.0,10,A,-1,-1200.5913716510477,-1200.5913716510477,0.08751946307827829,1.3713893388055638,0.0791772003923175,0.15341882406180982,0.1616588311009136,0.15863076688591557
100.0,2000,5.0,0.0,10,B,-1,-1200.6383512125772,-1200.6383512125772,-2.8425646299858887,1.234909337628547,0.0712975238504624,0.15341882406180982,0.1616588311009136,0.15863076688591557
100.0,2000,5.0,0.0,100,A,3,-1126.2758333172894,-1126.2758333172894,0.48056755154179953,0.13769843325663958,0.007950022750771057,0.055962680084003846,0.062113141792076484,0.06297006043404155
100.0,2000,5.0,0.0,100,A,6,-1195.7789607707027,-1195.7789607707027,0.7061151691094558,0.21988649201178537,0.012695152535416676,0.055962680084003846,0.062113141792076484,0.06297006043404155
100.0,2000,5.0,0.0,100,A,9,-1215.6959149856668,-1215.6959149856668,0.8277647746262051,0.2785876800220135,0.016084267205362282,0.055962680084003846,0.062113141792076484,0.06297006043404155
100.0,2000,5.0,0.0,100,A,-1,-1200.5913716510477,-1200.5913716510477,0.40011517919191775,0.5414863321087845,0.031262727960550976,0.055962680084003846,0.062113141792076484,0.06297006043404155
100.0,2000,5.0,0.0,100,B,-1,-1200.6383512125772,-1200.6383512125772,-2.9260319570398874,0.5082587302353329,0.029344331471934677,0.055962680084003846,0.062113141792076484,0.06297006043404155
100.0,2000,5.0,56.0,10,A,3,-1126.247458660067,-1126.2758333172894,0.46244805740891515,2.294214359418778,0.13245652779891362,0.8464968149248723,0.8978132447226412,0.5883298470444237
100.0,2000,5.0,56.0,10,A,6,-1195.73219101154,-1195.7789607707027,0.6746816536891131,1.913587785221555,0.11048104229156444,0.8464968149248723,0.8978132447226412,0.5883298470444237
100.0,2000,5.0,56.0,10,A,9,-1215.6388163408542,-1215.6959149856668,0.7902512295345776,1.6368792723066128,0.09450526884971415,0.8464968149248723,0.8978132447226412,0.5883298470444237
100.0,2000,5.0,56.0,10,A,-1,-1200.3978690057763,-1200.5913716510477,-0.09803032765809405,1.7495291833252664,0.10100911449479485,0.8464968149248723,0.8978132447226412,0.5883298470444237
100.0,2000,5.0,56.0,10,B,-1,-1200.6383512125772,-1200.6383512125772,-2.8283069113654857,1.7010948519401707,0.0982127570684744,0.8464968149248723,0.8978132447226412,0.5883298470444237
100.0,2000,5.0,56.0,100,A,3,-1126.247458660067,-1126.2758333172894,0.47256032193421227,0.729274443789148,0.042104679643477916,0.29035815731248116,0.29967468947002307,0.19558166145394013
100.0,2000,5.0,56.0,100,A,6,-1195.73219101154,-1195.7789607707027,0.6874363492701541,0.6198207025579033,0.03578536494711084,0.29035815731248116,0.29967468947002307,0.19558166145394013
100.0,2000,5.0,56.0,100,A,9,-1215.6388163408542,-1215.6959149856668,0.7969761135413478,0.5527961535608408,0.03191570080653411,0.29035815731248116,0.29967468947002307,0.19558166145394013
100.0,2000,5.0,56.0,100,A,-1,-1200.3978690057763,-1200.5913716510477,0.35421569584070944,0.6465020490159566,0.037325813203100716,0.29035815731248116,0.29967468947002307,0.19558166145394013
100.0,2000,5.0,56.0,100,B,-1,-1200.6383512125772,-1200.6383512125772,-2.8805451486511036,0.5873197848485581,0.03390892358827081,0.29035815731248116,0.29967468947002307,0.19558166145394013
100.0,2000,20.0,0.0,10,A,3,-1126.2758333172894,-1126.2758333172894,0.4884454816855843,1.0801407042788087,0.06236195263780421,0.6374735720198745,0.6039694872781894,0.6413077746533221
100.0,2000,20.0,0.0,10,A,6,-1195.7789607707027,-1195.7789607707027,0.5630876235624971,1.5619146799659807,0.0901771860929587,0.6374735720198745,0.6039694872781894,0.6413077746533221
100.0,2000,20.0,0.0,10,A,9,-1215.6959149856668,-1215.6959149856668,0.6948540418845184,1.882021503883589,0.10865856218878543,0.6374735720198745,0.6039694872781894,0.6413077746533221
100.0,2000,20.0,0.0,10,A,-1,-1200.5913716510477,-1200.5913716510477,-4.1071434154074105,4.0098134489145725,0.231506687413101,0.6374735720198745,0.6039694872781894,0.6413077746533221
100.0,2000,20.0,0.0,10,B,-1,-1200.6383512125772,-1200.6383512125772,-21.429656375392405,3.9994394821543873,0.23090774616294527,0.6374735720198745,0.6039694872781894,0.6413077746533221
100.0,2000,20.0,0.0,100,A,3,-1126.2758333172894,-1126.2758333172894,0.4727640808950273,0.38581963657756463,0.02227530710367005,0.18234102759374574,0.20940007070974115,0.2071505465549351
100.0,2000,20.0,0.0,100,A,6,-1195.7789607707027,-1195.7789607707027,0.7068488706336584,0.5557282948571705,0.032084988063207906,0.18234102759374574,0.20940007070974115,0.2071505465549351
100.0,2000,20.0,0.0,100,A,9,-1215.6959149856668,-1215.6959149856668,0.8259042490306179,0.6780193015865814,0.03914546262867748,0.18234102759374574,0.20940007070974115,0.2071505465549351
100.0,2000,20.0,0.0,100,A,-1,-1200.5913716510477,-1200.5913716510477,-0.01217884946580483,1.6135752268235686,0.09315980915642987,0.18234102759374574,0.20940007070974115,0.2071505465549351
100.0,2000,20.0,0.0,100,B,-1,-1200.6383512125772,-1200.6383512125772,-21.291691860252815,1.3371223510949892,0.07719879493441573,0.18234102759374574,0.20940007070974115,0.2071505465549351
100.0,2000,20.0,56.0,10,A,3,-1126.247458660067,-1126.2758333172894,0.5630198500090611,2.5838989749241956,0.14918147687312822,1.070360718005971,1.0903028275722453,0.8342495245101647
100.0,2000,20.0,56.0,10,A,6,-1195.73219101154,-1195.7789607707027,0.7635653979198853,2.531160625029914,0.1461366268223202,1.070360718005971,1.0903028275722453,0.8342495245101647
100.0,2000,20.0,56.0,10,A,9,-1215.6388163408542,-1215.6959149856668,0.8206416698262053,2.5936636714224575,0.14974524188831087,1.070360718005971,1.0903028275722453,0.8342495245101647
100.0,2000,20.0,56.0,10,A,-1,-1200.3978690057763,-1200.5913716510477,-4.090641954632046,4.336107365976451,0.25034527549816227,1.070360718005971,1.0903028275722453,0.8342495245101647
100.0,2000,20.0,56.0,10,B,-1,-1200.6383512125772,-1200.6383512125772,-21.6135229369796,4.104337174682023,0.23696401726476538,1.070360718005971,1.0903028275722453,0.8342495245101647
100.0,2000,20.0,56.0,100,A,3,-1126.247458660067,-1126.2758333172894,0.46643994031558833,0.8499544359372246,0.049072142238727315,0.34601122240972987,0.37526427868040485,0.27870936703763605
100.0,2000,20.0,56.0,100,A,6,-1195.73219101154,-1195.7789607707027,0.6730318663974444,0.8327212997111118,0.04807718665481454,0.34601122240972987,0.37526427868040485,0.27870936703763605
100.0,2000,20.0,56.0,100,A,9,-1215.6388163408542,-1215.6959149856668,0.7714177878839212,0.8805060044874833,0.05083603787139303,0.34601122240972987,0.37526427868040485,0.27870936703763605
100.0,2000,20.0,56.0,100,A,-1,-1200.3978690057763,-1200.5913716510477,-0.46100713865748766,1.6856175638170972,0.09731917542205622,0.34601122240972987,0.37526427868040485,0.27870936703763605
100.0,2000,20.0,56.0,100,B,-1,-1200.6383512125772,-1200.6383512125772,-21.430028167720437,1.4252226416379568,0.08228526758048238,0.34601122240972987,0.37526427868040485,0.27870936703763605
100.0,6400,1.0,0.0,10,A,3,-1126.2758333172894,-1126.2758333172894,0.048393049188133475,0.033190345207131045,0.0019162454739833712,0.017589746953263284,0.017942749716412177,0.01940439981648856
100.0,6400,1.0,0.0,10,A,6,-1195.7789607707027,-1195.7789607707027,0.06776138619501992,0.048596744062115727,0.002805734326600186,0.017589746953263284,0.017942749716412177,0.01940439981648856
100.0,6400,1.0,0.0,10,A,9,-1215.6959149856668,-1215.6959149856668,0.08104057412494647,0.06264579569361937,0.003616856700730944,0.017589746953263284,0.017942749716412177,0.01940439981648856
100.0,6400,1.0,0.0,10,A,-1,-1200.5913716510477,-1200.5913716510477,0.08261122651664898,0.24954780417128722,0.014407649191397268,0.017589746953263284,0.017942749716412177,0.01940439981648856
100.0,6400,1.0,0.0,10,B,-1,-1200.6383512125772,-1200.6383512125772,-0.554216593019019,0.22703666319185178,0.013107967860973001,0.017589746953263284,0.017942749716412177,0.01940439981648856
100.0,6400,1.0,0.0,100,A,3,-1126.2758333172894,-1126.2758333172894,0.046137805846280244,0.01577927347716451,0.0009110167789657651,0.005834088667693668,0.006894339274328203,0.00856372234611419
100.0,6400,1.0,0.0,100,A,6,-1195.7789607707027,-1195.7789607707027,0.06641618207847699,0.025669996600551023,0.001482057944742491,0.005834088667693668,0.006894339274328203,0.00856372234611419
100.0,6400,1.0,0.0,100,A,9,-1215.6959149856668,-1215.6959149856668,0.07778650705070334,0.0315794760706207,0.0018232419010240203,0.005834088667693668,0.006894339274328203,0.00856372234611419
100.0,6400,1.0,0.0,100,A,-1,-1200.5913716510477,-1200.5913716510477,0.1320002142539689,0.11396862996457575,0.0065799819189220655,0.005834088667693668,0.006894339274328203,0.00856372234611419
100.0,6400,1.0,0.0,100,B,-1,-1200.6383512125772,-1200.6383512125772,-0.566056078897148,0.10481753564527188,0.00605164324205909,0.005834088667693668,0.006894339274328203,0.00856372234611419
100.0,6400,1.0,56.0,10,A,3,-1126.247458660067,-1126.2758333172894,0.17810246287330855,2.418986787034003,0.13966026726602296,0.8225768300414771,0.8743622470522374,0.5406053727405451
100.0,6400,1.0,56.0,10,A,6,-1195.73219101154,-1195.7789607707027,0.17323665791768583,2.004132306552108,0.1157086326679485,0.8225768300414771,0.8743622470522374,0.5406053727405451
100.0,6400,1.0,56.0,10,A,9,-1215.6388163408542,-1215.6959149856668,0.16664980743064106,1.7037308349432343,0.09836494561811421,0.8225768300414771,0.8743622470522374,0.5406053727405451
100.0,6400,1.0,56.0,10,A,-1,-1200.3978690057763,-1200.5913716510477,0.03388219266553527,1.314290709441489,0.07588060948894679,0.8225768300414771,0.8743622470522374,0.5406053727405451
100.0,6400,1.0,56.0,10,B,-1,-1200.6383512125772,-1200.6383512125772,-0.49926186410886864,1.3099277873395339,0.07562871606394507,0.8225768300414771,0.8743622470522374,0.5406053727405451
100.0,6400,1.0,56.0,100,A,3,-1126.247458660067,-1126.2758333172894,0.029320482638706125,0.7372615649563175,0.04256581629906946,0.2784880790643537,0.2938690525146783,0.18628469324249045
100.0,6400,1.0,56.0,100,A,6,-1195.73219101154,-1195.7789607707027,0.05306194116694307,0.6120998272627396,0.03533960000410661,0.2784880790643537,0.2938690525146783,0.18628469324249045
100.0,6400,1.0,56.0,100,A,9,-1215.6388163408542,-1215.6959149856668,0.06587952860792612,0.5186195434092585,0.029942513299433617,0.2784880790643537,0.2938690525146783,0.18628469324249045
100.0,6400,1.0,56.0,100,A,-1,-1200.3978690057763,-1200.5913716510477,0.057491182442026556,0.4147443525356183,0.023945276358131626,0.2784880790643537,0.2938690525146783,0.18628469324249045
100.0,6400,1.0,56.0,100,B,-1,-1200.6383512125772,-1200.6383512125772,-0.5833176000116236,0.3995512405230796,0.02306810162710489,0.2784880790643537,0.2938690525146783,0.18628469324249045
100.0,6400,5.0,0.0,10,A,3,-1126.2758333172894,-1126.2758333172894,0.04702606771167517,0.14918525245662906,0.008613214566495705,0.09267715206305677,0.08576882053384316,0.09119723554790926
100.0,6400,5.0,0.0,10,A,6,-1195.7789607707027,-1195.7789607707027,0.05396652114408873,0.22214162576094043,0.012825352743130005,0.09267715206305677,0.08576882053384316,0.09119723554790926
100.0,6400,5.0,0.0,10,A,9,-1215.6959149856668,-1215.6959149856668,0.08124366389017368,0.27635896121351444,0.01595559206495879,0.09267715206305677,0.08576882053384316,0.09119723554790926
100.0,6400,5.0,0.0,10,A,-1,-1200.5913716510477,-1200.5913716510477,-1.1288413918078,0.9657625910864623,0.055758329193703944,0.09267715206305677,0.08576882053384316,0.09119723554790926
100.0,6400,5.0,0.0,10,B,-1,-1200.6383512125772,-1200.6383512125772,-6.207770522107303,0.9960582379927234,0.05750744918336431,0.09267715206305677,0.08576882053384316,0.09119723554790926
100.0,6400,5.0,0.0,100,A,3,-1126.2758333172894,-1126.2758333172894,0.048654071040488134,0.05011062108666385,0.0028931380573644708,0.026022085251240896,0.02838607261944447,0.02937990353131836
100.0,6400,5.0,0.0,100,A,6,-1195.7789607707027,-1195.7789607707027,0.07093960903081786,0.07425357626459864,0.004287032224465842,0.026022085251240896,0.02838607261944447,0.02937990353131836
100.0,6400,5.0,0.0,100,A,9,-1215.6959149856668,-1215.6959149856668,0.08157225799920731,0.08859868945055127,0.005115247720412382,0.026022085251240896,0.02838607261944447,0.02937990353131836
100.0,6400,5.0,0.0,100,A,-1,-1200.5913716510477,-1200.5913716510477,-0.076762070605918,0.3801064674323751,0.021945457129279946,0.026022085251240896,0.02838607261944447,0.02937990353131836
100.0,6400,5.0,0.0,100,B,-1,-1200.6383512125772,-1200.6383512125772,-6.167601819042856,0.32111002227394553,0.018539295779934916,0.026022085251240896,0.02838607261944447,0.02937990353131836
100.0,6400,5.0,56.0,10,A,3,-1126.247458660067,-1126.2758333172894,0.2035395865709333,2.2853468593530826,0.13194456244391678,0.8207582815530052,0.8529933895618741,0.5356199919568232
100.0,6400,5.0,56.0,10,A,6,-1195.73219101154,-1195.7789607707027,0.19713560877376857,1.9120096978762977,0.11038993137620554,0.8207582815530052,0.8529933895618741,0.5356199919568232
100.0,6400,5.0,56.0,10,A,9,-1215.6388163408542,-1215.6959149856668,0.21188153977425017,1.6515372997845772,0.09535155046073332,0.8207582815530052,0.8529933895618741,0.5356199919568232
100.0,6400,5.0,56.0,10,A,-1,-1200.3978690057763,-1200.5913716510477,-1.0925345627474936,1.5172646889058623,0.08759931765717133,0.8207582815530052,0.8529933895618741,0.5356199919568232
100.0,6400,5.0,56.0,10,B,-1,-1200.6383512125772,-1200.6383512125772,-5.992880529702482,1.5016164265181573,0.08669586480698219,0.8207582815530052,0.8529933895618741,0.5356199919568232
100.0,6400,5.0,56.0,100,A,3,-1126.247458660067,-1126.2758333172894,0.03749744431291724,0.8303376487510865,0.04793956650247207,0.2813112234809278,0.30674371907583775,0.1878193062308604
100.0,6400,5.0,56.0,100,A,6,-1195.73219101154,-1195.7789607707027,0.06360764277202335,0.6875921643213156,0.039698152116358895,0.2813112234809278,0.30674371907583775,0.1878193062308604
100.0,6400,5.0,56.0,100,A,9,-1215.6388163408542,-1215.6959149856668,0.0753771200805442,0.5856169439923414,0.03381061002559843,0.2813112234809278,0.30674371907583775,0.1878193062308604
100.0,6400,5.0,56.0,100,A,-1,-1200.3978690057763,-1200.5913716510477,-0.12701367398393337,0.5966242471620627,0.03444611697040747,0.2813112234809278,0.30674371907583775,0.1878193062308604
100.0,6400,5.0,56.0,100,B,-1,-1200.6383512125772,-1200.6383512125772,-6.1743331113817135,0.5359897854895608,0.030945384693528765,0.2813112234809278,0.30674371907583775,0.1878193062308604
100.0,6400,20.0,0.0,10,A,3,-1126.2758333172894,-1126.2758333172894,-0.04667821191728372,0.6093779056462889,0.03518244978630952,0.35093292691911737,0.3349430627364867,0.3584928974447089
100.0,6400,20.0,0.0,10,A,6,-1195.7789607707027,-1195.7789607707027,-0.0594426690623262,0.8926374008518039,0.05153644436705168,0.35093292691911737,0.3349430627364867,0.3584928974447089
100.0,6400,20.0,0.0,10,A,9,-1215.6959149856668,-1215.6959149856668,-0.05553041182460028,1.0564280044914882,0.06099289927726198,0.35093292691911737,0.3349430627364867,0.3584928974447089
100.0,6400,20.0,0.0,10,A,-1,-1200.5913716510477,-1200.5913716510477,-7.588132204074061,3.633666701009002,0.20978984479729265,0.35093292691911737,0.3349430627364867,0.3584928974447089
100.0,6400,20.0,0.0,10,B,-1,-1200.6383512125772,-1200.6383512125772,-33.030833356569865,3.221378444621265,0.1859863712163745,0.35093292691911737,0.3349430627364867,0.3584928974447089
100.0,6400,20.0,0.0,100,A,3,-1126.2758333172894,-1126.2758333172894,0.06422277467743598,0.19883582316263276,0.011479791602748684,0.11194659539004437,0.11705721027845681,0.1114324780288025
100.0,6400,20.0,0.0,100,A,6,-1195.7789607707027,-1195.7789607707027,0.08718337675328591,0.2742009869352017,0.01583100136190997,0.11194659539004437,0.11705721027845681,0.1114324780288025
100.0,6400,20.0,0.0,100,A,9,-1215.6959149856668,-1215.6959149856668,0.09824986060946728,0.3368172668649659,0.019446153969220205,0.11194659539004437,0.11705721027845681,0.1114324780288025
100.0,6400,20.0,0.0,100,A,-1,-1200.5913716510477,-1200.5913716510477,-1.6123297569463624,1.1695744616236574,0.06752541302557302,0.11194659539004437,0.11705721027845681,0.1114324780288025
100.0,6400,20.0,0.0,100,B,-1,-1200.6383512125772,-1200.6383512125772,-32.7751818956945,1.0507577159468768,0.060665525015500564,0.11194659539004437,0.11705721027845681,0.1114324780288025
100.0,6400,20.0,56.0,10,A,3,-1126.247458660067,-1126.2758333172894,0.08607735744048384,2.539127543622696,0.14659659708173567,0.9475885877269146,1.0433211574093024,0.6683915600274107
100.0,6400,20.0,56.0,10,A,6,-1195.73219101154,-1195.7789607707027,0.1093624774122226,2.2422921989121396,0.12945880046437216,0.9475885877269146,1.0433211574093024,0.6683915600274107
100.0,6400,20.0,56.0,10,A,9,-1215.6388163408542,-1215.6959149856668,0.08620072726572836,2.065078256508529,0.1192273487292842,0.9475885877269146,1.0433211574093024,0.6683915600274107
100.0,6400,20.0,56.0,10,A,-1,-1200.3978690057763,-1200.5913716510477,-7.899817326127101,3.5904929548626674,0.20729720740134155,0.9475885877269146,1.0433211574093024,0.6683915600274107
100.0,6400,20.0,56.0,10,B,-1,-1200.6383512125772,-1200.6383512125772,-32.83463464232095,3.6127030044199437,0.20857950521040242,0.9475885877269146,1.0433211574093024,0.6683915600274107
100.0,6400,20.0,56.0,100,A,3,-1126.247458660067,-1126.2758333172894,0.042471620072204175,0.7450814909645299,0.043017299937657905,0.28574862434844633,0.30299008622242773,0.21534690237529222
100.0,6400,20.0,56.0,100,A,6,-1195.73219101154,-1195.7789607707027,0.06980724800964566,0.6654316248408745,0.03841871277291689,0.28574862434844633,0.30299008622242773,0.21534690237529222
100.0,6400,20.0,56.0,100,A,9,-1215.6388163408542,-1215.6959149856668,0.08741338525175557,0.6115456230935484,0.035307603011479755,0.28574862434844633,0.30299008622242773,0.21534690237529222
100.0,6400,20.0,56.0,100,A,-1,-1200.3978690057763,-1200.5913716510477,-1.7417448846419603,1.3389049486297102,0.07730171325106852,0.28574862434844633,0.30299008622242773,0.21534690237529222
100.0,6400,20.0,56.0,100,B,-1,-1200.6383512125772,-1200.6383512125772,-32.78798728350218,1.0879050749381391,0.06281022878682946,0.28574862434844633,0.30299008622242773,0.21534690237529222
100.0,10000,1.0,0.0,10,A,3,-1126.2758333172894,-1126.2758333172894,0.01822732457390508,0.024170676960645385,0.0013954946849724097,0.0140936368051131,0.015356443219277554,0.01365677430917402
100.0,10000,1.0,0.0,10,A,6,-1195.7789607707027,-1195.7789607707027,0.028313920735545395,0.03579161036642624,0.0020664295879786387,0.0140936368051131,0.015356443219277554,0.01365677430917402
100.0,10000,1.0,0.0,10,A,9,-1215.6959149856668,-1215.6959149856668,0.03410022031102855,0.04362939599579604,0.002518944352275362,0.0140936368051131,0.015356443219277554,0.01365677430917402
100.0,10000,1.0,0.0,10,A,-1,-1200.5913716510477,-1200.5913716510477,-0.03404623350777847,0.23365730237018217,0.013490210642154644,0.0140936368051131,0.015356443219277554,0.01365677430917402
100.0,10000,1.0,0.0,10,B,-1,-1200.6383512125772,-1200.6383512125772,-0.8367129512596438,0.22854625516930097,0.01319512419442768,0.0140936368051131,0.015356443219277554,0.01365677430917402
100.0,10000,1.0,0.0,100,A,3,-1126.2758333172894,-1126.2758333172894,0.019768304073464193,0.008782187410840164,0.000507039826572231,0.004675176270336517,0.004725035366052549,0.005093215825821263
100.0,10000,1.0,0.0,100,A,6,-1195.7789607707027,-1195.7789607707027,0.029446687635381608,0.01355215223728587,0.0007824338742295785,0.004675176270336517,0.004725035366052549,0.005093215825821263
100.0,10000,1.0,0.0,100,A,9,-1215.6959149856668,-1215.6959149856668,0.034533128175029404,0.017013004768710895,0.000982246288293962,0.004675176270336517,0.004725035366052549,0.005093215825821263
100.0,10000,1.0,0.0,100,A,-1,-1200.5913716510477,-1200.5913716510477,0.09197521389170404,0.09119959985670752,0.005265411352725623,0.004675176270336517,0.004725035366052549,0.005093215825821263
100.0,10000,1.0,0.0,100,B,-1,-1200.6383512125772,-1200.6383512125772,-0.8282891063216002,0.08227752756692061,0.004750295268901847,0.004675176270336517,0.004725035366052549,0.005093215825821263
100.0,10000,1.0,56.0,10,A,3,-1126.247458660067,-1126.2758333172894,-0.03950411850484059,2.311665361028593,0.13346406184661913,0.8424331152991601,0.91271662118559,0.5700719791084502
100.0,10000,1.0,56.0,10,A,6,-1195.73219101154,-1195.7789607707027,-0.010790267630955697,1.9145435800056867,0.11053622512915529,0.8424331152991601,0.91271662118559,0.5700719791084502
100.0,10000,1.0,56.0,10,A,9,-1215.6388163408542,-1215.6959149856668,0.009370505236416804,1.6223147285921526,0.09366438452629738,0.8424331152991601,0.91271662118559,0.5700719791084502
100.0,10000,1.0,56.0,10,A,-1,-1200.3978690057763,-1200.5913716510477,-0.11432719671011782,1.2540445813062702,0.07240229765929665,0.8424331152991601,0.91271662118559,0.5700719791084502
100.0,10000,1.0,56.0,10,B,-1,-1200.6383512125772,-1200.6383512125772,-0.831279937671292,1.258530674581929,0.0726613023753278,0.8424331152991601,0.91271662118559,0.5700719791084502
100.0,10000,1.0,56.0,100,A,3,-1126.247458660067,-1126.2758333172894,-0.023095525041538778,0.7726270267733709,0.04460764218907858,0.2840207200564689,0.29697086954308316,0.18759144332456343
100.0,10000,1.0,56.0,100,A,6,-1195.73219101154,-1195.7789607707027,-0.007788533468611192,0.6420585207764349,0.037069265980576756,0.2840207200564689,0.29697086954308316,0.18759144332456343
100.0,10000,1.0,56.0,100,A,9,-1215.6388163408542,-1215.6959149856668,0.0015529939936254067,0.5446927288126298,0.03144784936056036,0.2840207200564689,0.29697086954308316,0.18759144332456343
100.0,10000,1.0,56.0,100,A,-1,-1200.3978690057763,-1200.5913716510477,0.0008279635927976869,0.41519271616322023,0.023971162644240707,0.2840207200564689,0.29697086954308316,0.18759144332456343
100.0,10000,1.0,56.0,100,B,-1,-1200.6383512125772,-1200.6383512125772,-0.8584672131533022,0.41714372178747544,0.02408380400647613,0.2840207200564689,0.29697086954308316,0.18759144332456343
100.0,10000,5.0,0.0,10,A,3,-1126.2758333172894,-1126.2758333172894,0.020390733658448568,0.1193569583633921,0.006891077204075937,0.07067304174660104,0.07595472293812386,0.06830487530809216
100.0,10000,5.0,0.0,10,A,6,-1195.7789607707027,-1195.7789607707027,0.030617041127056766,0.16562273072911332,0.009562232817037447,0.07067304174660104,0.07595472293812386,0.06830487530809216
100.0,10000,5.0,0.0,10,A,9,-1215.6959149856668,-1215.6959149856668,0.04746750774842212,0.20769307173596435,0.011991165087557926,0.07067304174660104,0.07595472293812386,0.06830487530809216
100.0,10000,5.0,0.0,10,A,-1,-1200.5913716510477,-1200.5913716510477,-1.3991487875653075,0.9429210759966303,0.054439573705122604,0.07067304174660104,0.07595472293812386,0.06830487530809216
100.0,10000,5.0,0.0,10,B,-1,-1200.6383512125772,-1200.6383512125772,-7.254385852454526,0.8601072852378242,0.049658317266401596,0.07067304174660104,0.07595472293812386,0.06830487530809216
100.0,10000,5.0,0.0,100,A,3,-1126.2758333172894,-1126.2758333172894,0.017664952173257475,0.03747402506151986,0.0021635638456887272,0.02302301169904377,0.02209488410089468,0.023757356085008285
100.0,10000,5.0,0.0,100,A,6,-1195.7789607707027,-1195.7789607707027,0.023952979416375086,0.05509225322062738,0.003180752722719224,0.02302301169904377,0.02209488410089468,0.023757356085008285
100.0,10000,5.0,0.0,100,A,9,-1215.6959149856668,-1215.6959149856668,0.02841922666774188,0.06965843090695376,0.00402173138354567,0.02302301169904377,0.02209488410089468,0.023757356085008285
100.0,10000,5.0,0.0,100,A,-1,-1200.5913716510477,-1200.5913716510477,-0.16922795327922735,0.32198718823318745,0.018589938980204147,0.02302301169904377,0.02209488410089468,0.023757356085008285
100.0,10000,5.0,0.0,100,B,-1,-1200.6383512125772,-1200.6383512125772,-7.25634330897984,0.2648259748913717,0.015289734789193852,0.02302301169904377,0.02209488410089468,0.023757356085008285
100.0,10000,5.0,56.0,10,A,3,-1126.247458660067,-1126.2758333172894,-0.024156531854613306,2.335312032161451,0.13482930304101856,0.8577346411624054,0.9153713879294749,0.572184493678964
100.0,10000,5.0,56.0,10,A,6,-1195.73219101154,-1195.7789607707027,-0.0069355408549576225,1.94757547248202,0.11244332233046067,0.8577346411624054,0.9153713879294749,0.572184493678964
100.0,10000,5.0,56.0,10,A,9,-1215.6388163408542,-1215.6959149856668,-0.016962858505387146,1.6732709854891918,0.09660634538993752,0.8577346411624054,0.9153713879294749,0.572184493678964
100.0,10000,5.0,56.0,10,A,-1,-1200.3978690057763,-1200.5913716510477,-1.4840222986316487,1.597901982024027,0.09225491394602084,0.8577346411624054,0.9153713879294749,0.572184493678964
100.0,10000,5.0,56.0,10,B,-1,-1200.6383512125772,-1200.6383512125772,-7.265907941820471,1.5750863025309971,0.09093765007631634,0.8577346411624054,0.9153713879294749,0.572184493678964
100.0,10000,5.0,56.0,100,A,3,-1126.247458660067,-1126.2758333172894,-0.0075259553278250735,0.7555918475732445,0.043624115659389937,0.27125985297452104,0.2923388512593946,0.1809322703173449
100.0,10000,5.0,56.0,100,A,6,-1195.73219101154,-1195.7789607707027,0.005823122993131591,0.6308760380744814,0.036423645040758644,0.27125985297452104,0.2923388512593946,0.1809322703173449
100.0,10000,5.0,56.0,100,A,9,-1215.6388163408542,-1215.6959149856668,0.013701773203145251,0.5417621028165265,0.03127864958978593,0.27125985297452104,0.2923388512593946,0.1809322703173449
100.0,10000,5.0,56.0,100,A,-1,-1200.3978690057763,-1200.5913716510477,-0.2561418006576943,0.5027761509072449,0.029027794606842173,0.27125985297452104,0.2923388512593946,0.1809322703173449
100.0,10000,5.0,56.0,100,B,-1,-1200.6383512125772,-1200.6383512125772,-7.227534419907311,0.48406808159015274,0.027947683721218038,0.27125985297452104,0.2923388512593946,0.1809322703173449
100.0,10000,20.0,0.0,10,A,3,-1126.2758333172894,-1126.2758333172894,0.029491461380093398,0.4620671945642164,0.02667746191653455,0.27437313700264276,0.28705808044273545,0.3042148383545936
100.0,10000,20.0,0.0,10,A,6,-1195.7789607707027,-1195.7789607707027,0.03943388411586923,0.6886783349068385,0.03976086220435264,0.27437313700264276,0.28705808044273545,0.3042148383545936
100.0,10000,20.0,0.0,10,A,9,-1215.6959149856668,-1215.6959149856668,0.023612310324105934,0.8337734743706605,0.048137933987107036,0.27437313700264276,0.28705808044273545,0.3042148383545936
100.0,10000,20.0,0.0,10,A,-1,-1200.5913716510477,-1200.5913716510477,-8.031743475178654,3.2909380362091083,0.1900023961091707,0.27437313700264276,0.28705808044273545,0.3042148383545936
100.0,10000,20.0,0.0,10,B,-1,-1200.6383512125772,-1200.6383512125772,-36.451378301913806,3.205672965271784,0.18507961494335703,0.27437313700264276,0.28705808044273545,0.3042148383545936
100.0,10000,20.0,0.0,100,A,3,-1126.2758333172894,-1126.2758333172894,0.018882292485145058,0.15417526071420867,0.008901312827572911,0.08848944623583709,0.0909441825171468,0.08688882525087567
100.0,10000,20.0,0.0,100,A,6,-1195.7789607707027,-1195.7789607707027,0.020673486201161495,0.22156420383423545,0.012792015272648094,0.08848944623583709,0.0909441825171468,0.08688882525087567
100.0,10000,20.0,0.0,100,A,9,-1215.6959149856668,-1215.6959149856668,0.02391286219327604,0.26640491010664347,0.015380894656350865,0.08848944623583709,0.0909441825171468,0.08688882525087567
100.0,10000,20.0,0.0,100,A,-1,-1200.5913716510477,-1200.5913716510477,-1.9705156983338412,1.1305167527989626,0.06527041515518626,0.08848944623583709,0.0909441825171468,0.08688882525087567
100.0,10000,20.0,0.0,100,B,-1,-1200.6383512125772,-1200.6383512125772,-36.72865354569965,0.9816048886885501,0.0566729846722187,0.08848944623583709,0.0909441825171468,0.08688882525087567
100.0,10000,20.0,56.0,10,A,3,-1126.247458660067,-1126.2758333172894,-0.07917925649758573,2.20860193134977,0.1275136919597517,0.9128776617965821,0.9614804062231064,0.6422836592276528
100.0,10000,20.0,56.0,10,A,6,-1195.73219101154,-1195.7789607707027,-0.038671513561405746,1.8816279846484427,0.10863584234515113,0.9128776617965821,0.9614804062231064,0.6422836592276528
100.0,10000,20.0,56.0,10,A,9,-1215.6388163408542,-1215.6959149856668,-0.026046225832798697,1.7266614122821293,0.09968884311804267,0.9128776617965821,0.9614804062231064,0.6422836592276528
100.0,10000,20.0,56.0,10,A,-1,-1200.3978690057763,-1200.5913716510477,-8.472184226116841,3.5141332563116965,0.2028885781499774,0.9128776617965821,0.9614804062231064,0.6422836592276528
100.0,10000,20.0,56.0,10,B,-1,-1200.6383512125772,-1200.6383512125772,-36.414654698892825,3.1032916573837825,0.17916862737644465,0.9128776617965821,0.9614804062231064,0.6422836592276528
100.0,10000,20.0,56.0,100,A,3,-1126.247458660067,-1126.2758333172894,0.01948253267425315,0.750610744346961,0.04333653153053432,0.2881048844175879,0.29939802675094024,0.20601268290205946
100.0,10000,20.0,56.0,100,A,6,-1195.73219101154,-1195.7789607707027,0.0292042382410429,0.6382531251975928,0.03684956136439501,0.2881048844175879,0.29939802675094024,0.20601268290205946
100.0,10000,20.0,56.0,100,A,9,-1215.6388163408542,-1215.6959149856668,0.028504809669982478,0.5804548106785664,0.03351257411976835,0.2881048844175879,0.29939802675094024,0.20601268290205946
100.0,10000,20.0,56.0,100,A,-1,-1200.3978690057763,-1200.5913716510477,-2.031820089965386,1.2167265751685912,0.07024774157037575,0.2881048844175879,0.29939802675094024,0.20601268290205946
100.0,10000,20.0,56.0,100,B,-1,-1200.6383512125772,-1200.6383512125772,-36.74991367878189,1.0999756828772402,0.0635071256611217,0.2881048844175879,0.29939802675094024,0.20601268290205946
