form,w,phi_stern,bias_deg,max_abw_mN
ref,4,119.95599999999921,-0.04400000000079274,1.047210971182766
ref,6,119.93499999999882,-0.06500000000117723,3.8534068226410145
ref,8,119.91299999999842,-0.0870000000015807,5.353139091065051
ref,10,119.88999999999803,-0.11000000000197474,8.437864695867159
ref,12,119.86799999999764,-0.132000000002364,11.759687552140186
ref,14,119.84599999999725,-0.15400000000275327,15.46424127929047
ref,16,119.82399999999686,-0.17600000000314253,21.735851227931313
ref,18,119.80199999999645,-0.198000000003546,29.364012336273504
ref,20,119.78099999999607,-0.2190000000039305,38.492466967718464
A4,4,119.9999999999992,-7.958078640513122e-13,1.0766062107696595
A4,6,119.9999999999988,-1.1937117960769683e-12,2.9129641729132016
A4,8,119.99999999999841,-1.5916157281026244e-12,5.43936623417729
A4,10,119.99999999999801,-1.9895196601282805e-12,8.623256607232065
A4,12,119.99999999999761,-2.3874235921539366e-12,12.442792041093774
A4,14,119.99999999999721,-2.7853275241795927e-12,16.871104631030143
A4,16,119.99999999999682,-3.183231456205249e-12,21.874966218453306
A4,18,119.99999999999642,-3.581135388230905e-12,27.4147618034829
A4,20,119.99999999999602,-3.979039320256561e-12,33.44496847549405
csv,4,119.95599999999921,-0.04400000000079274,1.024643029438721
csv,6,119.93599999999881,-0.06400000000118666,3.741844741387723
csv,8,119.91499999999843,-0.08500000000157115,5.203749109034206
csv,10,119.89299999999803,-0.10700000000197463,7.993023788710474
csv,12,119.87199999999764,-0.12800000000235912,11.08196091260627
csv,14,119.84999999999724,-0.1500000000027626,15.36541912541134
csv,16,119.82899999999685,-0.17100000000314708,21.65468753636768
csv,18,119.80799999999645,-0.19200000000354578,29.311711775361626
csv,20,119.78799999999606,-0.2120000000039397,38.4807725412124
