ursache,max_r_F_mN,anmerkung,max_r_N1_mN,max_r_N2_mN,max_r_N3_mN,max_r_durch_Delta,z_max_L0 Sensor+Jitter,"z_max_L2 mech 1 %/0,1°"
"b) Zellkennlinie ε_lin = 0.02 % FS, FS = 10 N, ueber_Zelle",1.7763568394002505e-12,,2.220446049250313e-13,1.1102230246251565e-13,1.1102230246251565e-13,1.37382586187181e-14,6.832141690000964e-12,5.382899513334093e-13
"b) Zellkennlinie ε_lin = 0.02 % FS, FS = 10 N, zentral",0.08086933432949195,,0.009535840762797676,0.02597099962242666,0.04668160234866381,0.0006254395539790561,0.38901335290553174,0.0274597660874493
"b) Zellkennlinie ε_lin = 0.05 % FS, FS = 10 N, ueber_Zelle",1.7763568394002505e-12,,5.551115123125783e-14,1.1102230246251565e-13,1.1102230246251565e-13,1.37382586187181e-14,6.832141690000964e-12,5.382899513334093e-13
"b) Zellkennlinie ε_lin = 0.05 % FS, FS = 10 N, zentral",0.20217333582017716,,0.0238396019070497,0.0649274990557891,0.11670400587149299,0.0015635988849201636,0.9725333822624416,0.06864941521852529
"b) Zellkennlinie ε_lin = 0.05 % FS, FS = 49 N, ueber_Zelle",1.7763568394002505e-12,,5.551115123125783e-14,5.551115123125783e-14,2.220446049250313e-13,1.37382586187181e-14,6.832141690000964e-12,5.382899513334093e-13
"b) Zellkennlinie ε_lin = 0.05 % FS, FS = 49 N, zentral",0.041259864452136696,,0.004865224879024854,0.013250510011331151,0.023817144055304773,0.0003191018132415831,0.1984762004608731,0.014010084738414573
c) Verstärkung Phase 0 um 0.10 % anders (nur gegen ŷ⁰; ŷ¹ folgt),1.215695914985667,,0.41462325337693917,0.29168042939507033,0.5484736132897422,0.009402133913268886,4.675753519175643,0.36839270151080816
c) Verstärkung Phase 0 um 0.01 % anders (nur gegen ŷ⁰; ŷ¹ folgt),0.1215695914985667,,0.041462325337693916,0.029168042939507036,0.05484736132897422,0.0009402133913268887,0.4675753519175643,0.03683927015108082
d) Kombinationsläufe × (1 − 0.1 %),1.215695914985667,,0.41462325337693917,0.29168042939507033,0.5484736132897422,0.009402133913268886,4.675753519175643,0.36839270151080816
d) Kombinationsläufe × (1 − 1.0 %),12.15695914985667,,4.146232533769392,2.9168042939507033,5.484736132897422,0.09402133913268887,46.75753519175643,3.683927015108082
"e) nicht erfasster Jitter σ_u = 0,2° (Modul 2, 3)",0.07196482514526537,,0.008112540230198473,0.013230687952670017,0.020085282835702323,0.0005565725069239394,0.2767877890202514,0.021807522771292536
"f) Phasenversatz 0,05° von Modul 2 nur in Kombinationsläufen",1.7478888276355464,,1.1029157607088669,0.7460397495019366,0.48218777566094717,0.013518088380785356,9.190964672573891,0.6487739768875688
