level,rauschen,sig_h_mN,sig_amp,sig_ph_deg,n,n0,n1,kmax,szenario,x,nkamp,P_falsifiziert,P_bestaetigt,P_nicht_entscheidbar,P_PB1,P_sig_z0,P_sig_z1,P_IUT_bestaetigt,P_MET_falsifiziert,q95_maxz0,corr_z0_z1,u_F_mN,u_N1_mN,u_N2_mN,u_N3_mN,nu_F,Delta_F_mN,Delta_N2_mN,max_r0_F_mN,max_r0_N2_mN,pb1_quotient_median
0,Sensor+Jitter,0.11,0.0,0.02,20,20,21,9,exakt,0.0,600,0.0,0.935,0.0649999999999999,1.0,0.03,0.0366666666666666,1.0,0.0,3.7630843314742983,0.5010005084509139,0.2614793558380864,0.1757054459563073,0.1209323261793407,0.0843167997246456,36.8276847187434,129.29804015345175,73.11375474484164,0.5300132788911283,0.2717081655152914,0.0136424710952298
0,Sensor+Jitter,0.11,0.0,0.02,20,20,21,9,kopplung,0.01,600,1.0,0.0,0.0,1.0,1.0,1.0,1.0,0.0,132.67842742896408,0.9961054316844836,0.2610051053801921,0.1751614432510256,0.1201090075421977,0.0839929952760301,36.680249087218805,129.2974559372099,73.11578715817221,12.294116276148516,2.922656393139711,0.1017980739616598
0,Sensor+Jitter,0.11,0.0,0.02,20,20,21,9,kopplung,0.03,600,1.0,0.0,0.0,1.0,1.0,1.0,1.0,0.0,403.7482627235635,0.9965571278467776,0.2583649401491614,0.1724857331588599,0.1189420791084789,0.0830013303919279,36.60871160608464,129.29848078515067,73.1137084580517,36.588173471846616,8.75750847669418,0.2896038918354032
0,Sensor+Jitter,0.11,0.0,0.02,20,20,21,9,kopplung,0.1,600,1.0,0.0,0.0,1.0,1.0,1.0,1.0,0.0,1341.3983817621502,0.9964257700116488,0.2524458989610327,0.1664339099596556,0.1158581076845247,0.0816798234086225,35.87837988120235,129.30199101493324,73.11409795337153,121.69312208659278,29.16321677937084,0.9477008617572896
0,Sensor+Jitter,0.11,0.0,0.02,20,20,21,9,N2,0.01,600,1.0,0.0,0.0,1.0,1.0,1.0,1.0,0.0,28.119243150854818,0.9854541130042386,0.2623673814046119,0.1756398825563544,0.1217005939230493,0.0843246138636196,36.71633767559791,129.29742804428307,73.11486353239587,2.615944100168744,2.9170637621053483,0.0467180693472936
0,Sensor+Jitter,0.11,0.0,0.02,20,20,21,9,N2,0.03,600,1.0,0.0,0.0,1.0,1.0,1.0,1.0,0.0,82.95562158774659,0.9969433483163452,0.2627704098432789,0.1752189985319514,0.1225242928743351,0.0845702796703736,36.81409082459268,129.30158811166663,73.11389621721074,7.596043949275266,8.752656322958268,0.1265349657200855
0,Sensor+Jitter,0.11,0.0,0.02,20,20,21,9,N2,0.1,600,1.0,0.0,0.0,1.0,1.0,1.0,1.0,0.0,269.09208835227344,0.9984992936518056,0.2658370455113502,0.175475654416413,0.125412825726121,0.0834302133313583,37.07263232859432,129.3001241160741,73.11344667491554,25.0854105571352,29.171345926697985,0.4059593817917425
0,Sensor+Jitter,0.11,0.0,0.02,20,20,21,9,drift,0.01,600,0.0166666666666666,0.0,0.9833333333333332,1.0,1.0,0.0366666666666666,1.0,0.0,131.1221464561692,0.0122336178018094,0.2621084940088309,0.1761398962078011,0.1213528944375531,0.0850661422152158,36.73185980546607,130.59322477635243,73.84466950963132,12.288908003398102,2.919751859562058,0.1006904141537998
0,Sensor+Jitter,0.11,0.0,0.02,20,20,21,9,drift,0.03,600,0.0116666666666666,0.0,0.9883333333333332,1.0,1.0,0.0233333333333333,1.0,0.0,393.6589248405674,0.0196239153906478,0.26599681112631,0.1791345267381985,0.1235924160190286,0.0858433561508097,36.39218568436371,133.1802325119764,75.30691842010471,36.61138489491012,8.748878678712297,0.281527128783214
1,"mech 0,3 % / 0,03°",0.11,0.003,0.03,20,20,21,9,exakt,0.0,600,0.0,0.9333333333333332,0.0666666666666666,1.0,0.0333333333333333,0.0333333333333333,1.0,0.0,3.818875736645758,0.5499055196672741,0.993885723741532,1.4719540448499338,0.507701263522062,0.2333100540265127,37.14300846388953,129.2626767479075,73.15786224992274,2.023363492554775,1.1642699738335058,0.0858502108128242
1,"mech 0,3 % / 0,03°",0.11,0.003,0.03,20,20,21,9,kopplung,0.01,600,1.0,0.0,0.0,1.0,1.0,1.0,1.0,0.0,25.31066730024321,0.990665945168064,0.9934802761170672,1.4640415153268096,0.5061921909727302,0.2333268422607759,37.14392320831371,129.2620602563821,73.16043338797871,12.925732089119514,3.1185842925985643,0.1307530786424254
1,"mech 0,3 % / 0,03°",0.11,0.003,0.03,20,20,21,9,kopplung,0.03,600,1.0,0.0,0.0,1.0,1.0,1.0,1.0,0.0,72.51681575351031,0.9968738208468548,0.9859832965551536,1.458815755699659,0.5039903708027375,0.230931492659924,37.17160238658214,129.25683808033924,73.16342090454265,37.05600724387814,8.709646006750171,0.3166682459383534
1,"mech 0,3 % / 0,03°",0.11,0.003,0.03,20,20,21,9,kopplung,0.1,600,1.0,0.0,0.0,0.9983333333333332,1.0,1.0,1.0,0.0,248.9054334505961,0.9975573301462848,0.948686854834186,1.4032747678219215,0.4844546140527776,0.2230612179317254,36.95126518657566,129.25322231254748,73.157831798321,122.014134696661,29.16938002344349,0.972737331956816
1,"mech 0,3 % / 0,03°",0.11,0.003,0.03,20,20,21,9,N2,0.01,600,0.9966666666666668,0.0,0.0033333333333332,1.0,1.0,1.0,1.0,0.0,8.091962905810538,0.8528428721748459,0.9959476610005076,1.4778439488723851,0.511236366158503,0.2329375112014386,37.15219785863849,129.25622647392038,73.15872122848143,3.3788273776983457,3.11854939198114,0.0856109562384085
1,"mech 0,3 % / 0,03°",0.11,0.003,0.03,20,20,21,9,N2,0.03,600,1.0,0.0,0.0,1.0,1.0,1.0,1.0,0.0,21.359992342795664,0.9760071671617636,0.991084096151274,1.4717879374062195,0.516382688626108,0.2333261406078444,37.13764249076976,129.2565789269908,73.15661891317501,8.075387930904899,8.75032525028488,0.1471802941541041
1,"mech 0,3 % / 0,03°",0.11,0.003,0.03,20,20,21,9,N2,0.1,600,1.0,0.0,0.0,1.0,1.0,1.0,1.0,0.0,67.21787728167897,0.9960030407801904,0.9832411045071956,1.4730733237393667,0.5339873711384605,0.2341548466832627,37.10656823907901,129.25531064539186,73.16916711043852,25.397501809696355,29.142684058592383,0.4271085375937825
1,"mech 0,3 % / 0,03°",0.11,0.003,0.03,20,20,21,9,drift,0.01,600,0.0183333333333333,0.0,0.9816666666666668,1.0,1.0,0.0483333333333333,1.0,0.0,25.05292614224534,0.0694620449095885,0.997914262044861,1.4779871685075678,0.5097255215236266,0.2352402413759178,37.12973513884782,130.5477229092833,73.89710030638166,12.948935830060185,3.151978970088787,0.1302048187249825
1,"mech 0,3 % / 0,03°",0.11,0.003,0.03,20,20,21,9,drift,0.03,600,0.015,0.0,0.985,1.0,1.0,0.035,1.0,0.0,71.94317955213646,0.0338218119744559,1.0019727403595706,1.4916345048917894,0.5133829348372838,0.2378006738036734,37.13354842277276,133.13530229269986,75.35078836748754,37.07611918258624,8.791238826061642,0.3084389939030393
2,"mech 1 % / 0,1°",0.11,0.01,0.1,20,20,21,9,exakt,0.0,600,0.005,0.9283333333333332,0.0666666666666666,1.0,0.0416666666666666,0.0366666666666666,1.0,0.0,3.809042863673941,0.5829171386654017,3.300304055716481,4.9358330892543085,1.6953516173177927,0.7707139347908413,37.161361091809766,129.11133301728188,73.32669485443725,6.890034756866836,3.86560034049868,0.2857297263538494
2,"mech 1 % / 0,1°",0.11,0.01,0.1,20,20,21,9,kopplung,0.01,600,1.0,0.0,0.0,1.0,1.0,1.0,1.0,0.0,9.335706327774988,0.9258335286831474,3.2665153286808315,4.880391559904678,1.6847920949438588,0.7602437790926152,37.14404528140497,129.0960816846821,73.31186105366773,15.93272725731376,4.894314540839481,0.2899965977891443
2,"mech 1 % / 0,1°",0.11,0.01,0.1,20,20,21,9,kopplung,0.03,600,1.0,0.0,0.0,1.0,1.0,1.0,1.0,0.0,23.368676358762823,0.9889140506871535,3.23437445697277,4.828320883159941,1.6585869751345668,0.7529614143379343,37.12802602682953,129.08949924046553,73.30628214573758,39.07243021161055,9.520003010363764,0.4036614547729772
2,"mech 1 % / 0,1°",0.11,0.01,0.1,20,20,21,9,kopplung,0.1,600,1.0,0.0,0.0,0.005,1.0,1.0,0.3916666666666666,0.0,76.3526694148088,0.9968285414096888,3.127907326439086,4.676550732831704,1.6110720752537944,0.7294943654002426,36.93232038969626,129.0895619351726,73.29299884552596,123.20550430547894,29.29746540941045,1.0501771119696128
2,"mech 1 % / 0,1°",0.11,0.01,0.1,20,20,21,9,N2,0.01,600,0.0116666666666666,0.78,0.2083333333333332,1.0,0.1316666666666666,0.1016666666666666,1.0,0.0,4.33651285578129,0.6308652553683991,3.2658369129946427,4.893462767547815,1.6916783596532163,0.7629651506805999,37.1603985377795,129.07030383863258,73.30944967912271,7.349723823262377,4.898496426556279,0.2877328184825704
2,"mech 1 % / 0,1°",0.11,0.01,0.1,20,20,21,9,N2,0.03,600,0.975,0.0,0.025,1.0,0.9966666666666668,0.9983333333333332,1.0,0.0,7.575067910971493,0.8321366220328754,3.264453365300104,4.892910795373215,1.7152296677993866,0.7636387020730832,37.12687948966098,129.10087024682414,73.31657282094298,10.611496320680702,9.615629224663872,0.2851611841092161
2,"mech 1 % / 0,1°",0.11,0.01,0.1,20,20,21,9,N2,0.1,600,1.0,0.0,0.0,1.0,1.0,1.0,1.0,0.0,20.653294421118737,0.9754256331560124,3.2270584334201127,4.9063047007436245,1.769269511707572,0.7621013218461294,37.10379856096591,129.104830984066,73.31422892603621,26.89352440863846,29.205586449596783,0.4931202912077685
2,"mech 1 % / 0,1°",0.11,0.01,0.1,20,20,21,9,drift,0.01,600,0.01,0.0,0.99,1.0,1.0,0.0416666666666666,1.0,0.0,9.048666568444478,0.2413895762869747,3.283315136472118,4.914413648047777,1.6912942460767022,0.7680784077413031,37.1214091637972,130.3583943186013,74.038084678847,15.886175385836031,4.899650388654406,0.2890255361479702
2,"mech 1 % / 0,1°",0.11,0.01,0.1,20,20,21,9,drift,0.03,600,0.0116666666666666,0.0,0.9883333333333332,1.0,1.0,0.03,1.0,0.0,22.68581009301737,0.0795826202364251,3.3229897247803013,4.954685036433353,1.711198403784744,0.7738178009899499,37.16361293847828,132.98091803749676,75.516797584337,39.3512846718228,9.588620220997282,0.3955246338693635
3,"mech 3 % / 0,3°",0.11,0.03,0.3,20,20,21,9,exakt,0.0,600,0.0033333333333333,0.8833333333333333,0.1133333333333334,0.9633333333333334,0.0383333333333333,0.05,1.0,0.0,3.8180401099338823,0.5677798209668058,9.860697144059747,14.732183416469091,5.065020261138518,2.2916850239988897,37.204024609443145,128.59449025546044,73.74981935532921,20.2767995091247,11.530572421169088,0.8412964983005413
3,"mech 3 % / 0,3°",0.11,0.03,0.3,20,20,21,9,kopplung,0.01,600,0.0966666666666666,0.5133333333333333,0.39,0.9616666666666668,0.2933333333333333,0.29,1.0,0.0,4.9810712424350365,0.7127770659586732,9.75798596777766,14.622102532591624,5.02167182898559,2.2704465955040667,37.16472129760642,128.60491515539624,73.7552360987403,26.588376063544693,12.143221912721724,0.8391579078889326
3,"mech 3 % / 0,3°",0.11,0.03,0.3,20,20,21,9,kopplung,0.03,600,1.0,0.0,0.0,0.9633333333333334,1.0,1.0,1.0,0.0,9.232877516415192,0.9280983031829096,9.720550855725255,14.509827600452674,4.985286595375165,2.2569729050636997,37.11426603281153,128.6212522544068,73.70109237595148,47.37008378003371,14.507535490712304,0.8495271584721797
3,"mech 3 % / 0,3°",0.11,0.03,0.3,20,20,21,9,kopplung,0.1,600,1.0,0.0,0.0,0.0,1.0,1.0,0.0,0.0,25.838264163259257,0.9902123218083068,9.341133737738376,13.960392960177009,4.81152983943233,2.182067914670097,36.934865017150464,128.6244918442919,73.75806110492553,128.87056267131024,31.0742448568148,1.2930090291589522
3,"mech 3 % / 0,3°",0.11,0.03,0.3,20,20,21,9,N2,0.01,600,0.0,0.8766666666666667,0.1233333333333333,0.95,0.0466666666666666,0.0366666666666666,1.0,0.0,3.927743469628992,0.5802984642650093,9.806611923186706,14.73831502026497,5.10355840494318,2.289151286762727,37.208835370320536,128.57050364754735,73.77939885778306,20.12324550503619,11.998350393778813,0.843517803960795
3,"mech 3 % / 0,3°",0.11,0.03,0.3,20,20,21,9,N2,0.03,600,0.0133333333333333,0.7083333333333334,0.2783333333333333,0.9533333333333334,0.1333333333333333,0.1516666666666666,1.0,0.0,4.398786350787323,0.6414888159901376,9.77849660522442,14.680918400324051,5.127384773024471,2.286450774463944,37.10791027468083,128.54339960831786,73.67503651991076,21.63943874779728,14.773831739897595,0.843338139817346
3,"mech 3 % / 0,3°",0.11,0.03,0.3,20,20,21,9,N2,0.1,600,0.9983333333333332,0.0,0.0016666666666667,0.9683333333333334,1.0,1.0,1.0,0.0,8.12803795126685,0.8567443764123008,9.731312518740763,14.722292485052265,5.323238068246187,2.293887623798845,37.13691070194778,128.600889233668,73.71383537670962,33.96462091344321,31.4049404530084,0.8483750051371688
3,"mech 3 % / 0,3°",0.11,0.03,0.3,20,20,21,9,drift,0.01,600,0.005,0.6816666666666666,0.3133333333333333,0.9783333333333334,0.285,0.0416666666666666,1.0,0.0,4.836363287978302,0.4766365262537745,9.95945625739831,14.82553953333281,5.117437232944125,2.3049171571680978,37.166337499037134,129.92608705235847,74.47147663344676,26.085912945309875,11.759541241755503,0.8374835090069013
3,"mech 3 % / 0,3°",0.11,0.03,0.3,20,20,21,9,drift,0.03,600,0.0083333333333333,0.0,0.9916666666666668,0.9616666666666668,1.0,0.0433333333333333,1.0,0.0,8.988638140376208,0.2301109103703571,9.971061919936748,14.944924564013844,5.151517058260818,2.3222184166080573,37.13196486992493,132.46391368971345,75.95129318518659,47.91376419980009,14.851642478289836,0.8477342243100432
4,"mech 6 % / 0,6°",0.11,0.06,0.6,20,20,21,9,exakt,0.0,600,0.0,0.0,1.0,0.0,0.035,0.045,0.2383333333333333,0.0,3.856884220427351,0.5683982118865094,19.63550804209664,29.45071303023722,10.113259099996982,4.562872667019387,37.11436629740133,127.89137042546488,74.42122588955093,40.11605366860238,23.37945929547103,1.6504298384917688
4,"mech 6 % / 0,6°",0.11,0.06,0.6,20,20,21,9,kopplung,0.01,600,0.005,0.0,0.995,0.0,0.0683333333333333,0.0966666666666666,0.2366666666666666,0.0,4.05166371744395,0.628422302493926,19.63726909877063,29.27462421067383,10.060849350970958,4.563721880764498,37.17081803046036,127.8743080701804,74.33830213412743,42.00298183936418,23.226127937141545,1.6538231816558446
4,"mech 6 % / 0,6°",0.11,0.06,0.6,20,20,21,9,kopplung,0.03,600,0.4433333333333333,0.0,0.5566666666666666,0.0,0.675,0.715,0.25,0.0,5.8966196405378,0.8003644064651096,19.484459261421687,29.06138969016251,10.018611417827245,4.518680046049731,37.11615138719261,127.87784161185668,74.36801216147254,60.84990286602998,24.658724976154517,1.6353874235143493
4,"mech 6 % / 0,6°",0.11,0.06,0.6,20,20,21,9,kopplung,0.1,600,1.0,0.0,0.0,0.0,1.0,1.0,0.0,0.0,14.098121319767488,0.9711536180675108,18.75291030192849,27.942058653721595,9.625857235594022,4.378292764934913,36.96997637763478,127.85681267636556,74.24983086186344,140.15897015985658,36.975354134847535,1.7364723142629224
4,"mech 6 % / 0,6°",0.11,0.06,0.6,20,20,21,9,N2,0.01,600,0.0,0.0,1.0,0.0,0.0316666666666666,0.0433333333333333,0.2133333333333333,0.0,3.8187378467964894,0.5679942452942438,19.569082376676185,29.429494189005283,10.18614524097972,4.582966335889503,37.187654154398224,127.8479774293062,74.42042412858255,39.98132658007458,23.0064441771954,1.6613513120752468
4,"mech 6 % / 0,6°",0.11,0.06,0.6,20,20,21,9,N2,0.03,600,0.005,0.0,0.995,0.0,0.0583333333333333,0.055,0.215,0.0,4.12055437338374,0.5892888492019026,19.501588261648084,29.32869540224984,10.254393036709386,4.568657640002679,37.17140971993405,127.92905133972673,74.29710956755159,41.51614145212207,25.11668436417864,1.6616454236605018
4,"mech 6 % / 0,6°",0.11,0.06,0.6,20,20,21,9,N2,0.1,600,0.1783333333333333,0.0,0.8216666666666667,0.0,0.45,0.4416666666666666,0.22,0.0,5.332297989064739,0.7179364158145051,19.40179340827959,29.491122537898995,10.62616107875611,4.579938379156348,37.09413589355348,127.82029142152716,74.24676587017613,48.38027425783764,38.5707854413265,1.6606718275428245
4,"mech 6 % / 0,6°",0.11,0.06,0.6,20,20,21,9,drift,0.01,600,0.0016666666666666,0.0,0.9983333333333332,0.0,0.0966666666666666,0.0483333333333333,0.27,0.0,4.301229350741991,0.5524713419645216,19.793451238004327,29.507910335227663,10.141004767998858,4.592303096362315,37.16944432161743,129.17432214483082,75.06020162129015,43.577760939913055,23.528727612848183,1.6481224798898235
4,"mech 6 % / 0,6°",0.11,0.06,0.6,20,20,21,9,drift,0.03,600,0.005,0.0,0.995,0.0,0.6466666666666666,0.035,0.265,0.0,5.828245351555471,0.3903251867965961,20.03850340120701,30.06923046021297,10.298297245041436,4.651114528457216,37.13133161332817,131.7668070182277,76.55596101671703,63.20111645426035,25.025304263582317,1.6425973722672207
5,"mech 10 % / 1,0°",0.11,0.1,1.0,20,20,21,9,exakt,0.0,600,0.0016666666666666,0.0,0.9983333333333332,0.0,0.05,0.0433333333333333,0.0,0.0,3.950317018715358,0.5527689425750647,32.54226369216696,48.90496215348078,16.817369577797095,7.635587662903646,37.134421551548485,127.13381157065211,75.31116315306522,66.5798777567257,38.95663701257148,2.694806350155101
5,"mech 10 % / 1,0°",0.11,0.1,1.0,20,20,21,9,kopplung,0.01,600,0.0,0.0,1.0,0.0,0.0366666666666666,0.0583333333333333,0.0,0.0,3.858513033063854,0.5922410100651523,32.55327492324496,49.00356961483425,16.882029428972427,7.615719482508304,37.15692916325563,127.23789084724967,75.23767169417359,67.18693379095303,39.3431184069256,2.691016244411508
5,"mech 10 % / 1,0°",0.11,0.1,1.0,20,20,21,9,kopplung,0.03,600,0.0566666666666666,0.0,0.9433333333333334,0.0,0.2333333333333333,0.2783333333333333,0.0,0.0,4.7706896291382375,0.6945625394297714,31.89445853693952,48.11582860486061,16.552809841820864,7.516387623667345,37.1031631939402,127.05618107867124,75.13753482341981,82.66015825154682,38.77720499248009,2.6488608914796297
5,"mech 10 % / 1,0°",0.11,0.1,1.0,20,20,21,9,kopplung,0.1,600,0.9983333333333332,0.0,0.0016666666666667,0.0,0.9983333333333332,1.0,0.0,0.0,9.296865432778452,0.9247553514046012,30.774774121657604,46.67997340250064,16.076275463426747,7.242395057176522,36.984765041853606,127.07750409498829,75.25087989771923,156.2649764504877,47.86108601802212,2.616875581124124
5,"mech 10 % / 1,0°",0.11,0.1,1.0,20,20,21,9,N2,0.01,600,0.0016666666666666,0.0,0.9983333333333332,0.0,0.0316666666666666,0.0433333333333333,0.0,0.0,3.770609626300317,0.5643488812700148,32.29890347641426,48.73619051640225,16.87279362736788,7.606504351280976,37.10844889888008,127.21070369614584,75.25983772103282,66.99751848762459,39.02180214262202,2.7070502539792214
5,"mech 10 % / 1,0°",0.11,0.1,1.0,20,20,21,9,N2,0.03,600,0.0,0.0,1.0,0.0,0.0416666666666666,0.05,0.0,0.0,3.827213957799204,0.551394625366068,32.34379272636987,48.88350776430237,17.102694310300482,7.618063466362528,37.134925063427374,127.11896761166558,75.1268496852106,68.04990502085367,40.44022780278654,2.6910367212491675
5,"mech 10 % / 1,0°",0.11,0.1,1.0,20,20,21,9,N2,0.1,600,0.0133333333333333,0.0,0.9866666666666668,0.0,0.0983333333333333,0.115,0.0,0.0,4.223646457915163,0.6538172189263617,32.08618552081745,49.28324669979338,17.788934263421364,7.63207663111287,37.13120857849742,127.30829146945936,75.1440160764584,71.3011453018505,50.8057862572906,2.6962328255574444
5,"mech 10 % / 1,0°",0.11,0.1,1.0,20,20,21,9,drift,0.01,600,0.0,0.0,1.0,0.0,0.045,0.0316666666666666,0.0,0.0,3.925171950874445,0.5620404776823527,32.55768763493254,49.227576605467874,16.96749359788586,7.656101907544786,37.092661975635735,128.5451171063142,75.9701741306705,68.6151290980671,39.22521580036609,2.6971524793901334
5,"mech 10 % / 1,0°",0.11,0.1,1.0,20,20,21,9,drift,0.03,600,0.0016666666666666,0.0,0.9983333333333332,0.0,0.1866666666666666,0.035,0.0,0.0,4.494605950756876,0.492220956482742,33.036927466001174,49.69607687811568,17.080356117794196,7.724675316300187,37.06595274193764,130.87310054326156,77.30207397602074,80.44317506398852,39.58926126446487,2.6452104151835227
