fall,mu,geo,cfg,hub,N_min,N_max,N_pp,Fz_min,Fz_min_rel,Fz_max,Fz_pp,Nsum3_min_rel,M_min,M_mean,M_max,N1,F1_1,Mp1,Mm1,N2,F1_2,Mp2,Mm2,N3,F1_3,Mp3,Mm3,N4,F1_4,Mp4,Mm4,N5,F1_5,Mp5,Mm5,N6,F1_6,Mp6,Mm6
REF,1,G0,T,1,5.33039,7.49192,2.16153,-6.30814,-2.96784,11.2217,17.5299,0.835943,0.158821,0.945028,1.45675,1.79023e-15,4.34409,0.651613,2.55894e-16,4.42003e-15,5.37499,1.24127e-16,0.806249,1.07511,0.358371,4.67089e-18,1.31256e-17,4.19215e-17,0.0240113,0.00360169,2.03703e-18,5.70616e-17,0.0197026,2.30505e-18,0.0029554,0.0366544,0.0122181,3.16097e-19,8.00403e-19
REF,1,G0,Z,1,3.08463,9.23337,6.14874,-6.30814,-2.96784,11.2217,17.5299,0.48375,0.0394195,0.940498,1.50251,0.757225,4.34409,0.64941,0.0378612,1.86672,5.37499,0.0933358,0.795371,1.04261,0.358371,0.00927533,0.00927533,0.0164247,0.0240113,0.0034093,0.000821234,0.0166534,0.0197026,0.00083267,0.00271066,0.0323261,0.0122181,0.000610906,0.000610906
REF,1,G0,S,0.15,2.58136,10.4698,7.88844,0.860454,0.404824,3.48994,2.62948,0.404824,3.46945e-17,1.11682e-16,2.37144e-16,1.95484,0.651613,1.38778e-17,1.25093e-17,2.41875,0.806249,4.51028e-17,1.86835e-17,0.161267,0.0537557,1.26903e-18,6.94228e-19,0.0108051,0.00360169,8.30611e-20,8.30611e-20,0.00886619,0.0029554,6.09864e-20,5.4632e-20,0.00549815,0.00183272,4.93319e-20,2.79393e-20
REF,1,G60,T,1,5.33039,7.49192,2.16153,-6.43987,-3.02981,10.5728,17.0127,0.835943,0.158821,0.945028,1.45675,1.25607e-15,4.34409,0.651613,1.14439e-16,1.49217e-14,5.37499,1.10082e-15,0.806249,1.07511,0.358371,9.6974e-18,2.33544e-17,6.39734e-17,0.0240113,0.00360169,1.45461e-18,4.27126e-17,0.0197026,2.98156e-18,0.0029554,0.0366544,0.0122181,3.80438e-19,7.45759e-19
REF,1,G60,Z,1,3.08463,9.23337,6.14874,-7.00222,-3.29439,11.208,18.2102,0.48375,0.0394195,0.940498,1.50251,0.757225,4.3294,0.64941,0.0378612,1.86672,5.30247,0.0933358,0.795371,1.04261,0.37911,0.00927533,0.00927533,0.0164247,0.0227287,0.0034093,0.000821234,0.0166534,0.0180711,0.00083267,0.00271066,0.0323261,0.0146844,0.000610906,0.000610906
REF,1,G60,S,0.15,2.58136,10.4698,7.88844,0.860454,0.404824,3.48994,2.62948,0.404824,5.41945e-17,2.00466e-16,3.7879e-16,1.95484,0.651613,7.15245e-18,8.67362e-18,2.41875,0.806249,1.13409e-16,1.23373e-16,0.161267,0.0537557,2.39508e-18,2.39508e-18,0.0108051,0.00360169,8.67785e-20,1.15793e-19,0.00886619,0.0029554,6.06087e-20,7.66647e-20,0.00549815,0.00183272,4.74338e-20,4.12184e-20
REF,1,G0h,T,1,5.33039,7.49192,2.16153,0.448674,0.211091,4.38394,3.93527,0.835943,0.147466,0.269935,0.374377,1.62986e-15,1.73111,0.259666,9.02056e-17,5.339e-15,0.707706,1.96262e-17,0.106156,1.07511,0.358371,1.49227e-17,2.45327e-18,5.05159e-17,0.0932967,0.0139945,8.54252e-18,5.56195e-17,0.0681938,7.78515e-18,0.0102291,0.0366544,0.0122181,1.48856e-18,1.61724e-18
REF,1,G0h,Z,1,3.08463,9.23337,6.14874,-0.167481,-0.0787958,4.97494,4.83052,0.48375,0.132975,0.26911,0.380491,0.757225,1.86703,0.258788,0.0150876,1.86672,0.564967,0.0122892,0.104724,1.04261,0.406677,0.0120029,0.0120029,0.0164247,0.0724777,0.013247,0.00319094,0.0166534,0.0752895,0.002882,0.00938201,0.0323261,0.0195795,0.00175001,0.00175001
REF,1,G0h,S,0.15,2.58136,10.4698,7.88844,0.860454,0.404824,3.48994,2.62948,0.404824,0,3.2104e-17,1.24127e-16,1.95484,0.651613,8.67362e-18,8.67362e-18,2.41875,0.806249,1.01151e-17,1.22663e-17,0.161267,0.0537557,8.74112e-19,1.0842e-19,0.0108051,0.00360169,1.56001e-19,6.42853e-20,0.00886619,0.0029554,8.68446e-20,2.7316e-20,0.00549815,0.00183272,6.42853e-20,2.87493e-20
REF,1,G60h,T,1,5.33039,7.49192,2.16153,-0.675089,-0.317614,3.69156,4.36664,0.835943,0.147466,0.269935,0.374377,1.35064e-15,1.73111,0.259666,8.32667e-17,5.95084e-15,0.707706,1.38778e-17,0.106156,1.07511,0.358371,5.05754e-18,2.18396e-17,4.99168e-17,0.0932967,0.0139945,9.78429e-18,2.22153e-17,0.0681938,8.77065e-18,0.0102291,0.0366544,0.0122181,1.14131e-18,1.90682e-18
REF,1,G60h,Z,1,3.08463,9.23337,6.14874,-1.1634,-0.547352,4.27502,4.98972,0.48375,0.132975,0.26911,0.380491,0.757225,1.72944,0.258788,0.0150876,1.86672,0.0904772,0.0122892,0.104724,1.04261,0.472012,0.0120029,0.0120029,0.0164247,0.082854,0.013247,0.00319094,0.0166534,0.0588778,0.002882,0.00938201,0.0323261,0.0303782,0.00175001,0.00175001
REF,1,G60h,S,0.15,2.58136,10.4698,7.88844,0.860454,0.404824,3.48994,2.62948,0.404824,5.55112e-17,1.23379e-16,2.28878e-16,1.95484,0.651613,4.90654e-18,4.90654e-18,2.41875,0.806249,7.15245e-18,1.11076e-17,0.161267,0.0537557,1.56366e-18,2.45327e-18,0.0108051,0.00360169,1.41005e-19,2.61479e-19,0.00886619,0.0029554,1.05523e-19,1.62983e-19,0.00549815,0.00183272,8.27148e-20,7.32965e-20
REF,1,Z,T,1,5.33039,7.49192,2.16153,1.7768,0.835943,2.49731,0.720511,0.835943,2.88189e-09,4.98414e-09,6.45287e-09,1.74775e-15,3.24241e-08,4.86361e-09,1.90656e-24,4.8083e-15,1.06862e-08,1.03398e-25,1.60294e-09,1.07511,0.358371,2.74284e-18,1.22663e-18,4.18138e-17,6.97662e-10,1.04649e-10,7.56399e-26,5.61113e-17,9.57389e-10,1.20727e-25,1.43608e-10,0.0366544,0.0122181,8.13152e-20,1.11757e-19
REF,1,Z,Z,1,3.08463,9.23337,6.14874,1.02821,0.48375,3.07779,2.04958,0.48375,2.45447e-09,4.96933e-09,6.57014e-09,0.757225,0.252408,4.84716e-09,2.82594e-10,1.86672,0.622238,1.85565e-10,1.58131e-09,1.04261,0.347538,1.1933e-10,1.1933e-10,0.0164247,0.0054749,9.90593e-11,2.38615e-11,0.0166534,0.00555113,4.0461e-11,1.31716e-10,0.0323261,0.0107754,4.3209e-11,4.3209e-11
REF,1,Z,S,0.15,2.58136,10.4698,7.88844,0.860454,0.404824,3.48994,2.62948,0.404824,0,2.70138e-17,1.24127e-16,1.95484,0.651613,7.75792e-18,7.75792e-18,2.41875,0.806249,5.20417e-18,1.73472e-18,0.161267,0.0537557,4.8487e-19,2.1684e-19,0.0108051,0.00360169,1.69407e-20,1.69407e-20,0.00886619,0.0029554,2.7316e-20,2.7316e-20,0.00549815,0.00183272,2.06092e-20,7.57609e-21
REF,0.462,G0,T,1,5.8932,6.89183,0.998628,-0.216838,-0.102018,5.43424,5.65108,0.924206,0.0409866,0.329454,0.510472,9.55957e-16,1.83913,0.27587,8.77708e-17,3.08674e-15,1.57092,1.11022e-16,0.235638,0.496703,0.165568,3.46945e-18,1.55158e-17,2.03044e-17,0.0170187,0.00255281,2.1684e-18,2.19427e-17,0.0132948,1.10601e-18,0.00199422,0.0169343,0.00564477,1.90219e-19,5.33391e-19
REF,0.462,G0,Z,1,4.85566,7.69638,2.84072,-0.452023,-0.212667,5.7178,6.16983,0.761493,0.0122102,0.329243,0.52299,0.349838,1.84742,0.274937,0.0160291,0.862423,1.45293,0.0272788,0.232459,0.481688,0.181264,0.0076633,0.0076633,0.00758821,0.0156517,0.00241644,0.000582074,0.00769387,0.013922,0.000561862,0.00182908,0.0149347,0.00615458,0.000403025,0.000403025
REF,0.462,G0,S,0.15,4.62315,8.26761,3.64446,1.54105,0.725029,2.75587,1.21482,0.725029,0,2.69253e-17,1.00074e-16,0.903136,0.301045,6.56278e-18,7.21789e-18,1.11746,0.372487,6.13317e-18,1.04804e-17,0.0745054,0.0248351,1.42605e-18,1.21217e-18,0.00499195,0.00166398,7.25092e-20,6.86044e-20,0.00409618,0.00136539,4.92446e-20,6.01572e-20,0.00254015,0.000846716,3.40503e-20,3.33692e-20
REF,0.462,G60,T,1,5.8932,6.89183,0.998628,-1.33438,-0.627796,4.17839,5.51277,0.924206,0.0409866,0.329454,0.510472,4.96507e-16,1.83913,0.27587,3.10317e-17,5.00348e-15,1.57092,8.32667e-17,0.235638,0.496703,0.165568,6.02489e-18,1.23352e-17,2.11038e-17,0.0170187,0.00255281,1.18892e-18,1.94384e-17,0.0132948,2.10514e-18,0.00199422,0.0169343,0.00564477,3.03044e-19,3.68669e-19
REF,0.462,G60,Z,1,4.85566,7.69638,2.84072,-1.45891,-0.686384,4.57619,6.0351,0.761493,0.0122102,0.329243,0.52299,0.349838,1.83191,0.274937,0.0160291,0.862423,1.30288,0.0272788,0.232459,0.481688,0.212493,0.0076633,0.0076633,0.00758821,0.0158274,0.00241644,0.000582074,0.00769387,0.0119592,0.000561862,0.00182908,0.0149347,0.00808785,0.000403025,0.000403025
REF,0.462,G60,S,0.15,4.62315,8.26761,3.64446,1.54105,0.725029,2.75587,1.21482,0.725029,6.93889e-17,1.25916e-16,2.02064e-16,0.903136,0.301045,6.31449e-18,3.12732e-18,1.11746,0.372487,1.6684e-17,2.45633e-17,0.0745054,0.0248351,9.77287e-19,1.3682e-18,0.00499195,0.00166398,5.35711e-20,6.44636e-20,0.00409618,0.00136539,2.30418e-20,3.80694e-20,0.00254015,0.000846716,2.89482e-20,3.1237e-20
REF,0.462,G0h,T,1,5.8932,6.89183,0.998628,1.35903,0.639394,3.25139,1.89236,0.924206,0.0678506,0.132014,0.183387,5.44073e-16,0.830028,0.124504,4.16334e-17,2.54849e-15,0.39475,2.22153e-17,0.0592125,0.496703,0.165568,4.09134e-18,1.82816e-17,2.42861e-17,0.0246503,0.00369754,4.89214e-18,1.76908e-17,0.0159651,5.96311e-19,0.00239477,0.0169343,0.00564477,1.39532e-19,6.48542e-19
REF,0.462,G0h,Z,1,4.85566,7.69638,2.84072,1.07546,0.505978,3.5826,2.40924,0.761493,0.0529484,0.131761,0.196493,0.349838,0.891378,0.124083,0.00723417,0.862423,0.295205,0.00685476,0.0584136,0.481688,0.21919,0.00894932,0.00894932,0.00758821,0.0211314,0.00350003,0.000843088,0.00769387,0.0167395,0.000674715,0.00219646,0.0149347,0.0066074,0.000444512,0.000444512
REF,0.462,G0h,S,0.15,4.62315,8.26761,3.64446,1.54105,0.725029,2.75587,1.21482,0.725029,0,2.25939e-17,8.77708e-17,0.903136,0.301045,2.77691e-18,3.70537e-18,1.11746,0.372487,2.74284e-18,2.74284e-18,0.0745054,0.0248351,1.8818e-18,1.7457e-18,0.00499195,0.00166398,9.58308e-20,9.86639e-20,0.00409618,0.00136539,7.00328e-20,8.21054e-20,0.00254015,0.000846716,4.19089e-20,4.07985e-20
REF,0.462,G60h,T,1,5.8932,6.89183,0.998628,0.765757,0.360271,2.81119,2.04544,0.924206,0.0678506,0.132014,0.183387,6.86635e-16,0.830028,0.124504,3.53816e-17,2.45523e-15,0.39475,9.34177e-18,0.0592125,0.496703,0.165568,7.58632e-18,1.43705e-17,2.5258e-17,0.0246503,0.00369754,1.78811e-18,2.02883e-17,0.0159651,2.91729e-18,0.00239477,0.0169343,0.00564477,3.29747e-19,4.90893e-19
REF,0.462,G60h,Z,1,4.85566,7.69638,2.84072,0.587002,0.276171,3.15697,2.32774,0.761493,0.0529484,0.131761,0.196493,0.349838,0.829319,0.124083,0.00723417,0.862423,0.110991,0.00685476,0.0584136,0.481688,0.278258,0.00894932,0.00894932,0.00758821,0.0220062,0.00350003,0.000843088,0.00769387,0.0138678,0.000674715,0.00219646,0.0149347,0.00894966,0.000444512,0.000444512
REF,0.462,G60h,S,0.15,4.62315,8.26761,3.64446,1.54105,0.725029,2.75587,1.21482,0.725029,0,2.54097e-17,8.77708e-17,0.903136,0.301045,2.77691e-18,4.09134e-18,1.11746,0.372487,8.54252e-18,6.99289e-18,0.0745054,0.0248351,1.24801e-18,1.72963e-18,0.00499195,0.00166398,5.45531e-20,8.80425e-20,0.00409618,0.00136539,4.66099e-20,5.21871e-20,0.00254015,0.000846716,3.33692e-20,3.1237e-20
REF,0.462,Z,T,1,5.8932,6.89183,0.998628,1.9644,0.924206,2.29728,0.332876,0.924206,1.38412e-09,2.51523e-09,3.47671e-09,6.98665e-16,1.60783e-08,2.41174e-09,7.23783e-25,1.93569e-15,6.70291e-09,3.46806e-25,1.00544e-09,0.496703,0.165568,7.00633e-18,6.20937e-18,1.75314e-17,8.36177e-10,1.25427e-10,1.71412e-25,2.45915e-17,5.60782e-10,2.24445e-26,8.41173e-11,0.0169343,0.00564477,1.71427e-19,1.95457e-19
REF,0.462,Z,Z,1,4.85566,7.69638,2.84072,1.61855,0.761493,2.56546,0.946906,0.761493,1.2352e-09,2.50741e-09,3.54707e-09,0.349838,0.116613,2.40358e-09,1.40131e-10,0.862423,0.287474,1.16395e-10,9.91871e-10,0.481688,0.160563,1.18935e-10,1.18935e-10,0.00758821,0.0025294,1.18727e-10,2.85989e-11,0.00769387,0.00256462,2.36997e-11,7.71517e-11,0.0149347,0.00497822,1.45448e-11,1.45448e-11
REF,0.462,Z,S,0.15,4.62315,8.26761,3.64446,1.54105,0.725029,2.75587,1.21482,0.725029,0,2.09659e-17,8.77708e-17,0.903136,0.301045,1.30104e-18,2.77691e-18,1.11746,0.372487,1.93948e-18,1.93948e-18,0.0745054,0.0248351,6.06087e-19,6.06087e-19,0.00499195,0.00166398,1.02347e-19,1.02347e-19,0.00409618,0.00136539,7.8166e-20,5.75235e-20,0.00254015,0.000846716,2.6299e-20,2.99711e-20
STEIF,0.462,G0,T,1,4.94162,7.53807,2.59645,0.849768,0.399797,4.35965,3.50988,0.774973,0.113574,0.232217,0.320197,8.08255e-16,1.50563,0.225845,6.245e-17,3.88826e-16,0.503936,4.90654e-18,0.0755905,0.681621,0.227207,6.13317e-19,1.04264e-17,5.41945e-17,0.0350808,0.00526212,3.14419e-18,1.59934e-16,0.0506585,4.8487e-18,0.00759878,0.159676,0.0532252,1.16772e-18,3.10468e-18
STEIF,0.462,G0,Z,1,4.88779,7.4644,2.57661,0.826221,0.388719,4.42556,3.59933,0.766532,0.0998842,0.231374,0.315391,0.262943,1.50578,0.225081,0.0131225,0.17636,0.503591,0.00875076,0.0745705,0.661016,0.227036,0.00577696,0.00577696,0.0248034,0.035345,0.00498104,0.00119983,0.0452373,0.050187,0.00214092,0.00696953,0.140821,0.0525422,0.00244241,0.00244241
STEIF,0.462,G0,S,0.15,5.76766,7.44617,1.67851,1.92255,0.904518,2.48206,0.559505,0.904518,0,1.77466e-17,9.3095e-17,0.67881,0.22627,4.33681e-18,5.81844e-18,0.228514,0.0761714,1.74822e-18,1.74822e-18,0.102243,0.034081,8.05891e-19,7.76171e-19,0.0163171,0.00543902,1.35016e-19,1.11139e-19,0.0240841,0.00802804,1.95457e-19,2.23514e-19,0.0239513,0.00798378,1.86932e-19,1.98372e-19
STEIF,0.462,G60,T,1,4.94162,7.53807,2.59645,0.00055917,0.000263077,3.61479,3.61423,0.774973,0.113574,0.232217,0.320197,3.14018e-16,1.50563,0.225845,3.10317e-17,4.00297e-16,0.503936,3.48675e-17,0.0755905,0.681621,0.227207,7.96132e-18,3.49645e-18,4.55344e-17,0.0350808,0.00526212,2.45327e-18,1.4979e-16,0.0506585,8.29964e-18,0.00759878,0.159676,0.0532252,3.04012e-18,1.23737e-18
STEIF,0.462,G60,Z,1,4.88779,7.4644,2.57661,0.0856392,0.0402913,3.60999,3.52435,0.766532,0.0998842,0.231374,0.315391,0.262943,1.50055,0.225081,0.0131225,0.17636,0.49716,0.00875076,0.0745705,0.661016,0.239809,0.00577696,0.00577696,0.0248034,0.0332364,0.00498104,0.00119983,0.0452373,0.0465782,0.00214092,0.00696953,0.140821,0.0620342,0.00244241,0.00244241
STEIF,0.462,G60,S,0.15,5.76766,7.44617,1.67851,1.92255,0.904518,2.48206,0.559505,0.904518,6.20634e-17,1.22851e-16,1.8619e-16,0.67881,0.22627,5.22221e-18,4.61009e-18,0.228514,0.0761714,1.45461e-18,1.57862e-18,0.102243,0.034081,6.35092e-19,5.96927e-19,0.0163171,0.00543902,1.22161e-19,1.1278e-19,0.0240841,0.00802804,1.58048e-19,1.14997e-19,0.0239513,0.00798378,1.76703e-19,1.76703e-19
STEIF,0.462,G0h,T,1,4.94162,7.53807,2.59645,1.20328,0.566118,3.49229,2.28899,0.774973,0.066244,0.11554,0.152095,5.53069e-16,0.751001,0.11265,3.53816e-17,4.15929e-16,0.249517,1.11076e-17,0.0374275,0.681621,0.227207,1.0842e-18,5.17245e-18,5.6799e-17,0.0168351,0.00252526,1.40946e-18,1.42208e-16,0.0236971,2.85209e-18,0.00355456,0.159676,0.0532252,2.42435e-19,1.6407e-18
STEIF,0.462,G0h,Z,1,4.88779,7.4644,2.57661,1.22327,0.575519,3.4572,2.23394,0.766532,0.0552928,0.115174,0.152465,0.262943,0.791107,0.112269,0.0065454,0.17636,0.22742,0.00433282,0.0369225,0.661016,0.222812,0.00282439,0.00282439,0.0248034,0.0212097,0.00239037,0.000575794,0.0452373,0.0200596,0.00100148,0.00326021,0.140821,0.0489005,0.00110423,0.00110423
STEIF,0.462,G0h,S,0.15,5.76766,7.44617,1.67851,1.92255,0.904518,2.48206,0.559505,0.904518,0,1.88184e-17,6.93889e-17,0.67881,0.22627,3.49645e-18,3.49645e-18,0.228514,0.0761714,1.30104e-18,9.6974e-19,0.102243,0.034081,6.84101e-19,7.09407e-19,0.0163171,0.00543902,5.29243e-20,7.07463e-20,0.0240841,0.00802804,0,1.0842e-19,0.0239513,0.00798378,7.57609e-20,5.29243e-20
STEIF,0.462,G60h,T,1,4.94162,7.53807,2.59645,1.11161,0.522987,3.05906,1.94745,0.774973,0.066244,0.11554,0.152095,5.79553e-16,0.751001,0.11265,1.38778e-17,3.97399e-16,0.249517,1.20498e-17,0.0374275,0.681621,0.227207,3.0377e-18,1.30555e-18,5.47538e-17,0.0168351,0.00252526,1.37996e-18,1.46417e-16,0.0236971,3.52366e-18,0.00355456,0.159676,0.0532252,1.5072e-18,8.75791e-19
STEIF,0.462,G60h,Z,1,4.88779,7.4644,2.57661,1.14061,0.536631,3.02017,1.87956,0.766532,0.0552928,0.115174,0.152465,0.262943,0.751033,0.112269,0.0065454,0.17636,0.249689,0.00433282,0.0369225,0.661016,0.226827,0.00282439,0.00282439,0.0248034,0.0170379,0.00239037,0.000575794,0.0452373,0.024446,0.00100148,0.00326021,0.140821,0.0518413,0.00110423,0.00110423
STEIF,0.462,G60h,S,0.15,5.76766,7.44617,1.67851,1.92255,0.904518,2.48206,0.559505,0.904518,0,2.10088e-17,6.93889e-17,0.67881,0.22627,3.99834e-18,9.6974e-19,0.228514,0.0761714,1.31899e-18,1.16772e-18,0.102243,0.034081,5.23486e-19,4.51118e-19,0.0163171,0.00543902,5.4632e-20,7.20327e-20,0.0240841,0.00802804,3.83323e-20,3.83323e-20,0.0239513,0.00798378,7.90241e-20,7.90241e-20
STEIF,0.462,Z,T,1,4.94162,7.53807,2.59645,1.64721,0.774973,2.51269,0.865484,0.774973,1.27834e-09,2.30833e-09,3.03339e-09,5.25127e-16,1.50079e-08,2.25119e-09,6.53944e-25,3.95838e-16,4.97421e-09,1.63486e-25,7.46131e-10,0.681621,0.227207,8.74112e-19,8.74112e-19,5.73046e-17,3.32249e-10,4.98373e-11,3.90758e-26,1.44589e-16,4.63976e-10,5.32899e-26,6.95964e-11,0.159676,0.0532252,1.0842e-19,1.0842e-19
STEIF,0.462,Z,Z,1,4.88779,7.4644,2.57661,1.62926,0.766532,2.48813,0.858871,0.766532,1.11188e-09,2.30131e-09,3.08698e-09,0.262943,0.0876477,2.24358e-09,1.30803e-10,0.17636,0.0587868,8.63762e-11,7.36064e-10,0.661016,0.220339,5.60732e-11,5.60732e-11,0.0248034,0.0082678,4.71752e-11,1.13636e-11,0.0452373,0.0150791,1.96085e-11,6.38332e-11,0.140821,0.0469402,2.14012e-11,2.14012e-11
STEIF,0.462,Z,S,0.15,5.76766,7.44617,1.67851,1.92255,0.904518,2.48206,0.559505,0.904518,0,1.98289e-17,6.93889e-17,0.67881,0.22627,1.73472e-18,1.73472e-18,0.228514,0.0761714,4.8487e-19,4.8487e-19,0.102243,0.034081,4.54364e-19,4.41238e-19,0.0163171,0.00543902,6.09864e-20,4.74338e-20,0.0240841,0.00802804,6.06087e-20,6.06087e-20,0.0239513,0.00798378,1.51522e-20,1.51522e-20
STEIF,1,G0,T,1,3.27069,8.89072,5.62003,-0.803042,-0.377813,7.27064,8.07366,0.512929,0.266524,0.502587,0.653175,1.7486e-15,3.26508,0.489762,1.41526e-16,1.09344e-15,1.09915,1.38778e-17,0.164873,1.47537,0.49179,1.78811e-18,2.21517e-17,1.47523e-16,0.0784851,0.0117728,6.73254e-18,3.28133e-16,0.115845,1.24187e-17,0.0173767,0.345618,0.115206,1.89348e-18,7.89088e-18
STEIF,1,G0,Z,1,3.15419,8.73127,5.57708,-0.803036,-0.37781,7.27064,8.07366,0.494658,0.203063,0.502705,0.726964,0.569141,3.26508,0.488106,0.028457,0.381732,1.09915,0.0190866,0.162649,1.43077,0.49179,0.0127285,0.0127285,0.053687,0.0784851,0.0111439,0.00268435,0.0979161,0.115845,0.00489581,0.0159377,0.304806,0.115206,0.0057603,0.0057603
STEIF,1,G0,S,0.15,5.05866,8.69181,3.63315,1.68622,0.793328,2.89727,1.21105,0.793328,5.55112e-17,1.03405e-16,1.77722e-16,1.46929,0.489762,1.05519e-17,9.34177e-18,0.49462,0.164873,3.73066e-18,3.06659e-18,0.221305,0.0737685,1.57209e-18,1.60172e-18,0.0353183,0.0117728,3.26388e-19,2.88131e-19,0.0521301,0.0173767,4.12852e-19,4.90893e-19,0.0518427,0.0172809,3.83323e-19,3.83323e-19
STEIF,1,G60,T,1,3.27069,8.89072,5.62003,-2.18359,-1.02733,5.4173,7.60085,0.512929,0.266524,0.502587,0.653175,1.48952e-15,3.26508,0.489762,1.41526e-16,8.9509e-16,1.09915,1.38778e-17,0.164873,1.47537,0.49179,2.39007e-17,4.18788e-18,1.34729e-16,0.0784851,0.0117728,5.55382e-18,3.37946e-16,0.115845,1.83791e-17,0.0173767,0.345618,0.115206,7.92358e-18,1.93037e-18
STEIF,1,G60,Z,1,3.15419,8.73127,5.57708,-2.43264,-1.1445,5.47144,7.90407,0.494658,0.203063,0.502705,0.726964,0.569141,3.25404,0.488106,0.028457,0.381732,1.08432,0.0190866,0.162649,1.43077,0.52025,0.0127285,0.0127285,0.053687,0.0742927,0.0111439,0.00268435,0.0979161,0.106252,0.00489581,0.0159377,0.304806,0.13846,0.0057603,0.0057603
STEIF,1,G60,S,0.15,5.05866,8.69181,3.63315,1.68622,0.793328,2.89727,1.21105,0.793328,3.92523e-17,1.35541e-16,2.51337e-16,1.46929,0.489762,6.77431e-18,6.77431e-18,0.49462,0.164873,2.45327e-18,3.87896e-18,0.221305,0.0737685,1.57583e-18,1.57583e-18,0.0353183,0.0117728,2.71051e-19,2.23514e-19,0.0521301,0.0173767,3.06659e-19,3.06659e-19,0.0518427,0.0172809,4.28569e-19,3.09045e-19
STEIF,1,G0h,T,1,3.27069,8.89072,5.62003,0.0804566,0.037853,5.13161,5.05112,0.512929,0.138002,0.24975,0.325724,1.33227e-15,1.62402,0.243603,8.44153e-17,9.87666e-16,0.538048,1.25093e-17,0.0807072,1.47537,0.49179,6.74649e-18,1.02811e-17,1.37079e-16,0.0358796,0.00538194,2.9593e-18,3.29876e-16,0.0500408,4.8487e-18,0.00750611,0.345618,0.115206,9.19976e-19,2.47236e-18
STEIF,1,G0h,Z,1,3.15419,8.73127,5.57708,0.144605,0.0680332,5.02408,4.87947,0.494658,0.118865,0.249004,0.33182,0.569141,1.71091,0.24278,0.0141543,0.381732,0.490057,0.00934311,0.0796183,1.43077,0.482221,0.0060612,0.0060612,0.053687,0.0454748,0.00509445,0.00122715,0.0979161,0.042145,0.00211481,0.00688454,0.304806,0.105666,0.00230442,0.00230442
STEIF,1,G0h,S,0.15,5.05866,8.69181,3.63315,1.68622,0.793328,2.89727,1.21105,0.793328,0,2.18938e-17,7.85046e-17,1.46929,0.489762,7.80626e-18,6.99289e-18,0.49462,0.164873,2.33544e-18,9.6974e-19,0.221305,0.0737685,1.62721e-18,1.5072e-18,0.0353183,0.0117728,1.53329e-19,1.0842e-19,0.0521301,0.0173767,2.71051e-19,2.23514e-19,0.0518427,0.0172809,1.91662e-19,2.33166e-19
STEIF,1,G60h,T,1,3.27069,8.89072,5.62003,-0.0614774,-0.0289237,4.12122,4.18265,0.512929,0.138002,0.24975,0.325724,8.88178e-16,1.62402,0.243603,5.72196e-17,9.71049e-16,0.538048,9.81308e-18,0.0807072,1.47537,0.49179,1.12945e-17,2.68217e-18,1.36162e-16,0.0358796,0.00538194,2.81893e-18,3.29871e-16,0.0500408,8.13152e-18,0.00750611,0.345618,0.115206,2.57712e-18,9.99585e-19
STEIF,1,G60h,Z,1,3.15419,8.73127,5.57708,0.0226541,0.0106583,4.05733,4.03467,0.494658,0.118865,0.249004,0.33182,0.569141,1.62411,0.24278,0.0141543,0.381732,0.5385,0.00934311,0.0796183,1.43077,0.490799,0.0060612,0.0060612,0.053687,0.0364113,0.00509445,0.00122715,0.0979161,0.0519954,0.00211481,0.00688454,0.304806,0.111712,0.00230442,0.00230442
STEIF,1,G60h,S,0.15,5.05866,8.69181,3.63315,1.68622,0.793328,2.89727,1.21105,0.793328,6.20634e-17,1.23434e-16,1.8619e-16,1.46929,0.489762,5.81844e-18,5.81844e-18,0.49462,0.164873,1.22663e-18,2.74284e-18,0.221305,0.0737685,1.08013e-18,8.89112e-19,0.0353183,0.0117728,1.53329e-19,1.0842e-19,0.0521301,0.0173767,1.0842e-19,3.25261e-19,0.0518427,0.0172809,2.99385e-19,1.58048e-19
STEIF,1,Z,T,1,3.27069,8.89072,5.62003,1.09023,0.512929,2.96357,1.87334,0.512929,2.88189e-09,4.98414e-09,6.45287e-09,1.31363e-15,3.24241e-08,4.86361e-09,2.0367e-24,9.83269e-16,1.06862e-08,0,1.60294e-09,1.47537,0.49179,4.33681e-19,4.33681e-19,1.36676e-16,6.97662e-10,1.04649e-10,7.22513e-26,3.29915e-16,9.57389e-10,1.16502e-25,1.43608e-10,0.345618,0.115206,4.47028e-19,4.47028e-19
STEIF,1,Z,Z,1,3.15419,8.73127,5.57708,1.0514,0.494658,2.91042,1.85903,0.494658,2.45447e-09,4.96933e-09,6.57014e-09,0.569141,0.189714,4.84716e-09,2.82594e-10,0.381732,0.127244,1.85565e-10,1.58131e-09,1.43077,0.476924,1.1933e-10,1.1933e-10,0.053687,0.0178957,9.90593e-11,2.38615e-11,0.0979161,0.0326387,4.0461e-11,1.31716e-10,0.304806,0.101602,4.3209e-11,4.3209e-11
STEIF,1,Z,S,0.15,5.05866,8.69181,3.63315,1.68622,0.793328,2.89727,1.21105,0.793328,0,2.14071e-17,8.32667e-17,1.46929,0.489762,1.93948e-18,1.93948e-18,0.49462,0.164873,1.56366e-18,9.6974e-19,0.221305,0.0737685,9.6974e-19,9.6974e-19,0.0353183,0.0117728,1.21217e-19,1.21217e-19,0.0521301,0.0173767,0,2.1684e-19,0.0518427,0.0172809,1.14997e-19,1.38209e-19
STARR,1,G0,T,1,4.54827,7.5702,3.02194,-0.405168,-0.190622,6.82531,7.23048,0.713286,0.288189,0.498414,0.645287,1.249e-15,3.24241,0.486361,1.41526e-16,9.80621e-16,1.06862,4.38854e-17,0.160294,1.38317,0.461056,6.77431e-18,1.2174e-17,1.17757e-16,0.0697662,0.0104649,6.07153e-18,2.76513e-16,0.0957389,1.17974e-17,0.0143608,0.259254,0.086418,1.16772e-18,5.96607e-18
STARR,1,G0,Z,1,3.71208,7.83211,4.12003,-0.405168,-0.190622,6.82531,7.23048,0.58215,0.245447,0.496933,0.657014,0.565189,3.24241,0.484716,0.0282594,0.371129,1.06862,0.0185565,0.158131,1.34136,0.461056,0.011933,0.011933,0.0477229,0.0697662,0.00990593,0.00238615,0.080922,0.0957389,0.0040461,0.0131716,0.22864,0.086418,0.0043209,0.0043209
STARR,1,G0,S,0.15,5.2377,8.49142,3.25372,1.7459,0.821407,2.83047,1.08457,0.821407,3.10317e-17,1.00132e-16,1.61841e-16,1.45908,0.486361,5.27596e-18,6.31449e-18,0.480881,0.160294,1.93948e-18,5.55382e-18,0.207475,0.0691584,3.08665e-18,2.74819e-18,0.0313948,0.0104649,3.12884e-19,3.64913e-19,0.0430825,0.0143608,3.94656e-19,3.29747e-19,0.0388881,0.0129627,4.23394e-19,3.29747e-19
STARR,1,G60,T,1,4.54827,7.5702,3.02194,-1.77851,-0.836749,4.83711,6.61562,0.713286,0.288189,0.498414,0.645287,1.77636e-15,3.24241,0.486361,1.75542e-16,9.93014e-16,1.06862,3.10317e-17,0.160294,1.38317,0.461056,7.40122e-18,1.43262e-17,1.20235e-16,0.0697662,0.0104649,4.67089e-18,2.72655e-16,0.0957389,1.41612e-17,0.0143608,0.259254,0.086418,5.05754e-18,1.73472e-18
STARR,1,G60,Z,1,3.71208,7.83211,4.12003,-1.93263,-0.909259,5.0937,7.02633,0.58215,0.245447,0.496933,0.657014,0.565189,3.23144,0.484716,0.0282594,0.371129,1.05421,0.0185565,0.158131,1.34136,0.487737,0.011933,0.011933,0.0477229,0.0660395,0.00990593,0.00238615,0.080922,0.0878109,0.0040461,0.0131716,0.22864,0.103861,0.0043209,0.0043209
STARR,1,G60,S,0.15,5.2377,8.49142,3.25372,1.7459,0.821407,2.83047,1.08457,0.821407,6.20634e-17,1.22457e-16,1.8619e-16,1.45908,0.486361,3.57622e-18,8.67362e-19,0.480881,0.160294,8.42056e-18,8.42056e-18,0.207475,0.0691584,1.84394e-18,1.34218e-18,0.0313948,0.0104649,3.29747e-19,3.29747e-19,0.0430825,0.0143608,3.25261e-19,3.42855e-19,0.0388881,0.0129627,3.35545e-19,4.06802e-19
STARR,1,G0h,T,1,4.54827,7.5702,3.02194,0.555461,0.261332,4.67436,4.1189,0.713286,0.144094,0.249207,0.322643,1.22125e-15,1.6212,0.24318,6.93889e-17,9.4369e-16,0.534312,1.25093e-17,0.0801468,1.38317,0.461056,3.98066e-18,8.89046e-18,1.22126e-16,0.0348831,0.00523247,3.57622e-18,2.72655e-16,0.0478695,5.63785e-18,0.00718042,0.259254,0.086418,1.40946e-18,2.31776e-18
STARR,1,G0h,Z,1,3.71208,7.83211,4.12003,0.417164,0.196266,4.71776,4.3006,0.58215,0.122724,0.248467,0.328507,0.565189,1.70704,0.242358,0.0141297,0.371129,0.488549,0.00927823,0.0790654,1.34136,0.452396,0.00596651,0.00596651,0.0477229,0.0427384,0.00495296,0.00119307,0.080922,0.0416265,0.00202305,0.00658581,0.22864,0.0801925,0.00216045,0.00216045
STARR,1,G0h,S,0.15,5.2377,8.49142,3.25372,1.7459,0.821407,2.83047,1.08457,0.821407,0,2.36012e-17,8.32667e-17,1.45908,0.486361,5.27596e-18,6.31449e-18,0.480881,0.160294,8.67362e-19,8.67362e-19,0.207475,0.0691584,1.45663e-18,9.96641e-19,0.0313948,0.0104649,1.24948e-19,1.46593e-19,0.0430825,0.0143608,3.06659e-19,2.42435e-19,0.0388881,0.0129627,2.58921e-19,2.22278e-19
STARR,1,G60h,T,1,4.54827,7.5702,3.02194,0.372445,0.175227,3.65646,3.28402,0.713286,0.144094,0.249207,0.322643,1.33227e-15,1.6212,0.24318,7.47342e-17,9.4369e-16,0.534312,2.19427e-17,0.0801468,1.38317,0.461056,1.31899e-18,8.24279e-18,1.22762e-16,0.0348831,0.00523247,2.53805e-18,2.72655e-16,0.0478695,8.0465e-18,0.00718042,0.259254,0.086418,2.42435e-18,1.45461e-18
STARR,1,G60h,Z,1,3.71208,7.83211,4.12003,0.253969,0.119487,3.79981,3.54584,0.58215,0.122724,0.248467,0.328507,0.565189,1.6212,0.242358,0.0141297,0.371129,0.534312,0.00927823,0.0790654,1.34136,0.461056,0.00596651,0.00596651,0.0477229,0.0348831,0.00495296,0.00119307,0.080922,0.0478695,0.00202305,0.00658581,0.22864,0.086418,0.00216045,0.00216045
STARR,1,G60h,S,0.15,5.2377,8.49142,3.25372,1.7459,0.821407,2.83047,1.08457,0.821407,6.20634e-17,1.22474e-16,1.75542e-16,1.45908,0.486361,3.57622e-18,8.67362e-19,0.480881,0.160294,8.67362e-19,8.67362e-19,0.207475,0.0691584,5.76261e-19,6.52776e-19,0.0313948,0.0104649,1.36201e-19,8.24368e-20,0.0430825,0.0143608,5.42101e-20,2.23514e-19,0.0388881,0.0129627,2.1684e-19,2.1684e-19
STARR,1,Z,T,1,4.54827,7.5702,3.02194,1.51609,0.713286,2.5234,1.00731,0.713286,2.88189e-09,4.98414e-09,6.45287e-09,1.30451e-15,3.24241e-08,4.86361e-09,1.70528e-24,9.55957e-16,1.06862e-08,0,1.60294e-09,1.38317,0.461056,3.60894e-18,4.36383e-18,1.21493e-16,6.97662e-10,1.04649e-10,7.1379e-26,2.72655e-16,9.57389e-10,1.08329e-25,1.43608e-10,0.259254,0.086418,5.42101e-19,5.42101e-19
STARR,1,Z,Z,1,3.71208,7.83211,4.12003,1.23736,0.58215,2.6107,1.37334,0.58215,2.45447e-09,4.96933e-09,6.57014e-09,0.565189,0.188396,4.84716e-09,2.82594e-10,0.371129,0.12371,1.85565e-10,1.58131e-09,1.34136,0.447119,1.1933e-10,1.1933e-10,0.0477229,0.0159076,9.90593e-11,2.38615e-11,0.080922,0.026974,4.0461e-11,1.31716e-10,0.22864,0.0762135,4.3209e-11,4.3209e-11
STARR,1,Z,S,0.15,5.2377,8.49142,3.25372,1.7459,0.821407,2.83047,1.08457,0.821407,0,2.50532e-17,8.32667e-17,1.45908,0.486361,3.57622e-18,8.67362e-19,0.480881,0.160294,8.67362e-19,8.67362e-19,0.207475,0.0691584,5.76261e-19,6.52776e-19,0.0313948,0.0104649,1.36201e-19,8.24368e-20,0.0430825,0.0143608,5.42101e-20,2.23514e-19,0.0388881,0.0129627,2.1684e-19,2.1684e-19
STARR,0.462,G0,T,1,5.53186,6.92799,1.39613,0.956331,0.449932,4.29681,3.34048,0.867538,0.133143,0.230267,0.298122,5.2148e-16,1.49799,0.224699,7.07631e-17,3.84843e-16,0.493704,1.38778e-17,0.0740556,0.639024,0.213008,7.63882e-18,9.03733e-18,5.0307e-17,0.032232,0.0048348,3.38889e-18,1.17808e-16,0.0442314,4.8487e-18,0.00663471,0.119775,0.0399251,4.47028e-19,3.21078e-18
STARR,0.462,G0,Z,1,5.14554,7.04899,1.90345,0.956331,0.449932,4.29681,3.34048,0.806953,0.113397,0.229583,0.303541,0.261117,1.49799,0.223939,0.0130559,0.171462,0.493704,0.00857308,0.0730564,0.619707,0.213008,0.00551305,0.00551305,0.022048,0.032232,0.00457654,0.0011024,0.037386,0.0442314,0.0018693,0.00608529,0.105632,0.0399251,0.00199625,0.00199625
STARR,0.462,G0,S,0.15,5.85037,7.35359,1.50322,1.95012,0.91749,2.4512,0.501072,0.91749,0,1.77958e-17,8.44153e-17,0.674096,0.224699,5.48568e-18,5.48568e-18,0.222167,0.0740556,1.53329e-18,3.02024e-18,0.0958536,0.0319512,1.26351e-18,1.08319e-18,0.0145044,0.0048348,1.49693e-19,1.28571e-19,0.0199041,0.00663471,7.90241e-20,2.4916e-19,0.0179663,0.00598876,1.1278e-19,8.27148e-20
STARR,0.462,G60,T,1,5.53186,6.92799,1.39613,0.321847,0.151422,3.37827,3.05642,0.867538,0.133143,0.230267,0.298122,4.96507e-16,1.49799,0.224699,1.38778e-17,3.7238e-16,0.493704,2.08888e-17,0.0740556,0.639024,0.213008,1.05257e-17,4.18367e-18,5.27596e-17,0.032232,0.0048348,1.99917e-18,1.14439e-16,0.0442314,5.96607e-18,0.00663471,0.119775,0.0399251,2.65851e-18,9.77287e-19
STARR,0.462,G60,Z,1,5.14554,7.04899,1.90345,0.250644,0.117922,3.49681,3.24616,0.806953,0.113397,0.229583,0.303541,0.261117,1.49293,0.223939,0.0130559,0.171462,0.487043,0.00857308,0.0730564,0.619707,0.225335,0.00551305,0.00551305,0.022048,0.0305103,0.00457654,0.0011024,0.037386,0.0405686,0.0018693,0.00608529,0.105632,0.047984,0.00199625,0.00199625
STARR,0.462,G60,S,0.15,5.85037,7.35359,1.50322,1.95012,0.91749,2.4512,0.501072,0.91749,6.20634e-17,1.22181e-16,1.77722e-16,0.674096,0.224699,5.63785e-18,2.1684e-18,0.222167,0.0740556,2.82725e-18,3.31702e-18,0.0958536,0.0319512,2.18528e-19,2.18528e-19,0.0145044,0.0048348,2.53182e-19,2.17264e-19,0.0199041,0.00663471,3.7016e-19,1.54523e-19,0.0179663,0.00598876,1.1031e-19,1.68319e-19
STARR,0.462,G0h,T,1,5.53186,6.92799,1.39613,1.40014,0.658735,3.30307,1.90293,0.867538,0.0665716,0.115134,0.149061,5.46721e-16,0.748996,0.112349,4.22076e-17,3.81718e-16,0.246852,3.46945e-18,0.0370278,0.639024,0.213008,7.19587e-18,7.94136e-18,5.0307e-17,0.016116,0.0024174,1.6407e-18,1.19495e-16,0.0221157,2.42435e-18,0.00331735,0.119775,0.0399251,9.81787e-19,1.11625e-18
STARR,0.462,G0h,Z,1,5.14554,7.04899,1.90345,1.33625,0.628675,3.32312,1.98688,0.806953,0.0566983,0.114792,0.15177,0.261117,0.788652,0.111969,0.00652793,0.171462,0.22571,0.00428654,0.0365282,0.619707,0.209007,0.00275653,0.00275653,0.022048,0.0197451,0.00228827,0.0005512,0.037386,0.0192314,0.000934649,0.00304265,0.105632,0.0370489,0.000998127,0.000998127
STARR,0.462,G0h,S,0.15,5.85037,7.35359,1.50322,1.95012,0.91749,2.4512,0.501072,0.91749,0,1.964e-17,8.77708e-17,0.674096,0.224699,3.46945e-18,7.75792e-18,0.222167,0.0740556,1.83995e-18,2.1684e-18,0.0958536,0.0319512,1.26351e-18,1.08319e-18,0.0145044,0.0048348,1.3637e-19,1.06065e-19,0.0199041,0.00663471,8.24368e-20,1.82331e-19,0.0179663,0.00598876,1.69948e-19,1.6107e-19
STARR,0.462,G60h,T,1,5.53186,6.92799,1.39613,1.31559,0.618955,2.83281,1.51722,0.867538,0.0665716,0.115134,0.149061,4.96507e-16,0.748996,0.112349,6.93889e-18,3.7238e-16,0.246852,1.25093e-17,0.0370278,0.639024,0.213008,5.52837e-18,2.82725e-18,5.09976e-17,0.016116,0.0024174,1.02283e-18,1.17808e-16,0.0221157,2.93386e-18,0.00331735,0.119775,0.0399251,1.57862e-18,4.33681e-19
STARR,0.462,G60h,Z,1,5.14554,7.04899,1.90345,1.26085,0.593203,2.89903,1.63818,0.806953,0.0566983,0.114792,0.15177,0.261117,0.748996,0.111969,0.00652793,0.171462,0.246852,0.00428654,0.0365282,0.619707,0.213008,0.00275653,0.00275653,0.022048,0.016116,0.00228827,0.0005512,0.037386,0.0221157,0.000934649,0.00304265,0.105632,0.0399251,0.000998127,0.000998127
STARR,0.462,G60h,S,0.15,5.85037,7.35359,1.50322,1.95012,0.91749,2.4512,0.501072,0.91749,0,1.94932e-17,6.93889e-17,0.674096,0.224699,3.38716e-18,1.56366e-18,0.222167,0.0740556,8.94056e-19,4.8487e-19,0.0958536,0.0319512,1.20366e-18,1.14356e-18,0.0145044,0.0048348,5.4632e-20,2.79393e-20,0.0199041,0.00663471,7.29826e-20,1.05849e-19,0.0179663,0.00598876,5.78964e-20,2.03288e-20
STARR,0.462,Z,T,1,5.53186,6.92799,1.39613,1.84395,0.867538,2.30933,0.465378,0.867538,1.33143e-09,2.30267e-09,2.98122e-09,5.2148e-16,1.49799e-08,2.24699e-09,9.24816e-25,3.84843e-16,4.93704e-09,1.29247e-25,7.40556e-10,0.639024,0.213008,3.26163e-18,4.51867e-18,5.09386e-17,3.2232e-10,4.8348e-11,3.63058e-26,1.19495e-16,4.42314e-10,4.88965e-26,6.63471e-11,0.119775,0.0399251,3.42855e-19,5.52837e-19
STARR,0.462,Z,Z,1,5.14554,7.04899,1.90345,1.71518,0.806953,2.34966,0.634485,0.806953,1.13397e-09,2.29583e-09,3.03541e-09,0.261117,0.0870391,2.23939e-09,1.30559e-10,0.171462,0.0571539,8.57308e-11,7.30564e-10,0.619707,0.206569,5.51305e-11,5.51305e-11,0.022048,0.00734933,4.57654e-11,1.1024e-11,0.037386,0.012462,1.8693e-11,6.08529e-11,0.105632,0.0352106,1.99625e-11,1.99625e-11
STARR,0.462,Z,S,0.15,5.85037,7.35359,1.50322,1.95012,0.91749,2.4512,0.501072,0.91749,0,1.94932e-17,6.93889e-17,0.674096,0.224699,3.38716e-18,1.56366e-18,0.222167,0.0740556,8.94056e-19,4.8487e-19,0.0958536,0.0319512,1.20366e-18,1.14356e-18,0.0145044,0.0048348,5.4632e-20,2.79393e-20,0.0199041,0.00663471,7.29826e-20,1.05849e-19,0.0179663,0.00598876,5.78964e-20,2.03288e-20
STARR,0.4,G0,T,1,5.64521,6.85398,1.20877,1.11323,0.523751,4.00542,2.89219,0.885314,0.115275,0.199366,0.258115,6.37926e-16,1.29696,0.194544,5.72196e-17,4.06088e-16,0.42745,4.90654e-18,0.0641174,0.553267,0.184422,5.97493e-18,1.22188e-17,4.8456e-17,0.0279065,0.00418597,2.74498e-18,1.07846e-16,0.0382956,4.52776e-18,0.00574434,0.103702,0.0345672,1.04134e-18,1.95232e-18
STARR,0.4,G0,Z,1,5.31073,6.95874,1.64801,1.11323,0.523751,4.00542,2.89219,0.83286,0.0981789,0.198773,0.262806,0.226075,1.29696,0.193886,0.0113038,0.148452,0.42745,0.00742258,0.0632523,0.536543,0.184422,0.00477321,0.00477321,0.0190892,0.0279065,0.00396237,0.000954458,0.0323688,0.0382956,0.00161844,0.00526865,0.0914562,0.0345672,0.00172836,0.00172836
STARR,0.4,G0,S,0.15,5.92098,7.22247,1.30149,1.97366,0.928563,2.40749,0.433829,0.928563,0,1.91518e-17,8.77708e-17,0.583633,0.194544,4.94472e-18,6.8571e-18,0.192352,0.0641174,1.21217e-18,1.55234e-18,0.0829901,0.0276634,6.14514e-19,4.9832e-19,0.0125579,0.00418597,1.71427e-19,1.53329e-19,0.017233,0.00574434,1.16583e-19,2.00101e-19,0.0155552,0.00518508,1.6543e-19,1.46593e-19
STARR,0.4,G60,T,1,5.64521,6.85398,1.20877,0.563896,0.2653,3.21015,2.64625,0.885314,0.115275,0.199366,0.258115,6.28037e-16,1.29696,0.194544,3.92523e-17,4.00297e-16,0.42745,1.93948e-17,0.0641174,0.553267,0.184422,6.25839e-18,2.13563e-18,4.66766e-17,0.0279065,0.00418597,1.86533e-18,1.09549e-16,0.0382956,5.96607e-18,0.00574434,0.103702,0.0345672,2.52179e-18,7.27305e-19
STARR,0.4,G60,Z,1,5.31073,6.95874,1.64801,0.502248,0.236296,3.31278,2.81053,0.83286,0.0981789,0.198773,0.262806,0.226075,1.29258,0.193886,0.0113038,0.148452,0.421682,0.00742258,0.0632523,0.536543,0.195095,0.00477321,0.00477321,0.0190892,0.0264158,0.00396237,0.000954458,0.0323688,0.0351243,0.00161844,0.00526865,0.0914562,0.0415446,0.00172836,0.00172836
STARR,0.4,G60,S,0.15,5.92098,7.22247,1.30149,1.97366,0.928563,2.40749,0.433829,0.928563,6.20634e-17,1.22977e-16,1.88758e-16,0.583633,0.194544,4.11426e-18,4.11426e-18,0.192352,0.0641174,8.74112e-19,1.50622e-18,0.0829901,0.0276634,6.61719e-19,4.23394e-19,0.0125579,0.00418597,7.66647e-20,1.11757e-19,0.017233,0.00574434,2.12131e-19,1.41493e-19,0.0155552,0.00518508,1.39037e-19,1.22161e-19
STARR,0.4,G0h,T,1,5.64521,6.85398,1.20877,1.49748,0.704533,3.14504,1.64756,0.885314,0.0576377,0.0996828,0.129057,7.21778e-16,0.648481,0.0972722,3.19867e-17,4.29595e-16,0.213725,5.48568e-18,0.0320587,0.553267,0.184422,2.77691e-18,6.02489e-18,4.75568e-17,0.0139532,0.00209299,1.37249e-18,1.07846e-16,0.0191478,2.42435e-18,0.00287217,0.103702,0.0345672,3.47114e-19,7.37337e-19
STARR,0.4,G0h,Z,1,5.31073,6.95874,1.64801,1.44217,0.678507,3.1624,1.72024,0.83286,0.0490895,0.0993866,0.131403,0.226075,0.682816,0.0969432,0.00565189,0.148452,0.19542,0.00371129,0.0316262,0.536543,0.180958,0.0023866,0.0023866,0.0190892,0.0170954,0.00198119,0.000477229,0.0323688,0.0166506,0.00080922,0.00263433,0.0914562,0.032077,0.00086418,0.00086418
STARR,0.4,G0h,S,0.15,5.92098,7.22247,1.30149,1.97366,0.928563,2.40749,0.433829,0.928563,0,1.86671e-17,6.93889e-17,0.583633,0.194544,5.24019e-18,2.21135e-18,0.192352,0.0641174,1.32344e-18,6.59494e-19,0.0829901,0.0276634,5.69367e-19,5.15174e-19,0.0125579,0.00418597,1.03657e-19,8.62478e-20,0.017233,0.00574434,9.58308e-20,1.16583e-19,0.0155552,0.00518508,8.91278e-20,1.00736e-19
STARR,0.4,G60h,T,1,5.64521,6.85398,1.20877,1.42428,0.670091,2.73789,1.31361,0.885314,0.0576377,0.0996828,0.129057,7.1089e-16,0.648481,0.0972722,1.86835e-17,4.2367e-16,0.213725,9.34177e-18,0.0320587,0.553267,0.184422,3.10468e-18,5.99751e-18,4.8487e-17,0.0139532,0.00209299,1.32344e-18,1.07846e-16,0.0191478,2.79852e-18,0.00287217,0.103702,0.0345672,7.06813e-19,5.9877e-19
STARR,0.4,G60h,Z,1,5.31073,6.95874,1.64801,1.37689,0.647795,2.79522,1.41833,0.83286,0.0490895,0.0993866,0.131403,0.226075,0.648481,0.0969432,0.00565189,0.148452,0.213725,0.00371129,0.0316262,0.536543,0.184422,0.0023866,0.0023866,0.0190892,0.0139532,0.00198119,0.000477229,0.0323688,0.0191478,0.00080922,0.00263433,0.0914562,0.0345672,0.00086418,0.00086418
STARR,0.4,G60h,S,0.15,5.92098,7.22247,1.30149,1.97366,0.928563,2.40749,0.433829,0.928563,0,1.79756e-17,6.93889e-17,0.583633,0.194544,4.11426e-18,4.11426e-18,0.192352,0.0641174,4.33681e-19,0,0.0829901,0.0276634,2.01473e-19,2.95992e-19,0.0125579,0.00418597,7.48463e-20,5.82916e-20,0.017233,0.00574434,7.90241e-20,6.91046e-20,0.0155552,0.00518508,1.30871e-19,1.1278e-19
STARR,0.4,Z,T,1,5.64521,6.85398,1.20877,1.88174,0.885314,2.28466,0.402925,0.885314,1.15275e-09,1.99366e-09,2.58115e-09,7.1089e-16,1.29696e-08,1.94544e-09,8.33618e-25,4.2367e-16,4.2745e-09,7.75482e-26,6.41174e-10,0.553267,0.184422,4.08127e-18,4.60116e-18,4.72613e-17,2.79065e-10,4.18597e-11,2.92595e-26,1.07846e-16,3.82956e-10,5.22012e-26,5.74434e-11,0.103702,0.0345672,3.79471e-19,5.42101e-20
STARR,0.4,Z,Z,1,5.31073,6.95874,1.64801,1.77024,0.83286,2.31958,0.549337,0.83286,9.81789e-10,1.98773e-09,2.62806e-09,0.226075,0.0753585,1.93886e-09,1.13038e-10,0.148452,0.0494839,7.42258e-11,6.32523e-10,0.536543,0.178848,4.77321e-11,4.7732e-11,0.0190892,0.00636305,3.96237e-11,9.54458e-12,0.0323688,0.0107896,1.61844e-11,5.26865e-11,0.0914562,0.0304854,1.72836e-11,1.72836e-11
STARR,0.4,Z,S,0.15,5.92098,7.22247,1.30149,1.97366,0.928563,2.40749,0.433829,0.928563,0,1.79756e-17,6.93889e-17,0.583633,0.194544,4.11426e-18,4.11426e-18,0.192352,0.0641174,4.33681e-19,0,0.0829901,0.0276634,2.01473e-19,2.95992e-19,0.0125579,0.00418597,7.48463e-20,5.82916e-20,0.017233,0.00574434,7.90241e-20,6.91046e-20,0.0155552,0.00518508,1.30871e-19,1.1278e-19
