phi2_deg,phi3_deg,drift_mps,drift_mmps
0.000,0.000,6.916354e-04,0.691635
0.000,27.692,5.854332e-04,0.585433
0.000,55.385,3.565300e-04,0.356530
0.000,83.077,1.523065e-04,0.152307
0.000,110.769,7.440463e-05,0.074405
0.000,138.462,1.333021e-04,0.133302
0.000,166.154,2.149437e-04,0.214944
0.000,193.846,2.142209e-04,0.214221
0.000,221.538,1.314596e-04,0.131460
0.000,249.231,7.245764e-05,0.072458
0.000,276.923,1.508689e-04,0.150869
0.000,304.615,3.560225e-04,0.356022
0.000,332.308,5.855212e-04,0.585521
27.692,0.000,5.854332e-04,0.585433
27.692,27.692,5.851383e-04,0.585138
27.692,55.385,4.191061e-04,0.419106
27.692,83.077,2.025139e-04,0.202514
27.692,110.769,5.830813e-05,0.058308
27.692,138.462,4.467536e-05,0.044675
27.692,166.154,1.332768e-04,0.133277
27.692,193.846,1.796434e-04,0.179643
27.692,221.538,1.321063e-04,0.132106
27.692,249.231,4.309178e-05,0.043092
27.692,276.923,5.712905e-05,0.057129
27.692,304.615,2.022228e-04,0.202223
27.692,332.308,4.194461e-04,0.419446
55.385,0.000,3.565300e-04,0.356530
55.385,27.692,4.191061e-04,0.419106
55.385,55.385,3.557395e-04,0.355740
55.385,83.077,2.019343e-04,0.201934
55.385,110.769,4.176022e-05,0.041760
55.385,138.462,-4.685826e-05,-0.046858
55.385,166.154,-2.196641e-05,-0.021966
55.385,193.846,5.785399e-05,0.057854
55.385,221.538,5.743177e-05,0.057432
55.385,249.231,-2.290179e-05,-0.022902
55.385,276.923,-4.749258e-05,-0.047493
55.385,304.615,4.196099e-05,0.041961
55.385,332.308,2.027593e-04,0.202759
83.077,0.000,1.523065e-04,0.152307
83.077,27.692,2.025139e-04,0.202514
83.077,55.385,2.019343e-04,0.201934
83.077,83.077,1.508341e-04,0.150834
83.077,110.769,5.695270e-05,0.056953
83.077,138.462,-4.760336e-05,-0.047603
83.077,166.154,-1.022235e-04,-0.102223
83.077,193.846,-5.829436e-05,-0.058294
83.077,221.538,-1.462901e-05,-0.014629
83.077,249.231,-5.858442e-05,-0.058584
83.077,276.923,-1.022473e-04,-0.102247
83.077,304.615,-4.673013e-05,-0.046730
83.077,332.308,5.849303e-05,0.058493
110.769,0.000,7.440463e-05,0.074405
110.769,27.692,5.830813e-05,0.058308
110.769,55.385,4.176022e-05,0.041760
110.769,83.077,5.695270e-05,0.056953
110.769,110.769,7.203179e-05,0.072032
110.769,138.462,4.243780e-05,0.042438
110.769,166.154,-2.338188e-05,-0.023382
110.769,193.846,-5.876838e-05,-0.058768
110.769,221.538,-2.450941e-05,-0.024509
110.769,249.231,-2.445412e-05,-0.024454
110.769,276.923,-5.833886e-05,-0.058339
110.769,304.615,-2.181164e-05,-0.021812
110.769,332.308,4.487837e-05,0.044878
138.462,0.000,1.333021e-04,0.133302
138.462,27.692,4.467536e-05,0.044675
138.462,55.385,-4.685826e-05,-0.046858
138.462,83.077,-4.760336e-05,-0.047603
138.462,110.769,4.243780e-05,0.042438
138.462,138.462,1.300868e-04,0.130087
138.462,166.154,1.306183e-04,0.130618
138.462,193.846,5.629629e-05,0.056296
138.462,221.538,-1.531087e-05,-0.015311
138.462,249.231,-2.485580e-05,-0.024856
138.462,276.923,-1.483904e-05,-0.014839
138.462,304.615,5.803413e-05,0.058034
138.462,332.308,1.335445e-04,0.133545
166.154,0.000,2.149437e-04,0.214944
166.154,27.692,1.332768e-04,0.133277
166.154,55.385,-2.196641e-05,-0.021966
166.154,83.077,-1.022235e-04,-0.102223
166.154,110.769,-2.338188e-05,-0.023382
166.154,138.462,1.306183e-04,0.130618
166.154,166.154,2.117903e-04,0.211790
166.154,193.846,1.770579e-04,0.177058
166.154,221.538,5.569748e-05,0.055697
166.154,249.231,-5.976343e-05,-0.059763
166.154,276.923,-5.940429e-05,-0.059404
166.154,304.615,5.738604e-05,0.057386
166.154,332.308,1.798865e-04,0.179887
193.846,0.000,2.142209e-04,0.214221
193.846,27.692,1.796434e-04,0.179643
193.846,55.385,5.785399e-05,0.057854
193.846,83.077,-5.829436e-05,-0.058294
193.846,110.769,-5.876838e-05,-0.058768
193.846,138.462,5.629629e-05,0.056296
193.846,166.154,1.770579e-04,0.177058
193.846,193.846,2.111356e-04,0.211136
193.846,221.538,1.293234e-04,0.129323
193.846,249.231,-2.521455e-05,-0.025215
193.846,276.923,-1.041007e-04,-0.104101
193.846,304.615,-2.340981e-05,-0.023410
193.846,332.308,1.322214e-04,0.132221
221.538,0.000,1.314596e-04,0.131460
221.538,27.692,1.321063e-04,0.132106
221.538,55.385,5.743177e-05,0.057432
221.538,83.077,-1.462901e-05,-0.014629
221.538,110.769,-2.450941e-05,-0.024509
221.538,138.462,-1.531087e-05,-0.015311
221.538,166.154,5.569748e-05,0.055697
221.538,193.846,1.293234e-04,0.129323
221.538,221.538,1.280778e-04,0.128078
221.538,249.231,3.968305e-05,0.039683
221.538,276.923,-5.038389e-05,-0.050384
221.538,304.615,-4.889204e-05,-0.048892
221.538,332.308,4.300373e-05,0.043004
249.231,0.000,7.245764e-05,0.072458
249.231,27.692,4.309178e-05,0.043092
249.231,55.385,-2.290179e-05,-0.022902
249.231,83.077,-5.858442e-05,-0.058584
249.231,110.769,-2.445412e-05,-0.024454
249.231,138.462,-2.485580e-05,-0.024856
249.231,166.154,-5.976343e-05,-0.059763
249.231,193.846,-2.521455e-05,-0.025215
249.231,221.538,3.968305e-05,0.039683
249.231,249.231,6.853526e-05,0.068535
249.231,276.923,5.345531e-05,0.053455
249.231,304.615,3.914149e-05,0.039141
249.231,332.308,5.641068e-05,0.056411
276.923,0.000,1.508689e-04,0.150869
276.923,27.692,5.712905e-05,0.057129
276.923,55.385,-4.749258e-05,-0.047493
276.923,83.077,-1.022473e-04,-0.102247
276.923,110.769,-5.833886e-05,-0.058339
276.923,138.462,-1.483904e-05,-0.014839
276.923,166.154,-5.940429e-05,-0.059404
276.923,193.846,-1.041007e-04,-0.104101
276.923,221.538,-5.038389e-05,-0.050384
276.923,249.231,5.345531e-05,0.053455
276.923,276.923,1.477403e-04,0.147740
276.923,304.615,1.998044e-04,0.199804
276.923,332.308,2.011198e-04,0.201120
304.615,0.000,3.560225e-04,0.356022
304.615,27.692,2.022228e-04,0.202223
304.615,55.385,4.196099e-05,0.041961
304.615,83.077,-4.673013e-05,-0.046730
304.615,110.769,-2.181164e-05,-0.021812
304.615,138.462,5.803413e-05,0.058034
304.615,166.154,5.738604e-05,0.057386
304.615,193.846,-2.340981e-05,-0.023410
304.615,221.538,-4.889204e-05,-0.048892
304.615,249.231,3.914149e-05,0.039141
304.615,276.923,1.998044e-04,0.199804
304.615,304.615,3.548109e-04,0.354811
304.615,332.308,4.187860e-04,0.418786
332.308,0.000,5.855212e-04,0.585521
332.308,27.692,4.194461e-04,0.419446
332.308,55.385,2.027593e-04,0.202759
332.308,83.077,5.849303e-05,0.058493
332.308,110.769,4.487837e-05,0.044878
332.308,138.462,1.335445e-04,0.133545
332.308,166.154,1.798865e-04,0.179887
332.308,193.846,1.322214e-04,0.132221
332.308,221.538,4.300373e-05,0.043004
332.308,249.231,5.641068e-05,0.056411
332.308,276.923,2.011198e-04,0.201120
332.308,304.615,4.187860e-04,0.418786
332.308,332.308,5.855056e-04,0.585506
