i2,i3,phi2,phi3,lam_a,skew_a,Fmax_a,Fmin_a,dF_ppm_a,lam_b,skew_b,Fmax_b,Fmin_b,z_end,zd_end,sec
0,5,0,94.736999999999995,75.924355789691688,1.703838072231701,39.618865180069278,0,0.00044932467793777029,75.924355789985043,1.7038380722471322,39.618862523857445,0,0.0092528996481688851,-0.27011288976882036,9.5697247982025146
0,15,0,284.21100000000001,76.130058483386392,1.714779610824624,39.899737049031629,0,-0.00015772455263926544,76.130058468091761,1.7147796098728099,39.899733334454247,0,0.0040592490293771093,-0.51201851045397628,12.064814329147339
1,6,18.946999999999999,113.684,75.763785759901523,1.6959775695263375,39.416671933947903,0,-0.00035010429085390786,75.763785730636343,1.6959775681073843,39.416656040111967,0,0.0095667439888024799,-0.21197598628384523,9.3896496295928955
1,16,18.946999999999999,303.15800000000002,76.19444048047994,1.7184197884859833,40.017053233063869,0,6.3728390155375116,76.194553922396182,1.7184265035579702,39.992584944138258,0,0.0058526829590696446,-0.48483514919721116,14.257179021835327
2,7,37.895000000000003,132.63200000000001,24.566330159575241,0.96138064604459894,21.309374302488408,0,-2.6464972907241243e-09,24.566330159586254,0.96138064604464324,21.309374302492628,0,-0.0020929187677117948,0.024324187421118484,9.5521492958068848
2,17,37.895000000000003,322.10500000000002,70.943394187077274,1.9825378156491869,50.371718314148815,0,2025.1272793898072,70.943394184858448,1.9825378157053239,50.371718306336263,0,-0.0013841903594444427,-0.14185796165956999,10.243515729904175
3,8,56.841999999999999,151.57900000000001,22.391589303443382,0.86625681024325119,20.082726227214145,0,-4.8751265881760177e-09,22.391589303469654,0.8662568102432141,20.082726227217606,0,-0.0019854756166017137,-0.010463359305441511,9.5931127071380615
3,18,56.841999999999999,341.053,70.928604990815742,1.9630506026565195,50.014499651153209,0,1282.3980466352109,70.92860478785974,1.9630506072719087,50.014496046302789,0,-0.0011654727833369355,-0.1582160665165015,9.7545461654663086
4,9,75.789000000000001,170.52600000000001,17.717937606573024,0.65505498895958725,17.519920738424698,0,-1.9500506352704069e-09,17.717937606574488,0.6550549889595404,17.519920738425757,0,-0.0017157493781432458,-0.022486480687843528,7.7360703945159912
5,0,94.736999999999995,0,75.924355789691703,1.7038380722317019,39.618865180069292,0,0.00044932426006977704,75.924355789985071,1.7038380722471318,39.618862523857459,0,0.0092528996481688851,-0.27011288976882036,10.807809352874756
5,10,94.736999999999995,189.47399999999999,15.855804286737005,0.21621083667788382,14.64212297310163,0,-1.3928933109074337e-09,15.8558042867403,0.21621083667779559,14.642122973102683,0,-0.0014445377596169324,-0.011415469748908365,7.2324438095092773
6,1,113.684,18.946999999999999,75.763785759901509,1.695977569526337,39.4166719339485,0,-0.00035010429085390786,75.763785730636187,1.6959775681073852,39.416656040110603,0,0.0095667439888024834,-0.21197598628384512,9.4924225807189941
6,11,113.684,208.42099999999999,10.946832759310723,-0.28786222157416802,12.414746525676085,0,-1.5321826419981771e-09,10.946832759309673,-0.28786222157410385,12.414746525676462,0,-0.0012193334119379095,0.013069350174201012,9.6009635925292969
7,2,132.63200000000001,37.895000000000003,24.566330159575227,0.9613806460445985,21.309374302487711,0,-3.4822332772685843e-09,24.566330159585966,0.96138064604463258,21.309374302493978,0,-0.002092918767711659,0.02432418742112466,8.9096012115478516
7,12,132.63200000000001,227.36799999999999,0,-0.091856671747649152,11.332324566494972,0.75305362301113177,-1.3928933109074337e-10,0,-0.091856671747531399,11.332324566495894,0.75305362301107215,-0.0010238121647469524,0.023286060880845977,6.5623085498809814
8,3,151.57900000000001,56.841999999999999,22.391589303442665,0.86625681024324619,20.082726227213925,0,-5.2929945814482486e-09,22.391589303469278,0.86625681024321421,20.082726227218831,0,-0.0019854756166018481,-0.010463359305462008,9.2135655879974365
8,13,151.57900000000001,246.316,0.45418679738101814,0.10017733251317539,12.995365054936617,0,1.3928933109074337e-10,0.45418679751436913,0.10017733251325077,12.99536505493907,0,-0.00086271165627496097,0.030338151799369953,8.3510887622833252
9,4,170.52600000000001,75.789000000000001,17.717937606573024,0.65505498895958858,17.519920738424698,0,-1.9500506352704069e-09,17.717937606574491,0.6550549889595404,17.519920738425753,0,-0.0017157493781432458,-0.022486480687843494,8.071540355682373
9,14,170.52600000000001,265.26299999999998,15.855804286736767,0.21621083667786559,14.642122973101586,0,2.0893399663611504e-09,15.855804286740243,0.21621083667808963,14.642122973103401,0,-0.00080995032488333468,0.031411497635512584,7.888908863067627
10,5,189.47399999999999,94.736999999999995,15.855804286737005,0.21621083667789137,14.64212297310161,0,-1.5321826419981771e-09,15.855804286740277,0.21621083667779076,14.642122973102683,0,-0.0014445377596169324,-0.01141546974890828,8.6436588764190674
10,15,189.47399999999999,284.21100000000001,22.390129209508498,0.34595187627192003,15.916818887474594,0,-1.1143146487259469e-09,22.390129209512487,0.34595187627181889,15.916818887475261,0,-0.00073669437477124028,0.026984921610707736,7.3877336978912354
11,6,208.42099999999999,113.684,10.94683275931069,-0.28786222157417124,12.414746525676076,0,-1.5321826419981771e-09,10.946832759309677,-0.28786222157409724,12.414746525676458,0,-0.00121933341193791,0.013069350174201,10.346853256225586
11,16,208.42099999999999,303.15800000000002,26.135616097237946,0.53439132337261208,19.462052804345841,0,1.1561014480531699e-07,26.135616097204085,0.53439132337521367,19.46205280434577,0,-0.00068415120756344118,0.054700447038474452,8.0864624977111816
12,7,227.36799999999999,132.63200000000001,0,-0.091856671747648985,11.332324566494972,0.75305362301113177,-2.7857866218148673e-10,0,-0.091856671747528734,11.332324566495892,0.75305362301107037,-0.0010238121647469524,0.023286060880845984,6.8541951179504395
12,17,227.36799999999999,322.10500000000002,75.6287623321208,1.6869571288269538,39.196563923144275,0,0.0025053322895009127,75.628762455934933,1.6869571347250931,39.196561203056859,0,-0.00096373375750465377,-0.49587753920609096,9.5758788585662842
13,8,246.316,151.57900000000001,0.45418679738116802,0.10017733251317081,12.995365054936618,0,1.3928933109074337e-10,0.45418679750799523,0.10017733251325432,12.99536505493885,0,-0.00086271165627491825,0.030338151799379848,9.8600683212280273
13,18,246.316,341.053,75.805382771788828,1.6966276869968226,39.440086340243475,0,0.00071032056927701037,75.805382775271653,1.6966276872098613,39.440083441857979,0,0.0010758508345420814,-0.52405033264205503,12.044527053833008
14,9,265.26299999999998,170.52600000000001,15.855804286736749,0.21621083667786428,14.642122973101587,0,1.9500506352704069e-09,15.855804286740222,0.21621083667809199,14.642122973103403,0,-0.00080995032488333468,0.031411497635512604,8.0223424434661865
15,0,284.21100000000001,0,76.130058483386392,1.7147796108246232,39.899737049031629,0,-0.00015772441334993434,76.130058468091761,1.7147796098728108,39.899733334454169,0,0.0040592490293771752,-0.5120185104539754,12.028204917907715
15,10,284.21100000000001,189.47399999999999,22.390129209508498,0.34595187627191992,15.916818887474594,0,-1.2536039798166904e-09,22.390129209512487,0.34595187627181889,15.916818887475257,0,-0.00073669437477124049,0.026984921610707764,8.1864356994628906
16,1,303.15800000000002,18.946999999999999,76.194440480480097,1.718419788485984,40.017053233063983,0,6.3728390166518265,76.194553922396253,1.7184265035579698,39.992584944140425,0,0.0058526829590694641,-0.48483514919721404,12.819883823394775
16,11,303.15800000000002,208.42099999999999,26.135616097237889,0.53439132337261275,19.462052804345834,0,1.1561014480531699e-07,26.135616097205229,0.53439132337518802,19.462052804343955,0,-0.0006841512075634955,0.05470044703843998,8.1722137928009033
17,2,322.10500000000002,37.895000000000003,70.943394187077246,1.9825378156491857,50.371718314148815,0,2025.1272793892504,70.943394184858363,1.9825378157053271,50.371718306336476,0,-0.0013841903594457438,-0.14185796165957637,9.7345232963562012
17,12,322.10500000000002,227.36799999999999,75.628762332120743,1.6869571288269534,39.196563923144275,0,0.0025053314537649262,75.62876245593479,1.6869571347250887,39.196561203057243,0,-0.00096373375750641137,-0.49587753920600947,8.4757463932037354
18,3,341.053,56.841999999999999,70.928604990815742,1.9630506026565206,50.014499651153223,0,1282.3980466353501,70.928604787859712,1.9630506072719074,50.014496046302781,0,-0.0011654727833368583,-0.1582160665164834,9.7166626453399658
18,13,341.053,246.316,75.805382771788814,1.6966276869968218,39.440086340243397,0,0.00071032056927701037,75.80538277527144,1.6966276872098607,39.44008344185788,0,0.0010758508345420871,-0.52405033264205492,11.630202531814575
