laufart,phi1_deg,phi2_deg,phi3_deg,hub1_mm,hub2_mm,hub3_mm,m0_kg,m_modul_kg,M_kg,f_Hz,profil,gesetz,K_N_m,zeta,C_Ns_m,hc_n,hc_Kh_N_m_n,hc_alpha_s_m,g_m_s2,start,t0_T,dv_m_s,impuls_Ns,attraktor,zustand,periode,aufsetzer_je_periode,lambda_pct,F_max_N,stossspitze_N,F_max_lauf_N,stossspitze_lauf_N,perioden,status
L1,0,0,0,8,0,0,0.35,0.1,0.65,10,egg THOLD=0.65,Hunt-Crossley,1.5e+06,0.05,,1.5,3.96012e+08,0.328184,9.81,Kontaktast,0,0.1,0.065,K,Kontaktast,1,0,0,8.74532,,157.224,157.224,60,eingeschwungen
L1,0,0,0,8,0,0,0.35,0.1,0.65,10,egg THOLD=0.65,Hunt-Crossley,1.5e+06,0.05,,1.5,3.96012e+08,0.328184,9.81,Kontaktast,0,0.2,0.13,K,Kontaktast,1,0,0,8.75769,,375.7,375.7,60,eingeschwungen
L1,0,0,0,8,0,0,0.35,0.1,0.65,10,egg THOLD=0.65,Hunt-Crossley,1.5e+06,0.05,,1.5,3.96012e+08,0.328184,9.81,Kontaktast,0,0.3,0.195,K,Kontaktast,1,0,0,8.76881,,573.204,573.204,60,eingeschwungen
L1,0,0,0,8,0,0,0.35,0.1,0.65,10,egg THOLD=0.65,Hunt-Crossley,1.5e+06,0.05,,1.5,3.96012e+08,0.328184,9.81,Kontaktast,0,0.4,0.26,K,Kontaktast,1,0,0,8.83343,,930.663,930.663,60,eingeschwungen
L1,0,0,0,8,0,0,0.35,0.1,0.65,10,egg THOLD=0.65,Hunt-Crossley,1.5e+06,0.05,,1.5,3.96012e+08,0.328184,9.81,Kontaktast,0,0.5,0.325,K,Kontaktast,1,0,0,13.7932,,1148.98,1148.98,60,eingeschwungen
L1,0,0,0,8,0,0,0.35,0.1,0.65,10,egg THOLD=0.65,Hunt-Crossley,1.5e+06,0.05,,1.5,3.96012e+08,0.328184,9.81,Kontaktast,0,0.6,0.39,K,Kontaktast,1,0,0,8.99733,,1302.28,1302.28,60,eingeschwungen
L1,0,0,0,8,0,0,0.35,0.1,0.65,10,egg THOLD=0.65,Hunt-Crossley,1.5e+06,0.05,,1.5,3.96012e+08,0.328184,9.81,Kontaktast,0,0.7,0.455,K,Kontaktast,1,0,0,8.83014,,1469.46,1469.46,60,eingeschwungen
L1,0,0,0,8,0,0,0.35,0.1,0.65,10,egg THOLD=0.65,Hunt-Crossley,1.5e+06,0.05,,1.5,3.96012e+08,0.328184,9.81,Kontaktast,0,0.8,0.52,K,Kontaktast,1,0,0,11.2973,,1730.76,1730.76,60,eingeschwungen
L1,0,0,0,8,0,0,0.35,0.1,0.65,10,egg THOLD=0.65,Hunt-Crossley,1.5e+06,0.05,,1.5,3.96012e+08,0.328184,9.81,Kontaktast,0,0.9,0.585,K,Kontaktast,1,0,0,9.03864,,2137.79,2137.79,60,eingeschwungen
L1,0,0,0,8,0,0,0.35,0.1,0.65,10,egg THOLD=0.65,Hunt-Crossley,1.5e+06,0.05,,1.5,3.96012e+08,0.328184,9.81,Kontaktast,0,1,0.65,K,Kontaktast,1,0,0,10.6816,,2387.89,2387.89,60,eingeschwungen
L1,0,0,0,8,0,0,0.35,0.1,0.65,10,egg THOLD=0.65,Hunt-Crossley,1.5e+06,0.05,,1.5,3.96012e+08,0.328184,9.81,Kontaktast,0.125,0.1,0.065,K,Kontaktast,1,0,0,8.75036,,176.367,176.367,60,eingeschwungen
L1,0,0,0,8,0,0,0.35,0.1,0.65,10,egg THOLD=0.65,Hunt-Crossley,1.5e+06,0.05,,1.5,3.96012e+08,0.328184,9.81,Kontaktast,0.125,0.2,0.13,K,Kontaktast,1,0,0,8.75974,,361.962,361.962,60,eingeschwungen
L1,0,0,0,8,0,0,0.35,0.1,0.65,10,egg THOLD=0.65,Hunt-Crossley,1.5e+06,0.05,,1.5,3.96012e+08,0.328184,9.81,Kontaktast,0.125,0.3,0.195,K,Kontaktast,1,0,0,8.81423,,681.564,681.564,60,eingeschwungen
L1,0,0,0,8,0,0,0.35,0.1,0.65,10,egg THOLD=0.65,Hunt-Crossley,1.5e+06,0.05,,1.5,3.96012e+08,0.328184,9.81,Kontaktast,0.125,0.4,0.26,K,Kontaktast,1,0,0,8.78473,,978.833,978.833,60,eingeschwungen
L1,0,0,0,8,0,0,0.35,0.1,0.65,10,egg THOLD=0.65,Hunt-Crossley,1.5e+06,0.05,,1.5,3.96012e+08,0.328184,9.81,Kontaktast,0.125,0.5,0.325,K,Kontaktast,1,0,0,9.88048,,1105.85,1105.85,60,eingeschwungen
L1,0,0,0,8,0,0,0.35,0.1,0.65,10,egg THOLD=0.65,Hunt-Crossley,1.5e+06,0.05,,1.5,3.96012e+08,0.328184,9.81,Kontaktast,0.125,0.6,0.39,K,Kontaktast,1,0,0,8.82454,,1253.35,1253.35,60,eingeschwungen
L1,0,0,0,8,0,0,0.35,0.1,0.65,10,egg THOLD=0.65,Hunt-Crossley,1.5e+06,0.05,,1.5,3.96012e+08,0.328184,9.81,Kontaktast,0.125,0.7,0.455,K,Kontaktast,1,0,0,8.84657,,1459.23,1459.23,60,eingeschwungen
L1,0,0,0,8,0,0,0.35,0.1,0.65,10,egg THOLD=0.65,Hunt-Crossley,1.5e+06,0.05,,1.5,3.96012e+08,0.328184,9.81,Kontaktast,0.125,0.8,0.52,K,Kontaktast,1,0,0,9.2262,,1820.97,1820.97,60,eingeschwungen
L1,0,0,0,8,0,0,0.35,0.1,0.65,10,egg THOLD=0.65,Hunt-Crossley,1.5e+06,0.05,,1.5,3.96012e+08,0.328184,9.81,Kontaktast,0.125,0.9,0.585,K,Kontaktast,1,0,0,9.01092,,2144.8,2144.8,60,eingeschwungen
L1,0,0,0,8,0,0,0.35,0.1,0.65,10,egg THOLD=0.65,Hunt-Crossley,1.5e+06,0.05,,1.5,3.96012e+08,0.328184,9.81,Kontaktast,0.125,1,0.65,K,Kontaktast,1,0,0,9.25597,,2333.59,2333.59,60,eingeschwungen
L1,0,0,0,8,0,0,0.35,0.1,0.65,10,egg THOLD=0.65,Hunt-Crossley,1.5e+06,0.05,,1.5,3.96012e+08,0.328184,9.81,Kontaktast,0.25,0.1,0.065,K,Kontaktast,1,0,0,8.75332,,178.8,178.8,60,eingeschwungen
L1,0,0,0,8,0,0,0.35,0.1,0.65,10,egg THOLD=0.65,Hunt-Crossley,1.5e+06,0.05,,1.5,3.96012e+08,0.328184,9.81,Kontaktast,0.25,0.2,0.13,K,Kontaktast,1,0,0,8.76127,,406.383,406.383,60,eingeschwungen
L1,0,0,0,8,0,0,0.35,0.1,0.65,10,egg THOLD=0.65,Hunt-Crossley,1.5e+06,0.05,,1.5,3.96012e+08,0.328184,9.81,Kontaktast,0.25,0.3,0.195,K,Kontaktast,1,0,0,8.77911,,714.771,714.771,60,eingeschwungen
L1,0,0,0,8,0,0,0.35,0.1,0.65,10,egg THOLD=0.65,Hunt-Crossley,1.5e+06,0.05,,1.5,3.96012e+08,0.328184,9.81,Kontaktast,0.25,0.4,0.26,K,Kontaktast,1,0,0,9.00566,,968.418,968.418,60,eingeschwungen
L1,0,0,0,8,0,0,0.35,0.1,0.65,10,egg THOLD=0.65,Hunt-Crossley,1.5e+06,0.05,,1.5,3.96012e+08,0.328184,9.81,Kontaktast,0.25,0.5,0.325,K,Kontaktast,1,0,0,8.86704,,1034.61,1034.61,60,eingeschwungen
L1,0,0,0,8,0,0,0.35,0.1,0.65,10,egg THOLD=0.65,Hunt-Crossley,1.5e+06,0.05,,1.5,3.96012e+08,0.328184,9.81,Kontaktast,0.25,0.6,0.39,K,Kontaktast,1,0,0,8.92889,,1196.61,1196.61,60,eingeschwungen
L1,0,0,0,8,0,0,0.35,0.1,0.65,10,egg THOLD=0.65,Hunt-Crossley,1.5e+06,0.05,,1.5,3.96012e+08,0.328184,9.81,Kontaktast,0.25,0.7,0.455,K,Kontaktast,1,0,0,8.80082,,1455.61,1455.61,60,eingeschwungen
L1,0,0,0,8,0,0,0.35,0.1,0.65,10,egg THOLD=0.65,Hunt-Crossley,1.5e+06,0.05,,1.5,3.96012e+08,0.328184,9.81,Kontaktast,0.25,0.8,0.52,K,Kontaktast,1,0,0,9.25127,,1847.24,1847.24,60,eingeschwungen
L1,0,0,0,8,0,0,0.35,0.1,0.65,10,egg THOLD=0.65,Hunt-Crossley,1.5e+06,0.05,,1.5,3.96012e+08,0.328184,9.81,Kontaktast,0.25,0.9,0.585,K,Kontaktast,1,0,0,8.93083,,2082.96,2082.96,60,eingeschwungen
L1,0,0,0,8,0,0,0.35,0.1,0.65,10,egg THOLD=0.65,Hunt-Crossley,1.5e+06,0.05,,1.5,3.96012e+08,0.328184,9.81,Kontaktast,0.25,1,0.65,K,Kontaktast,1,0,0,9.7961,,2249.4,2249.4,60,eingeschwungen
L1,0,0,0,8,0,0,0.35,0.1,0.65,10,egg THOLD=0.65,Hunt-Crossley,1.5e+06,0.05,,1.5,3.96012e+08,0.328184,9.81,Kontaktast,0.375,0.1,0.065,K,Kontaktast,1,0,0,8.74558,,189.358,189.358,60,eingeschwungen
L1,0,0,0,8,0,0,0.35,0.1,0.65,10,egg THOLD=0.65,Hunt-Crossley,1.5e+06,0.05,,1.5,3.96012e+08,0.328184,9.81,Kontaktast,0.375,0.2,0.13,K,Kontaktast,1,0,0,8.75398,,439.013,439.013,60,eingeschwungen
L1,0,0,0,8,0,0,0.35,0.1,0.65,10,egg THOLD=0.65,Hunt-Crossley,1.5e+06,0.05,,1.5,3.96012e+08,0.328184,9.81,Kontaktast,0.375,0.3,0.195,K,Kontaktast,1,0,0,8.76159,,672.426,672.426,60,eingeschwungen
L1,0,0,0,8,0,0,0.35,0.1,0.65,10,egg THOLD=0.65,Hunt-Crossley,1.5e+06,0.05,,1.5,3.96012e+08,0.328184,9.81,Kontaktast,0.375,0.4,0.26,K,Kontaktast,1,0,0,8.95828,,902.543,902.543,60,eingeschwungen
L1,0,0,0,8,0,0,0.35,0.1,0.65,10,egg THOLD=0.65,Hunt-Crossley,1.5e+06,0.05,,1.5,3.96012e+08,0.328184,9.81,Kontaktast,0.375,0.5,0.325,K,Kontaktast,1,0,0,8.85733,,950.755,950.755,60,eingeschwungen
L1,0,0,0,8,0,0,0.35,0.1,0.65,10,egg THOLD=0.65,Hunt-Crossley,1.5e+06,0.05,,1.5,3.96012e+08,0.328184,9.81,Kontaktast,0.375,0.6,0.39,K,Kontaktast,1,0,0,8.83732,,1138.47,1138.47,60,eingeschwungen
L1,0,0,0,8,0,0,0.35,0.1,0.65,10,egg THOLD=0.65,Hunt-Crossley,1.5e+06,0.05,,1.5,3.96012e+08,0.328184,9.81,Kontaktast,0.375,0.7,0.455,K,Kontaktast,1,0,0,8.74194,,1464.35,1464.35,120,eingeschwungen
L1,0,0,0,8,0,0,0.35,0.1,0.65,10,egg THOLD=0.65,Hunt-Crossley,1.5e+06,0.05,,1.5,3.96012e+08,0.328184,9.81,Kontaktast,0.375,0.8,0.52,K,Kontaktast,1,0,0,9.02991,,1804.4,1804.4,60,eingeschwungen
L1,0,0,0,8,0,0,0.35,0.1,0.65,10,egg THOLD=0.65,Hunt-Crossley,1.5e+06,0.05,,1.5,3.96012e+08,0.328184,9.81,Kontaktast,0.375,0.9,0.585,K,Kontaktast,1,0,0,8.94616,,1994.57,1994.57,60,eingeschwungen
L1,0,0,0,8,0,0,0.35,0.1,0.65,10,egg THOLD=0.65,Hunt-Crossley,1.5e+06,0.05,,1.5,3.96012e+08,0.328184,9.81,Kontaktast,0.375,1,0.65,K,Kontaktast,1,0,0,9.91925,,2154.58,2154.58,60,eingeschwungen
L1,0,0,0,8,0,0,0.35,0.1,0.65,10,egg THOLD=0.65,Hunt-Crossley,1.5e+06,0.05,,1.5,3.96012e+08,0.328184,9.81,Kontaktast,0.5,0.1,0.065,K,Kontaktast,1,0,0,8.74896,,180.133,180.133,60,eingeschwungen
L1,0,0,0,8,0,0,0.35,0.1,0.65,10,egg THOLD=0.65,Hunt-Crossley,1.5e+06,0.05,,1.5,3.96012e+08,0.328184,9.81,Kontaktast,0.5,0.2,0.13,K,Kontaktast,1,0,0,8.75359,,428.195,428.195,60,eingeschwungen
L1,0,0,0,8,0,0,0.35,0.1,0.65,10,egg THOLD=0.65,Hunt-Crossley,1.5e+06,0.05,,1.5,3.96012e+08,0.328184,9.81,Kontaktast,0.5,0.3,0.195,K,Kontaktast,1,0,0,8.76704,,596.858,596.858,60,eingeschwungen
L1,0,0,0,8,0,0,0.35,0.1,0.65,10,egg THOLD=0.65,Hunt-Crossley,1.5e+06,0.05,,1.5,3.96012e+08,0.328184,9.81,Kontaktast,0.5,0.4,0.26,K,Kontaktast,1,0,0,8.85391,,791.99,791.99,60,eingeschwungen
L1,0,0,0,8,0,0,0.35,0.1,0.65,10,egg THOLD=0.65,Hunt-Crossley,1.5e+06,0.05,,1.5,3.96012e+08,0.328184,9.81,Kontaktast,0.5,0.5,0.325,K,Kontaktast,1,0,0,8.89532,,870.187,870.187,60,eingeschwungen
L1,0,0,0,8,0,0,0.35,0.1,0.65,10,egg THOLD=0.65,Hunt-Crossley,1.5e+06,0.05,,1.5,3.96012e+08,0.328184,9.81,Kontaktast,0.5,0.6,0.39,K,Kontaktast,1,0,0,8.79096,,1096.19,1096.19,60,eingeschwungen
L1,0,0,0,8,0,0,0.35,0.1,0.65,10,egg THOLD=0.65,Hunt-Crossley,1.5e+06,0.05,,1.5,3.96012e+08,0.328184,9.81,Kontaktast,0.5,0.7,0.455,K,Kontaktast,1,0,0,10.4031,,1473.09,1473.09,60,eingeschwungen
L1,0,0,0,8,0,0,0.35,0.1,0.65,10,egg THOLD=0.65,Hunt-Crossley,1.5e+06,0.05,,1.5,3.96012e+08,0.328184,9.81,Kontaktast,0.5,0.8,0.52,K,Kontaktast,1,0,0,8.88346,,1732.18,1732.18,60,eingeschwungen
L1,0,0,0,8,0,0,0.35,0.1,0.65,10,egg THOLD=0.65,Hunt-Crossley,1.5e+06,0.05,,1.5,3.96012e+08,0.328184,9.81,Kontaktast,0.5,0.9,0.585,K,Kontaktast,1,0,0,8.89508,,1899.75,1899.75,60,eingeschwungen
L1,0,0,0,8,0,0,0.35,0.1,0.65,10,egg THOLD=0.65,Hunt-Crossley,1.5e+06,0.05,,1.5,3.96012e+08,0.328184,9.81,Kontaktast,0.5,1,0.65,K,Kontaktast,1,0,0,10.4528,,2068.1,2068.1,60,eingeschwungen
L1,0,0,0,8,0,0,0.35,0.1,0.65,10,egg THOLD=0.65,Hunt-Crossley,1.5e+06,0.05,,1.5,3.96012e+08,0.328184,9.81,Kontaktast,0.625,0.1,0.065,K,Kontaktast,1,0,0,8.75559,,185.282,185.282,60,eingeschwungen
L1,0,0,0,8,0,0,0.35,0.1,0.65,10,egg THOLD=0.65,Hunt-Crossley,1.5e+06,0.05,,1.5,3.96012e+08,0.328184,9.81,Kontaktast,0.625,0.2,0.13,K,Kontaktast,1,0,0,8.7542,,372.274,372.274,60,eingeschwungen
L1,0,0,0,8,0,0,0.35,0.1,0.65,10,egg THOLD=0.65,Hunt-Crossley,1.5e+06,0.05,,1.5,3.96012e+08,0.328184,9.81,Kontaktast,0.625,0.3,0.195,K,Kontaktast,1,0,0,8.79075,,531.149,531.149,60,eingeschwungen
L1,0,0,0,8,0,0,0.35,0.1,0.65,10,egg THOLD=0.65,Hunt-Crossley,1.5e+06,0.05,,1.5,3.96012e+08,0.328184,9.81,Kontaktast,0.625,0.4,0.26,K,Kontaktast,1,0,0,8.77518,,689.899,689.899,60,eingeschwungen
L1,0,0,0,8,0,0,0.35,0.1,0.65,10,egg THOLD=0.65,Hunt-Crossley,1.5e+06,0.05,,1.5,3.96012e+08,0.328184,9.81,Kontaktast,0.625,0.5,0.325,K,Kontaktast,1,0,0,8.83593,,816.807,816.807,60,eingeschwungen
L1,0,0,0,8,0,0,0.35,0.1,0.65,10,egg THOLD=0.65,Hunt-Crossley,1.5e+06,0.05,,1.5,3.96012e+08,0.328184,9.81,Kontaktast,0.625,0.6,0.39,K,Kontaktast,1,0,0,8.79011,,1122.25,1122.25,60,eingeschwungen
L1,0,0,0,8,0,0,0.35,0.1,0.65,10,egg THOLD=0.65,Hunt-Crossley,1.5e+06,0.05,,1.5,3.96012e+08,0.328184,9.81,Kontaktast,0.625,0.7,0.455,K,Kontaktast,1,0,0,9.42419,,1469.2,1469.2,60,eingeschwungen
L1,0,0,0,8,0,0,0.35,0.1,0.65,10,egg THOLD=0.65,Hunt-Crossley,1.5e+06,0.05,,1.5,3.96012e+08,0.328184,9.81,Kontaktast,0.625,0.8,0.52,K,Kontaktast,1,0,0,8.89459,,1660.27,1660.27,60,eingeschwungen
L1,0,0,0,8,0,0,0.35,0.1,0.65,10,egg THOLD=0.65,Hunt-Crossley,1.5e+06,0.05,,1.5,3.96012e+08,0.328184,9.81,Kontaktast,0.625,0.9,0.585,K,Kontaktast,1,0,0,8.84789,,1816.86,1816.86,60,eingeschwungen
L1,0,0,0,8,0,0,0.35,0.1,0.65,10,egg THOLD=0.65,Hunt-Crossley,1.5e+06,0.05,,1.5,3.96012e+08,0.328184,9.81,Kontaktast,0.625,1,0.65,K,Kontaktast,1,0,0,9.91619,,2015.39,2015.39,60,eingeschwungen
L1,0,0,0,8,0,0,0.35,0.1,0.65,10,egg THOLD=0.65,Hunt-Crossley,1.5e+06,0.05,,1.5,3.96012e+08,0.328184,9.81,Kontaktast,0.75,0.1,0.065,K,Kontaktast,1,0,0,8.74781,,160.74,160.74,60,eingeschwungen
L1,0,0,0,8,0,0,0.35,0.1,0.65,10,egg THOLD=0.65,Hunt-Crossley,1.5e+06,0.05,,1.5,3.96012e+08,0.328184,9.81,Kontaktast,0.75,0.2,0.13,K,Kontaktast,1,0,0,8.76094,,311.446,311.446,60,eingeschwungen
L1,0,0,0,8,0,0,0.35,0.1,0.65,10,egg THOLD=0.65,Hunt-Crossley,1.5e+06,0.05,,1.5,3.96012e+08,0.328184,9.81,Kontaktast,0.75,0.3,0.195,K,Kontaktast,1,0,0,8.75307,,497.65,497.65,60,eingeschwungen
L1,0,0,0,8,0,0,0.35,0.1,0.65,10,egg THOLD=0.65,Hunt-Crossley,1.5e+06,0.05,,1.5,3.96012e+08,0.328184,9.81,Kontaktast,0.75,0.4,0.26,K,Kontaktast,1,0,0,8.76901,,603.735,603.735,60,eingeschwungen
L1,0,0,0,8,0,0,0.35,0.1,0.65,10,egg THOLD=0.65,Hunt-Crossley,1.5e+06,0.05,,1.5,3.96012e+08,0.328184,9.81,Kontaktast,0.75,0.5,0.325,K,Kontaktast,1,0,0,8.82301,,865.872,865.872,60,eingeschwungen
L1,0,0,0,8,0,0,0.35,0.1,0.65,10,egg THOLD=0.65,Hunt-Crossley,1.5e+06,0.05,,1.5,3.96012e+08,0.328184,9.81,Kontaktast,0.75,0.6,0.39,K,Kontaktast,1,0,0,8.74197,,1238.1,1238.1,120,eingeschwungen
L1,0,0,0,8,0,0,0.35,0.1,0.65,10,egg THOLD=0.65,Hunt-Crossley,1.5e+06,0.05,,1.5,3.96012e+08,0.328184,9.81,Kontaktast,0.75,0.7,0.455,K,Kontaktast,1,0,0,9.16446,,1456.17,1456.17,60,eingeschwungen
L1,0,0,0,8,0,0,0.35,0.1,0.65,10,egg THOLD=0.65,Hunt-Crossley,1.5e+06,0.05,,1.5,3.96012e+08,0.328184,9.81,Kontaktast,0.75,0.8,0.52,K,Kontaktast,1,0,0,8.96274,,1614.34,1614.34,60,eingeschwungen
L1,0,0,0,8,0,0,0.35,0.1,0.65,10,egg THOLD=0.65,Hunt-Crossley,1.5e+06,0.05,,1.5,3.96012e+08,0.328184,9.81,Kontaktast,0.75,0.9,0.585,K,Kontaktast,1,0,0,8.91851,,1793,1793,60,eingeschwungen
L1,0,0,0,8,0,0,0.35,0.1,0.65,10,egg THOLD=0.65,Hunt-Crossley,1.5e+06,0.05,,1.5,3.96012e+08,0.328184,9.81,Kontaktast,0.75,1,0.65,K,Kontaktast,1,0,0,9.48091,,2082.22,2082.22,60,eingeschwungen
L1,0,0,0,8,0,0,0.35,0.1,0.65,10,egg THOLD=0.65,Hunt-Crossley,1.5e+06,0.05,,1.5,3.96012e+08,0.328184,9.81,Kontaktast,0.875,0.1,0.065,K,Kontaktast,1,0,0,8.745,,138.41,138.41,60,eingeschwungen
L1,0,0,0,8,0,0,0.35,0.1,0.65,10,egg THOLD=0.65,Hunt-Crossley,1.5e+06,0.05,,1.5,3.96012e+08,0.328184,9.81,Kontaktast,0.875,0.2,0.13,K,Kontaktast,1,0,0,8.7506,,296.252,296.252,60,eingeschwungen
L1,0,0,0,8,0,0,0.35,0.1,0.65,10,egg THOLD=0.65,Hunt-Crossley,1.5e+06,0.05,,1.5,3.96012e+08,0.328184,9.81,Kontaktast,0.875,0.3,0.195,K,Kontaktast,1,0,0,8.79039,,500.885,500.885,60,eingeschwungen
L1,0,0,0,8,0,0,0.35,0.1,0.65,10,egg THOLD=0.65,Hunt-Crossley,1.5e+06,0.05,,1.5,3.96012e+08,0.328184,9.81,Kontaktast,0.875,0.4,0.26,K,Kontaktast,1,0,0,8.79355,,734.568,734.568,60,eingeschwungen
L1,0,0,0,8,0,0,0.35,0.1,0.65,10,egg THOLD=0.65,Hunt-Crossley,1.5e+06,0.05,,1.5,3.96012e+08,0.328184,9.81,Kontaktast,0.875,0.5,0.325,K,Kontaktast,1,0,0,8.82095,,1099.6,1099.6,60,eingeschwungen
L1,0,0,0,8,0,0,0.35,0.1,0.65,10,egg THOLD=0.65,Hunt-Crossley,1.5e+06,0.05,,1.5,3.96012e+08,0.328184,9.81,Kontaktast,0.875,0.6,0.39,K,Kontaktast,1,0,0,9.07658,,1309.89,1309.89,60,eingeschwungen
L1,0,0,0,8,0,0,0.35,0.1,0.65,10,egg THOLD=0.65,Hunt-Crossley,1.5e+06,0.05,,1.5,3.96012e+08,0.328184,9.81,Kontaktast,0.875,0.7,0.455,K,Kontaktast,1,0,0,9.03118,,1465.31,1465.31,60,eingeschwungen
L1,0,0,0,8,0,0,0.35,0.1,0.65,10,egg THOLD=0.65,Hunt-Crossley,1.5e+06,0.05,,1.5,3.96012e+08,0.328184,9.81,Kontaktast,0.875,0.8,0.52,K,Kontaktast,1,0,0,8.92094,,1643.78,1643.78,60,eingeschwungen
L1,0,0,0,8,0,0,0.35,0.1,0.65,10,egg THOLD=0.65,Hunt-Crossley,1.5e+06,0.05,,1.5,3.96012e+08,0.328184,9.81,Kontaktast,0.875,0.9,0.585,K,Kontaktast,1,0,0,9.18812,,1934.65,1934.65,60,eingeschwungen
L1,0,0,0,8,0,0,0.35,0.1,0.65,10,egg THOLD=0.65,Hunt-Crossley,1.5e+06,0.05,,1.5,3.96012e+08,0.328184,9.81,Kontaktast,0.875,1,0.65,K,Kontaktast,1,0,0,8.93788,,2341.5,2341.5,60,eingeschwungen
"Schnitt (120°,240°)",0,120,240,8,8,8,0.35,0.1,0.65,10,egg THOLD=0.65,Hunt-Crossley,1.5e+06,0.05,,1.5,3.96012e+08,0.328184,9.81,Kontaktast,0,0.1,0.065,K,Kontaktast,1,0,0,7.13467,,172.297,172.297,60,eingeschwungen
"Schnitt (120°,240°)",0,120,240,8,8,8,0.35,0.1,0.65,10,egg THOLD=0.65,Hunt-Crossley,1.5e+06,0.05,,1.5,3.96012e+08,0.328184,9.81,Kontaktast,0,0.2,0.13,K,Kontaktast,1,0,0,7.13788,,338.372,338.372,60,eingeschwungen
"Schnitt (120°,240°)",0,120,240,8,8,8,0.35,0.1,0.65,10,egg THOLD=0.65,Hunt-Crossley,1.5e+06,0.05,,1.5,3.96012e+08,0.328184,9.81,Kontaktast,0,0.3,0.195,H1,Hüpfen,1,3,95.672,272.546,272.546,561.785,561.785,60,eingeschwungen
"Schnitt (120°,240°)",0,120,240,8,8,8,0.35,0.1,0.65,10,egg THOLD=0.65,Hunt-Crossley,1.5e+06,0.05,,1.5,3.96012e+08,0.328184,9.81,Kontaktast,0,0.4,0.26,K,Kontaktast,1,0,0,7.17459,,768.799,768.799,60,eingeschwungen
"Schnitt (120°,240°)",0,120,240,8,8,8,0.35,0.1,0.65,10,egg THOLD=0.65,Hunt-Crossley,1.5e+06,0.05,,1.5,3.96012e+08,0.328184,9.81,Kontaktast,0,0.5,0.325,K,Kontaktast,1,0,0,7.15885,,983.618,983.618,60,eingeschwungen
"Schnitt (120°,240°)",0,120,240,8,8,8,0.35,0.1,0.65,10,egg THOLD=0.65,Hunt-Crossley,1.5e+06,0.05,,1.5,3.96012e+08,0.328184,9.81,Kontaktast,0,0.6,0.39,H1,Hüpfen,1,3,95.672,272.56,272.56,1235.31,1235.31,60,eingeschwungen
"Schnitt (120°,240°)",0,120,240,8,8,8,0.35,0.1,0.65,10,egg THOLD=0.65,Hunt-Crossley,1.5e+06,0.05,,1.5,3.96012e+08,0.328184,9.81,Kontaktast,0,0.7,0.455,K,Kontaktast,1,0,0,7.3446,,1450.17,1450.17,60,eingeschwungen
"Schnitt (120°,240°)",0,120,240,8,8,8,0.35,0.1,0.65,10,egg THOLD=0.65,Hunt-Crossley,1.5e+06,0.05,,1.5,3.96012e+08,0.328184,9.81,Kontaktast,0,0.8,0.52,H1,Hüpfen,1,3,95.672,272.565,272.565,1711.93,1711.93,60,eingeschwungen
"Schnitt (120°,240°)",0,120,240,8,8,8,0.35,0.1,0.65,10,egg THOLD=0.65,Hunt-Crossley,1.5e+06,0.05,,1.5,3.96012e+08,0.328184,9.81,Kontaktast,0,0.9,0.585,K,Kontaktast,1,0,0,7.32388,,1957.3,1957.3,60,eingeschwungen
"Schnitt (120°,240°)",0,120,240,8,8,8,0.35,0.1,0.65,10,egg THOLD=0.65,Hunt-Crossley,1.5e+06,0.05,,1.5,3.96012e+08,0.328184,9.81,Kontaktast,0,1,0.65,K,Kontaktast,1,0,0,7.47702,,2196.67,2196.67,60,eingeschwungen
"Schnitt (120°,240°)",0,120,240,8,8,8,0.35,0.1,0.65,10,egg THOLD=0.65,Hunt-Crossley,1.5e+06,0.05,,1.5,3.96012e+08,0.328184,9.81,Kontaktast,0.125,0.1,0.065,K,Kontaktast,1,0,0,7.14238,,153.726,153.726,60,eingeschwungen
"Schnitt (120°,240°)",0,120,240,8,8,8,0.35,0.1,0.65,10,egg THOLD=0.65,Hunt-Crossley,1.5e+06,0.05,,1.5,3.96012e+08,0.328184,9.81,Kontaktast,0.125,0.2,0.13,K,Kontaktast,1,0,0,7.15188,,349.027,349.027,60,eingeschwungen
"Schnitt (120°,240°)",0,120,240,8,8,8,0.35,0.1,0.65,10,egg THOLD=0.65,Hunt-Crossley,1.5e+06,0.05,,1.5,3.96012e+08,0.328184,9.81,Kontaktast,0.125,0.3,0.195,K,Kontaktast,1,0,0,7.15809,,534.44,534.44,60,eingeschwungen
"Schnitt (120°,240°)",0,120,240,8,8,8,0.35,0.1,0.65,10,egg THOLD=0.65,Hunt-Crossley,1.5e+06,0.05,,1.5,3.96012e+08,0.328184,9.81,Kontaktast,0.125,0.4,0.26,K,Kontaktast,1,0,0,7.17794,,772.663,772.663,60,eingeschwungen
"Schnitt (120°,240°)",0,120,240,8,8,8,0.35,0.1,0.65,10,egg THOLD=0.65,Hunt-Crossley,1.5e+06,0.05,,1.5,3.96012e+08,0.328184,9.81,Kontaktast,0.125,0.5,0.325,K,Kontaktast,1,0,0,7.20033,,984.431,984.431,60,eingeschwungen
"Schnitt (120°,240°)",0,120,240,8,8,8,0.35,0.1,0.65,10,egg THOLD=0.65,Hunt-Crossley,1.5e+06,0.05,,1.5,3.96012e+08,0.328184,9.81,Kontaktast,0.125,0.6,0.39,K,Kontaktast,1,0,0,7.19795,,1210.73,1210.73,60,eingeschwungen
"Schnitt (120°,240°)",0,120,240,8,8,8,0.35,0.1,0.65,10,egg THOLD=0.65,Hunt-Crossley,1.5e+06,0.05,,1.5,3.96012e+08,0.328184,9.81,Kontaktast,0.125,0.7,0.455,K,Kontaktast,1,0,0,7.45754,,1466.49,1466.49,60,eingeschwungen
"Schnitt (120°,240°)",0,120,240,8,8,8,0.35,0.1,0.65,10,egg THOLD=0.65,Hunt-Crossley,1.5e+06,0.05,,1.5,3.96012e+08,0.328184,9.81,Kontaktast,0.125,0.8,0.52,K,Kontaktast,1,0,0,7.31734,,1686.88,1686.88,60,eingeschwungen
"Schnitt (120°,240°)",0,120,240,8,8,8,0.35,0.1,0.65,10,egg THOLD=0.65,Hunt-Crossley,1.5e+06,0.05,,1.5,3.96012e+08,0.328184,9.81,Kontaktast,0.125,0.9,0.585,K,Kontaktast,1,0,0,7.44829,,1958,1958,60,eingeschwungen
"Schnitt (120°,240°)",0,120,240,8,8,8,0.35,0.1,0.65,10,egg THOLD=0.65,Hunt-Crossley,1.5e+06,0.05,,1.5,3.96012e+08,0.328184,9.81,Kontaktast,0.125,1,0.65,H1,Hüpfen,1,3,95.672,272.58,272.58,2205.07,2205.07,60,eingeschwungen
"Schnitt (120°,240°)",0,120,240,8,8,8,0.35,0.1,0.65,10,egg THOLD=0.65,Hunt-Crossley,1.5e+06,0.05,,1.5,3.96012e+08,0.328184,9.81,Kontaktast,0.25,0.1,0.065,K,Kontaktast,1,0,0,7.13754,,170.159,170.159,60,eingeschwungen
"Schnitt (120°,240°)",0,120,240,8,8,8,0.35,0.1,0.65,10,egg THOLD=0.65,Hunt-Crossley,1.5e+06,0.05,,1.5,3.96012e+08,0.328184,9.81,Kontaktast,0.25,0.2,0.13,K,Kontaktast,1,0,0,7.14615,,352.959,352.959,60,eingeschwungen
"Schnitt (120°,240°)",0,120,240,8,8,8,0.35,0.1,0.65,10,egg THOLD=0.65,Hunt-Crossley,1.5e+06,0.05,,1.5,3.96012e+08,0.328184,9.81,Kontaktast,0.25,0.3,0.195,K,Kontaktast,1,0,0,7.19197,,575.299,575.299,60,eingeschwungen
"Schnitt (120°,240°)",0,120,240,8,8,8,0.35,0.1,0.65,10,egg THOLD=0.65,Hunt-Crossley,1.5e+06,0.05,,1.5,3.96012e+08,0.328184,9.81,Kontaktast,0.25,0.4,0.26,H1,Hüpfen,1,3,95.672,272.553,272.553,770.54,770.54,60,eingeschwungen
"Schnitt (120°,240°)",0,120,240,8,8,8,0.35,0.1,0.65,10,egg THOLD=0.65,Hunt-Crossley,1.5e+06,0.05,,1.5,3.96012e+08,0.328184,9.81,Kontaktast,0.25,0.5,0.325,K,Kontaktast,1,0,0,7.25419,,1015.74,1015.74,60,eingeschwungen
"Schnitt (120°,240°)",0,120,240,8,8,8,0.35,0.1,0.65,10,egg THOLD=0.65,Hunt-Crossley,1.5e+06,0.05,,1.5,3.96012e+08,0.328184,9.81,Kontaktast,0.25,0.6,0.39,K,Kontaktast,1,0,0,7.20749,,1238.44,1238.44,60,eingeschwungen
"Schnitt (120°,240°)",0,120,240,8,8,8,0.35,0.1,0.65,10,egg THOLD=0.65,Hunt-Crossley,1.5e+06,0.05,,1.5,3.96012e+08,0.328184,9.81,Kontaktast,0.25,0.7,0.455,K,Kontaktast,1,0,0,7.42195,,1466.31,1466.31,60,eingeschwungen
"Schnitt (120°,240°)",0,120,240,8,8,8,0.35,0.1,0.65,10,egg THOLD=0.65,Hunt-Crossley,1.5e+06,0.05,,1.5,3.96012e+08,0.328184,9.81,Kontaktast,0.25,0.8,0.52,K,Kontaktast,1,0,0,7.57388,,1732.8,1732.8,60,eingeschwungen
"Schnitt (120°,240°)",0,120,240,8,8,8,0.35,0.1,0.65,10,egg THOLD=0.65,Hunt-Crossley,1.5e+06,0.05,,1.5,3.96012e+08,0.328184,9.81,Kontaktast,0.25,0.9,0.585,K,Kontaktast,1,0,0,7.55145,,1959.18,1959.18,60,eingeschwungen
"Schnitt (120°,240°)",0,120,240,8,8,8,0.35,0.1,0.65,10,egg THOLD=0.65,Hunt-Crossley,1.5e+06,0.05,,1.5,3.96012e+08,0.328184,9.81,Kontaktast,0.25,1,0.65,K,Kontaktast,1,0,0,7.2903,,2232.51,2232.51,60,eingeschwungen
"Schnitt (120°,240°)",0,120,240,8,8,8,0.35,0.1,0.65,10,egg THOLD=0.65,Hunt-Crossley,1.5e+06,0.05,,1.5,3.96012e+08,0.328184,9.81,Kontaktast,0.375,0.1,0.065,K,Kontaktast,1,0,0,7.14813,,167.888,167.888,60,eingeschwungen
"Schnitt (120°,240°)",0,120,240,8,8,8,0.35,0.1,0.65,10,egg THOLD=0.65,Hunt-Crossley,1.5e+06,0.05,,1.5,3.96012e+08,0.328184,9.81,Kontaktast,0.375,0.2,0.13,K,Kontaktast,1,0,0,7.14357,,334.36,334.36,60,eingeschwungen
"Schnitt (120°,240°)",0,120,240,8,8,8,0.35,0.1,0.65,10,egg THOLD=0.65,Hunt-Crossley,1.5e+06,0.05,,1.5,3.96012e+08,0.328184,9.81,Kontaktast,0.375,0.3,0.195,K,Kontaktast,1,0,0,7.16,,545.718,545.718,60,eingeschwungen
"Schnitt (120°,240°)",0,120,240,8,8,8,0.35,0.1,0.65,10,egg THOLD=0.65,Hunt-Crossley,1.5e+06,0.05,,1.5,3.96012e+08,0.328184,9.81,Kontaktast,0.375,0.4,0.26,K,Kontaktast,1,0,0,7.17499,,766.192,766.192,60,eingeschwungen
"Schnitt (120°,240°)",0,120,240,8,8,8,0.35,0.1,0.65,10,egg THOLD=0.65,Hunt-Crossley,1.5e+06,0.05,,1.5,3.96012e+08,0.328184,9.81,Kontaktast,0.375,0.5,0.325,K,Kontaktast,1,0,0,7.21864,,970.996,970.996,60,eingeschwungen
"Schnitt (120°,240°)",0,120,240,8,8,8,0.35,0.1,0.65,10,egg THOLD=0.65,Hunt-Crossley,1.5e+06,0.05,,1.5,3.96012e+08,0.328184,9.81,Kontaktast,0.375,0.6,0.39,K,Kontaktast,1,0,0,7.26157,,1226.66,1226.66,60,eingeschwungen
"Schnitt (120°,240°)",0,120,240,8,8,8,0.35,0.1,0.65,10,egg THOLD=0.65,Hunt-Crossley,1.5e+06,0.05,,1.5,3.96012e+08,0.328184,9.81,Kontaktast,0.375,0.7,0.455,K,Kontaktast,1,0,0,7.66459,,1446.48,1446.48,60,eingeschwungen
"Schnitt (120°,240°)",0,120,240,8,8,8,0.35,0.1,0.65,10,egg THOLD=0.65,Hunt-Crossley,1.5e+06,0.05,,1.5,3.96012e+08,0.328184,9.81,Kontaktast,0.375,0.8,0.52,K,Kontaktast,1,0,0,7.3288,,1691.85,1691.85,60,eingeschwungen
"Schnitt (120°,240°)",0,120,240,8,8,8,0.35,0.1,0.65,10,egg THOLD=0.65,Hunt-Crossley,1.5e+06,0.05,,1.5,3.96012e+08,0.328184,9.81,Kontaktast,0.375,0.9,0.585,K,Kontaktast,1,0,0,7.4381,,1954.09,1954.09,60,eingeschwungen
"Schnitt (120°,240°)",0,120,240,8,8,8,0.35,0.1,0.65,10,egg THOLD=0.65,Hunt-Crossley,1.5e+06,0.05,,1.5,3.96012e+08,0.328184,9.81,Kontaktast,0.375,1,0.65,K,Kontaktast,1,0,0,7.38485,,2185.66,2185.66,60,eingeschwungen
"Schnitt (120°,240°)",0,120,240,8,8,8,0.35,0.1,0.65,10,egg THOLD=0.65,Hunt-Crossley,1.5e+06,0.05,,1.5,3.96012e+08,0.328184,9.81,Kontaktast,0.5,0.1,0.065,K,Kontaktast,1,0,0,7.13389,,143.39,143.39,60,eingeschwungen
"Schnitt (120°,240°)",0,120,240,8,8,8,0.35,0.1,0.65,10,egg THOLD=0.65,Hunt-Crossley,1.5e+06,0.05,,1.5,3.96012e+08,0.328184,9.81,Kontaktast,0.5,0.2,0.13,K,Kontaktast,1,0,0,7.14604,,357.831,357.831,60,eingeschwungen
"Schnitt (120°,240°)",0,120,240,8,8,8,0.35,0.1,0.65,10,egg THOLD=0.65,Hunt-Crossley,1.5e+06,0.05,,1.5,3.96012e+08,0.328184,9.81,Kontaktast,0.5,0.3,0.195,H1,Hüpfen,1,3,95.672,272.546,272.546,547.451,547.451,60,eingeschwungen
"Schnitt (120°,240°)",0,120,240,8,8,8,0.35,0.1,0.65,10,egg THOLD=0.65,Hunt-Crossley,1.5e+06,0.05,,1.5,3.96012e+08,0.328184,9.81,Kontaktast,0.5,0.4,0.26,K,Kontaktast,1,0,0,7.27244,,769.998,769.998,60,eingeschwungen
"Schnitt (120°,240°)",0,120,240,8,8,8,0.35,0.1,0.65,10,egg THOLD=0.65,Hunt-Crossley,1.5e+06,0.05,,1.5,3.96012e+08,0.328184,9.81,Kontaktast,0.5,0.5,0.325,K,Kontaktast,1,0,0,7.19766,,1001.74,1001.74,60,eingeschwungen
"Schnitt (120°,240°)",0,120,240,8,8,8,0.35,0.1,0.65,10,egg THOLD=0.65,Hunt-Crossley,1.5e+06,0.05,,1.5,3.96012e+08,0.328184,9.81,Kontaktast,0.5,0.6,0.39,K,Kontaktast,1,0,0,7.26389,,1213.06,1213.06,60,eingeschwungen
"Schnitt (120°,240°)",0,120,240,8,8,8,0.35,0.1,0.65,10,egg THOLD=0.65,Hunt-Crossley,1.5e+06,0.05,,1.5,3.96012e+08,0.328184,9.81,Kontaktast,0.5,0.7,0.455,K,Kontaktast,1,0,0,7.24071,,1476.09,1476.09,60,eingeschwungen
"Schnitt (120°,240°)",0,120,240,8,8,8,0.35,0.1,0.65,10,egg THOLD=0.65,Hunt-Crossley,1.5e+06,0.05,,1.5,3.96012e+08,0.328184,9.81,Kontaktast,0.5,0.8,0.52,H1,Hüpfen,1,3,95.672,272.556,272.556,1703.59,1703.59,60,eingeschwungen
"Schnitt (120°,240°)",0,120,240,8,8,8,0.35,0.1,0.65,10,egg THOLD=0.65,Hunt-Crossley,1.5e+06,0.05,,1.5,3.96012e+08,0.328184,9.81,Kontaktast,0.5,0.9,0.585,K,Kontaktast,1,0,0,7.36216,,1952.11,1952.11,60,eingeschwungen
"Schnitt (120°,240°)",0,120,240,8,8,8,0.35,0.1,0.65,10,egg THOLD=0.65,Hunt-Crossley,1.5e+06,0.05,,1.5,3.96012e+08,0.328184,9.81,Kontaktast,0.5,1,0.65,K,Kontaktast,1,0,0,7.42614,,2223.76,2223.76,60,eingeschwungen
"Schnitt (120°,240°)",0,120,240,8,8,8,0.35,0.1,0.65,10,egg THOLD=0.65,Hunt-Crossley,1.5e+06,0.05,,1.5,3.96012e+08,0.328184,9.81,Kontaktast,0.625,0.1,0.065,K,Kontaktast,1,0,0,7.13702,,177.337,177.337,60,eingeschwungen
"Schnitt (120°,240°)",0,120,240,8,8,8,0.35,0.1,0.65,10,egg THOLD=0.65,Hunt-Crossley,1.5e+06,0.05,,1.5,3.96012e+08,0.328184,9.81,Kontaktast,0.625,0.2,0.13,K,Kontaktast,1,0,0,7.14345,,346.686,346.686,60,eingeschwungen
"Schnitt (120°,240°)",0,120,240,8,8,8,0.35,0.1,0.65,10,egg THOLD=0.65,Hunt-Crossley,1.5e+06,0.05,,1.5,3.96012e+08,0.328184,9.81,Kontaktast,0.625,0.3,0.195,H1,Hüpfen,1,3,95.672,272.543,272.543,574.898,574.898,120,eingeschwungen
"Schnitt (120°,240°)",0,120,240,8,8,8,0.35,0.1,0.65,10,egg THOLD=0.65,Hunt-Crossley,1.5e+06,0.05,,1.5,3.96012e+08,0.328184,9.81,Kontaktast,0.625,0.4,0.26,K,Kontaktast,1,0,0,7.19095,,773.593,773.593,60,eingeschwungen
"Schnitt (120°,240°)",0,120,240,8,8,8,0.35,0.1,0.65,10,egg THOLD=0.65,Hunt-Crossley,1.5e+06,0.05,,1.5,3.96012e+08,0.328184,9.81,Kontaktast,0.625,0.5,0.325,K,Kontaktast,1,0,0,7.19349,,1003.43,1003.43,60,eingeschwungen
"Schnitt (120°,240°)",0,120,240,8,8,8,0.35,0.1,0.65,10,egg THOLD=0.65,Hunt-Crossley,1.5e+06,0.05,,1.5,3.96012e+08,0.328184,9.81,Kontaktast,0.625,0.6,0.39,K,Kontaktast,1,0,0,7.2374,,1243.1,1243.1,60,eingeschwungen
"Schnitt (120°,240°)",0,120,240,8,8,8,0.35,0.1,0.65,10,egg THOLD=0.65,Hunt-Crossley,1.5e+06,0.05,,1.5,3.96012e+08,0.328184,9.81,Kontaktast,0.625,0.7,0.455,K,Kontaktast,1,0,0,7.30021,,1459.98,1459.98,60,eingeschwungen
"Schnitt (120°,240°)",0,120,240,8,8,8,0.35,0.1,0.65,10,egg THOLD=0.65,Hunt-Crossley,1.5e+06,0.05,,1.5,3.96012e+08,0.328184,9.81,Kontaktast,0.625,0.8,0.52,H1,Hüpfen,1,3,95.672,272.543,272.543,1729.48,1729.48,120,eingeschwungen
"Schnitt (120°,240°)",0,120,240,8,8,8,0.35,0.1,0.65,10,egg THOLD=0.65,Hunt-Crossley,1.5e+06,0.05,,1.5,3.96012e+08,0.328184,9.81,Kontaktast,0.625,0.9,0.585,K,Kontaktast,1,0,0,7.42236,,1963.04,1963.04,60,eingeschwungen
"Schnitt (120°,240°)",0,120,240,8,8,8,0.35,0.1,0.65,10,egg THOLD=0.65,Hunt-Crossley,1.5e+06,0.05,,1.5,3.96012e+08,0.328184,9.81,Kontaktast,0.625,1,0.65,K,Kontaktast,1,0,0,7.31553,,2216.22,2216.22,60,eingeschwungen
"Schnitt (120°,240°)",0,120,240,8,8,8,0.35,0.1,0.65,10,egg THOLD=0.65,Hunt-Crossley,1.5e+06,0.05,,1.5,3.96012e+08,0.328184,9.81,Kontaktast,0.75,0.1,0.065,K,Kontaktast,1,0,0,7.1353,,165.446,165.446,60,eingeschwungen
"Schnitt (120°,240°)",0,120,240,8,8,8,0.35,0.1,0.65,10,egg THOLD=0.65,Hunt-Crossley,1.5e+06,0.05,,1.5,3.96012e+08,0.328184,9.81,Kontaktast,0.75,0.2,0.13,H1,Hüpfen,1,3,95.672,272.547,272.547,339.12,339.12,60,eingeschwungen
"Schnitt (120°,240°)",0,120,240,8,8,8,0.35,0.1,0.65,10,egg THOLD=0.65,Hunt-Crossley,1.5e+06,0.05,,1.5,3.96012e+08,0.328184,9.81,Kontaktast,0.75,0.3,0.195,K,Kontaktast,1,0,0,7.19601,,533.327,533.327,60,eingeschwungen
"Schnitt (120°,240°)",0,120,240,8,8,8,0.35,0.1,0.65,10,egg THOLD=0.65,Hunt-Crossley,1.5e+06,0.05,,1.5,3.96012e+08,0.328184,9.81,Kontaktast,0.75,0.4,0.26,K,Kontaktast,1,0,0,7.20316,,769.319,769.319,60,eingeschwungen
"Schnitt (120°,240°)",0,120,240,8,8,8,0.35,0.1,0.65,10,egg THOLD=0.65,Hunt-Crossley,1.5e+06,0.05,,1.5,3.96012e+08,0.328184,9.81,Kontaktast,0.75,0.5,0.325,K,Kontaktast,1,0,0,7.20363,,971.866,971.866,60,eingeschwungen
"Schnitt (120°,240°)",0,120,240,8,8,8,0.35,0.1,0.65,10,egg THOLD=0.65,Hunt-Crossley,1.5e+06,0.05,,1.5,3.96012e+08,0.328184,9.81,Kontaktast,0.75,0.6,0.39,K,Kontaktast,1,0,0,7.2278,,1219.48,1219.48,60,eingeschwungen
"Schnitt (120°,240°)",0,120,240,8,8,8,0.35,0.1,0.65,10,egg THOLD=0.65,Hunt-Crossley,1.5e+06,0.05,,1.5,3.96012e+08,0.328184,9.81,Kontaktast,0.75,0.7,0.455,H1,Hüpfen,1,3,95.672,272.56,272.56,1453.76,1453.76,60,eingeschwungen
"Schnitt (120°,240°)",0,120,240,8,8,8,0.35,0.1,0.65,10,egg THOLD=0.65,Hunt-Crossley,1.5e+06,0.05,,1.5,3.96012e+08,0.328184,9.81,Kontaktast,0.75,0.8,0.52,K,Kontaktast,1,0,0,7.22376,,1681.56,1681.56,60,eingeschwungen
"Schnitt (120°,240°)",0,120,240,8,8,8,0.35,0.1,0.65,10,egg THOLD=0.65,Hunt-Crossley,1.5e+06,0.05,,1.5,3.96012e+08,0.328184,9.81,Kontaktast,0.75,0.9,0.585,K,Kontaktast,1,0,0,7.29232,,1956.7,1956.7,60,eingeschwungen
"Schnitt (120°,240°)",0,120,240,8,8,8,0.35,0.1,0.65,10,egg THOLD=0.65,Hunt-Crossley,1.5e+06,0.05,,1.5,3.96012e+08,0.328184,9.81,Kontaktast,0.75,1,0.65,K,Kontaktast,1,0,0,7.31334,,2189.53,2189.53,60,eingeschwungen
"Schnitt (120°,240°)",0,120,240,8,8,8,0.35,0.1,0.65,10,egg THOLD=0.65,Hunt-Crossley,1.5e+06,0.05,,1.5,3.96012e+08,0.328184,9.81,Kontaktast,0.875,0.1,0.065,K,Kontaktast,1,0,0,7.13527,,155.525,155.525,60,eingeschwungen
"Schnitt (120°,240°)",0,120,240,8,8,8,0.35,0.1,0.65,10,egg THOLD=0.65,Hunt-Crossley,1.5e+06,0.05,,1.5,3.96012e+08,0.328184,9.81,Kontaktast,0.875,0.2,0.13,K,Kontaktast,1,0,0,7.14827,,359.715,359.715,60,eingeschwungen
"Schnitt (120°,240°)",0,120,240,8,8,8,0.35,0.1,0.65,10,egg THOLD=0.65,Hunt-Crossley,1.5e+06,0.05,,1.5,3.96012e+08,0.328184,9.81,Kontaktast,0.875,0.3,0.195,K,Kontaktast,1,0,0,7.18593,,564.182,564.182,60,eingeschwungen
"Schnitt (120°,240°)",0,120,240,8,8,8,0.35,0.1,0.65,10,egg THOLD=0.65,Hunt-Crossley,1.5e+06,0.05,,1.5,3.96012e+08,0.328184,9.81,Kontaktast,0.875,0.4,0.26,H1,Hüpfen,1,3,95.672,272.551,272.551,766.578,766.578,60,eingeschwungen
"Schnitt (120°,240°)",0,120,240,8,8,8,0.35,0.1,0.65,10,egg THOLD=0.65,Hunt-Crossley,1.5e+06,0.05,,1.5,3.96012e+08,0.328184,9.81,Kontaktast,0.875,0.5,0.325,K,Kontaktast,1,0,0,7.19467,,1014.5,1014.5,60,eingeschwungen
"Schnitt (120°,240°)",0,120,240,8,8,8,0.35,0.1,0.65,10,egg THOLD=0.65,Hunt-Crossley,1.5e+06,0.05,,1.5,3.96012e+08,0.328184,9.81,Kontaktast,0.875,0.6,0.39,K,Kontaktast,1,0,0,7.20801,,1225.48,1225.48,60,eingeschwungen
"Schnitt (120°,240°)",0,120,240,8,8,8,0.35,0.1,0.65,10,egg THOLD=0.65,Hunt-Crossley,1.5e+06,0.05,,1.5,3.96012e+08,0.328184,9.81,Kontaktast,0.875,0.7,0.455,K,Kontaktast,1,0,0,7.27786,,1475.02,1475.02,60,eingeschwungen
"Schnitt (120°,240°)",0,120,240,8,8,8,0.35,0.1,0.65,10,egg THOLD=0.65,Hunt-Crossley,1.5e+06,0.05,,1.5,3.96012e+08,0.328184,9.81,Kontaktast,0.875,0.8,0.52,H1,Hüpfen,1,3,95.672,272.556,272.556,1722.23,1722.23,60,eingeschwungen
"Schnitt (120°,240°)",0,120,240,8,8,8,0.35,0.1,0.65,10,egg THOLD=0.65,Hunt-Crossley,1.5e+06,0.05,,1.5,3.96012e+08,0.328184,9.81,Kontaktast,0.875,0.9,0.585,K,Kontaktast,1,0,0,7.51591,,1952.36,1952.36,60,eingeschwungen
"Schnitt (120°,240°)",0,120,240,8,8,8,0.35,0.1,0.65,10,egg THOLD=0.65,Hunt-Crossley,1.5e+06,0.05,,1.5,3.96012e+08,0.328184,9.81,Kontaktast,0.875,1,0.65,K,Kontaktast,1,0,0,7.3006,,2235.24,2235.24,60,eingeschwungen
"synchron (0°,0°)",0,0,0,8,8,8,0.35,0.1,0.65,10,egg THOLD=0.65,Hunt-Crossley,1.5e+06,0.05,,1.5,3.96012e+08,0.328184,9.81,Kontaktast,0,0.1,0.065,K,Kontaktast,1,0,0,13.1963,,209.882,209.882,60,eingeschwungen
"synchron (0°,0°)",0,0,0,8,8,8,0.35,0.1,0.65,10,egg THOLD=0.65,Hunt-Crossley,1.5e+06,0.05,,1.5,3.96012e+08,0.328184,9.81,Kontaktast,0,0.2,0.13,K,Kontaktast,1,0,0,13.2017,,395.101,395.101,60,eingeschwungen
"synchron (0°,0°)",0,0,0,8,8,8,0.35,0.1,0.65,10,egg THOLD=0.65,Hunt-Crossley,1.5e+06,0.05,,1.5,3.96012e+08,0.328184,9.81,Kontaktast,0,0.3,0.195,H1,Hüpfen,1,1,98.8574,1052.25,1052.25,1362.71,1362.71,120,eingeschwungen
"synchron (0°,0°)",0,0,0,8,8,8,0.35,0.1,0.65,10,egg THOLD=0.65,Hunt-Crossley,1.5e+06,0.05,,1.5,3.96012e+08,0.328184,9.81,Kontaktast,0,0.4,0.26,H1,Hüpfen,1,1,98.8574,1052.28,1052.28,1272.59,1272.59,60,eingeschwungen
"synchron (0°,0°)",0,0,0,8,8,8,0.35,0.1,0.65,10,egg THOLD=0.65,Hunt-Crossley,1.5e+06,0.05,,1.5,3.96012e+08,0.328184,9.81,Kontaktast,0,0.5,0.325,H1,Hüpfen,1,1,98.8574,1052.27,1052.27,1310.11,1310.11,60,eingeschwungen
"synchron (0°,0°)",0,0,0,8,8,8,0.35,0.1,0.65,10,egg THOLD=0.65,Hunt-Crossley,1.5e+06,0.05,,1.5,3.96012e+08,0.328184,9.81,Kontaktast,0,0.6,0.39,H1,Hüpfen,1,1,98.8574,1052.27,1052.27,1293.31,1293.31,60,eingeschwungen
"synchron (0°,0°)",0,0,0,8,8,8,0.35,0.1,0.65,10,egg THOLD=0.65,Hunt-Crossley,1.5e+06,0.05,,1.5,3.96012e+08,0.328184,9.81,Kontaktast,0,0.7,0.455,H1,Hüpfen,1,1,98.8574,1052.25,1052.25,1474.58,1474.58,120,eingeschwungen
"synchron (0°,0°)",0,0,0,8,8,8,0.35,0.1,0.65,10,egg THOLD=0.65,Hunt-Crossley,1.5e+06,0.05,,1.5,3.96012e+08,0.328184,9.81,Kontaktast,0,0.8,0.52,H1,Hüpfen,1,1,98.8574,1052.25,1052.25,2178.04,2178.04,120,eingeschwungen
"synchron (0°,0°)",0,0,0,8,8,8,0.35,0.1,0.65,10,egg THOLD=0.65,Hunt-Crossley,1.5e+06,0.05,,1.5,3.96012e+08,0.328184,9.81,Kontaktast,0,0.9,0.585,H1,Hüpfen,1,1,98.8574,1052.25,1052.25,2523.52,2523.52,120,eingeschwungen
"synchron (0°,0°)",0,0,0,8,8,8,0.35,0.1,0.65,10,egg THOLD=0.65,Hunt-Crossley,1.5e+06,0.05,,1.5,3.96012e+08,0.328184,9.81,Kontaktast,0,1,0.65,H1,Hüpfen,1,1,98.8574,1052.25,1052.25,2560.4,2560.4,120,eingeschwungen
"synchron (0°,0°)",0,0,0,8,8,8,0.35,0.1,0.65,10,egg THOLD=0.65,Hunt-Crossley,1.5e+06,0.05,,1.5,3.96012e+08,0.328184,9.81,Kontaktast,0.125,0.1,0.065,K,Kontaktast,1,0,0,13.2008,,232.994,232.994,60,eingeschwungen
"synchron (0°,0°)",0,0,0,8,8,8,0.35,0.1,0.65,10,egg THOLD=0.65,Hunt-Crossley,1.5e+06,0.05,,1.5,3.96012e+08,0.328184,9.81,Kontaktast,0.125,0.2,0.13,K,Kontaktast,1,0,0,13.2281,,679.895,679.895,60,eingeschwungen
"synchron (0°,0°)",0,0,0,8,8,8,0.35,0.1,0.65,10,egg THOLD=0.65,Hunt-Crossley,1.5e+06,0.05,,1.5,3.96012e+08,0.328184,9.81,Kontaktast,0.125,0.3,0.195,H1,Hüpfen,1,1,98.8574,1052.25,1052.25,1322.93,1322.93,120,eingeschwungen
"synchron (0°,0°)",0,0,0,8,8,8,0.35,0.1,0.65,10,egg THOLD=0.65,Hunt-Crossley,1.5e+06,0.05,,1.5,3.96012e+08,0.328184,9.81,Kontaktast,0.125,0.4,0.26,H1,Hüpfen,1,1,98.8574,1052.27,1052.27,1191.45,1191.45,60,eingeschwungen
"synchron (0°,0°)",0,0,0,8,8,8,0.35,0.1,0.65,10,egg THOLD=0.65,Hunt-Crossley,1.5e+06,0.05,,1.5,3.96012e+08,0.328184,9.81,Kontaktast,0.125,0.5,0.325,H1,Hüpfen,1,1,98.8574,1052.26,1052.26,1174.6,1174.6,60,eingeschwungen
"synchron (0°,0°)",0,0,0,8,8,8,0.35,0.1,0.65,10,egg THOLD=0.65,Hunt-Crossley,1.5e+06,0.05,,1.5,3.96012e+08,0.328184,9.81,Kontaktast,0.125,0.6,0.39,H1,Hüpfen,1,1,98.8574,1052.25,1052.25,1260.55,1260.55,120,eingeschwungen
"synchron (0°,0°)",0,0,0,8,8,8,0.35,0.1,0.65,10,egg THOLD=0.65,Hunt-Crossley,1.5e+06,0.05,,1.5,3.96012e+08,0.328184,9.81,Kontaktast,0.125,0.7,0.455,H1,Hüpfen,1,1,98.8574,1052.25,1052.25,1665.56,1665.56,120,eingeschwungen
"synchron (0°,0°)",0,0,0,8,8,8,0.35,0.1,0.65,10,egg THOLD=0.65,Hunt-Crossley,1.5e+06,0.05,,1.5,3.96012e+08,0.328184,9.81,Kontaktast,0.125,0.8,0.52,H1,Hüpfen,1,1,98.8574,1052.25,1052.25,2281.98,2281.98,120,eingeschwungen
"synchron (0°,0°)",0,0,0,8,8,8,0.35,0.1,0.65,10,egg THOLD=0.65,Hunt-Crossley,1.5e+06,0.05,,1.5,3.96012e+08,0.328184,9.81,Kontaktast,0.125,0.9,0.585,H1,Hüpfen,1,1,98.8574,1052.25,1052.25,2415.34,2415.34,120,eingeschwungen
"synchron (0°,0°)",0,0,0,8,8,8,0.35,0.1,0.65,10,egg THOLD=0.65,Hunt-Crossley,1.5e+06,0.05,,1.5,3.96012e+08,0.328184,9.81,Kontaktast,0.125,1,0.65,H1,Hüpfen,1,1,98.8574,1052.25,1052.25,2397.31,2397.31,120,eingeschwungen
"synchron (0°,0°)",0,0,0,8,8,8,0.35,0.1,0.65,10,egg THOLD=0.65,Hunt-Crossley,1.5e+06,0.05,,1.5,3.96012e+08,0.328184,9.81,Kontaktast,0.25,0.1,0.065,K,Kontaktast,1,0,0,13.2023,,273.315,273.315,60,eingeschwungen
"synchron (0°,0°)",0,0,0,8,8,8,0.35,0.1,0.65,10,egg THOLD=0.65,Hunt-Crossley,1.5e+06,0.05,,1.5,3.96012e+08,0.328184,9.81,Kontaktast,0.25,0.2,0.13,K,Kontaktast,1,0,0,13.2344,,755.563,755.563,60,eingeschwungen
"synchron (0°,0°)",0,0,0,8,8,8,0.35,0.1,0.65,10,egg THOLD=0.65,Hunt-Crossley,1.5e+06,0.05,,1.5,3.96012e+08,0.328184,9.81,Kontaktast,0.25,0.3,0.195,H1,Hüpfen,1,1,98.8574,1052.25,1052.25,1291.1,1291.1,120,eingeschwungen
"synchron (0°,0°)",0,0,0,8,8,8,0.35,0.1,0.65,10,egg THOLD=0.65,Hunt-Crossley,1.5e+06,0.05,,1.5,3.96012e+08,0.328184,9.81,Kontaktast,0.25,0.4,0.26,H1,Hüpfen,1,1,98.8574,1052.25,1052.25,1140.05,1140.05,120,eingeschwungen
"synchron (0°,0°)",0,0,0,8,8,8,0.35,0.1,0.65,10,egg THOLD=0.65,Hunt-Crossley,1.5e+06,0.05,,1.5,3.96012e+08,0.328184,9.81,Kontaktast,0.25,0.5,0.325,H1,Hüpfen,1,1,98.8574,1052.25,1052.25,1115.84,1115.84,120,eingeschwungen
"synchron (0°,0°)",0,0,0,8,8,8,0.35,0.1,0.65,10,egg THOLD=0.65,Hunt-Crossley,1.5e+06,0.05,,1.5,3.96012e+08,0.328184,9.81,Kontaktast,0.25,0.6,0.39,H1,Hüpfen,1,1,98.8574,1052.25,1052.25,1281.43,1281.43,120,eingeschwungen
"synchron (0°,0°)",0,0,0,8,8,8,0.35,0.1,0.65,10,egg THOLD=0.65,Hunt-Crossley,1.5e+06,0.05,,1.5,3.96012e+08,0.328184,9.81,Kontaktast,0.25,0.7,0.455,H1,Hüpfen,1,1,98.8574,1052.25,1052.25,1635.7,1635.7,120,eingeschwungen
"synchron (0°,0°)",0,0,0,8,8,8,0.35,0.1,0.65,10,egg THOLD=0.65,Hunt-Crossley,1.5e+06,0.05,,1.5,3.96012e+08,0.328184,9.81,Kontaktast,0.25,0.8,0.52,H1,Hüpfen,1,1,98.8574,1052.25,1052.25,2170.33,2170.33,120,eingeschwungen
"synchron (0°,0°)",0,0,0,8,8,8,0.35,0.1,0.65,10,egg THOLD=0.65,Hunt-Crossley,1.5e+06,0.05,,1.5,3.96012e+08,0.328184,9.81,Kontaktast,0.25,0.9,0.585,H1,Hüpfen,1,1,98.8574,1052.25,1052.25,2269.47,2269.47,120,eingeschwungen
"synchron (0°,0°)",0,0,0,8,8,8,0.35,0.1,0.65,10,egg THOLD=0.65,Hunt-Crossley,1.5e+06,0.05,,1.5,3.96012e+08,0.328184,9.81,Kontaktast,0.25,1,0.65,H1,Hüpfen,1,1,98.8574,1052.25,1052.25,2244.85,2244.85,120,eingeschwungen
"synchron (0°,0°)",0,0,0,8,8,8,0.35,0.1,0.65,10,egg THOLD=0.65,Hunt-Crossley,1.5e+06,0.05,,1.5,3.96012e+08,0.328184,9.81,Kontaktast,0.375,0.1,0.065,K,Kontaktast,1,0,0,13.1963,,258.228,258.228,60,eingeschwungen
"synchron (0°,0°)",0,0,0,8,8,8,0.35,0.1,0.65,10,egg THOLD=0.65,Hunt-Crossley,1.5e+06,0.05,,1.5,3.96012e+08,0.328184,9.81,Kontaktast,0.375,0.2,0.13,K,Kontaktast,1,0,0,13.2135,,691.168,691.168,60,eingeschwungen
"synchron (0°,0°)",0,0,0,8,8,8,0.35,0.1,0.65,10,egg THOLD=0.65,Hunt-Crossley,1.5e+06,0.05,,1.5,3.96012e+08,0.328184,9.81,Kontaktast,0.375,0.3,0.195,H1,Hüpfen,1,1,98.8574,1052.28,1052.28,1266.02,1266.02,60,eingeschwungen
"synchron (0°,0°)",0,0,0,8,8,8,0.35,0.1,0.65,10,egg THOLD=0.65,Hunt-Crossley,1.5e+06,0.05,,1.5,3.96012e+08,0.328184,9.81,Kontaktast,0.375,0.4,0.26,H1,Hüpfen,1,1,98.8574,1052.26,1052.26,1156.8,1156.8,60,eingeschwungen
"synchron (0°,0°)",0,0,0,8,8,8,0.35,0.1,0.65,10,egg THOLD=0.65,Hunt-Crossley,1.5e+06,0.05,,1.5,3.96012e+08,0.328184,9.81,Kontaktast,0.375,0.5,0.325,H1,Hüpfen,1,1,98.8574,1052.26,1052.26,1148.88,1148.88,60,eingeschwungen
"synchron (0°,0°)",0,0,0,8,8,8,0.35,0.1,0.65,10,egg THOLD=0.65,Hunt-Crossley,1.5e+06,0.05,,1.5,3.96012e+08,0.328184,9.81,Kontaktast,0.375,0.6,0.39,H1,Hüpfen,1,1,98.8574,1052.25,1052.25,1281.33,1281.33,120,eingeschwungen
"synchron (0°,0°)",0,0,0,8,8,8,0.35,0.1,0.65,10,egg THOLD=0.65,Hunt-Crossley,1.5e+06,0.05,,1.5,3.96012e+08,0.328184,9.81,Kontaktast,0.375,0.7,0.455,H1,Hüpfen,1,1,98.8574,1052.25,1052.25,1455.46,1455.46,120,eingeschwungen
"synchron (0°,0°)",0,0,0,8,8,8,0.35,0.1,0.65,10,egg THOLD=0.65,Hunt-Crossley,1.5e+06,0.05,,1.5,3.96012e+08,0.328184,9.81,Kontaktast,0.375,0.8,0.52,H1,Hüpfen,1,1,98.8574,1052.25,1052.25,2004.08,2004.08,120,eingeschwungen
"synchron (0°,0°)",0,0,0,8,8,8,0.35,0.1,0.65,10,egg THOLD=0.65,Hunt-Crossley,1.5e+06,0.05,,1.5,3.96012e+08,0.328184,9.81,Kontaktast,0.375,0.9,0.585,H1,Hüpfen,1,1,98.8574,1052.25,1052.25,2111.95,2111.95,120,eingeschwungen
"synchron (0°,0°)",0,0,0,8,8,8,0.35,0.1,0.65,10,egg THOLD=0.65,Hunt-Crossley,1.5e+06,0.05,,1.5,3.96012e+08,0.328184,9.81,Kontaktast,0.375,1,0.65,H1,Hüpfen,1,1,98.8574,1052.25,1052.25,2089.96,2089.96,120,eingeschwungen
"synchron (0°,0°)",0,0,0,8,8,8,0.35,0.1,0.65,10,egg THOLD=0.65,Hunt-Crossley,1.5e+06,0.05,,1.5,3.96012e+08,0.328184,9.81,Kontaktast,0.5,0.1,0.065,K,Kontaktast,1,0,0,13.2009,,247.895,247.895,60,eingeschwungen
"synchron (0°,0°)",0,0,0,8,8,8,0.35,0.1,0.65,10,egg THOLD=0.65,Hunt-Crossley,1.5e+06,0.05,,1.5,3.96012e+08,0.328184,9.81,Kontaktast,0.5,0.2,0.13,K,Kontaktast,1,0,0,13.2232,,586.561,586.561,60,eingeschwungen
"synchron (0°,0°)",0,0,0,8,8,8,0.35,0.1,0.65,10,egg THOLD=0.65,Hunt-Crossley,1.5e+06,0.05,,1.5,3.96012e+08,0.328184,9.81,Kontaktast,0.5,0.3,0.195,H1,Hüpfen,1,1,98.8574,1052.27,1052.27,1333.11,1333.11,60,eingeschwungen
"synchron (0°,0°)",0,0,0,8,8,8,0.35,0.1,0.65,10,egg THOLD=0.65,Hunt-Crossley,1.5e+06,0.05,,1.5,3.96012e+08,0.328184,9.81,Kontaktast,0.5,0.4,0.26,H1,Hüpfen,1,1,98.8574,1052.27,1052.27,1224.63,1224.63,60,eingeschwungen
"synchron (0°,0°)",0,0,0,8,8,8,0.35,0.1,0.65,10,egg THOLD=0.65,Hunt-Crossley,1.5e+06,0.05,,1.5,3.96012e+08,0.328184,9.81,Kontaktast,0.5,0.5,0.325,H1,Hüpfen,1,1,98.8574,1052.27,1052.27,1227.18,1227.18,60,eingeschwungen
"synchron (0°,0°)",0,0,0,8,8,8,0.35,0.1,0.65,10,egg THOLD=0.65,Hunt-Crossley,1.5e+06,0.05,,1.5,3.96012e+08,0.328184,9.81,Kontaktast,0.5,0.6,0.39,H1,Hüpfen,1,1,98.8574,1052.25,1052.25,1306.45,1306.45,120,eingeschwungen
"synchron (0°,0°)",0,0,0,8,8,8,0.35,0.1,0.65,10,egg THOLD=0.65,Hunt-Crossley,1.5e+06,0.05,,1.5,3.96012e+08,0.328184,9.81,Kontaktast,0.5,0.7,0.455,K,Kontaktast,1,0,0,13.3344,,1296.07,1296.07,60,eingeschwungen
"synchron (0°,0°)",0,0,0,8,8,8,0.35,0.1,0.65,10,egg THOLD=0.65,Hunt-Crossley,1.5e+06,0.05,,1.5,3.96012e+08,0.328184,9.81,Kontaktast,0.5,0.8,0.52,H1,Hüpfen,1,1,98.8574,1052.25,1052.25,1837.85,1837.85,120,eingeschwungen
"synchron (0°,0°)",0,0,0,8,8,8,0.35,0.1,0.65,10,egg THOLD=0.65,Hunt-Crossley,1.5e+06,0.05,,1.5,3.96012e+08,0.328184,9.81,Kontaktast,0.5,0.9,0.585,H1,Hüpfen,1,1,98.8574,1052.25,1052.25,1945.11,1945.11,120,eingeschwungen
"synchron (0°,0°)",0,0,0,8,8,8,0.35,0.1,0.65,10,egg THOLD=0.65,Hunt-Crossley,1.5e+06,0.05,,1.5,3.96012e+08,0.328184,9.81,Kontaktast,0.5,1,0.65,K,Kontaktast,1,0,0,13.2647,,1924.61,1924.61,60,eingeschwungen
"synchron (0°,0°)",0,0,0,8,8,8,0.35,0.1,0.65,10,egg THOLD=0.65,Hunt-Crossley,1.5e+06,0.05,,1.5,3.96012e+08,0.328184,9.81,Kontaktast,0.625,0.1,0.065,K,Kontaktast,1,0,0,13.1991,,225.605,225.605,60,eingeschwungen
"synchron (0°,0°)",0,0,0,8,8,8,0.35,0.1,0.65,10,egg THOLD=0.65,Hunt-Crossley,1.5e+06,0.05,,1.5,3.96012e+08,0.328184,9.81,Kontaktast,0.625,0.2,0.13,K,Kontaktast,1,0,0,13.2033,,460.786,460.786,60,eingeschwungen
"synchron (0°,0°)",0,0,0,8,8,8,0.35,0.1,0.65,10,egg THOLD=0.65,Hunt-Crossley,1.5e+06,0.05,,1.5,3.96012e+08,0.328184,9.81,Kontaktast,0.625,0.3,0.195,K,Kontaktast,1,0,0,13.2427,,936.589,936.589,60,eingeschwungen
"synchron (0°,0°)",0,0,0,8,8,8,0.35,0.1,0.65,10,egg THOLD=0.65,Hunt-Crossley,1.5e+06,0.05,,1.5,3.96012e+08,0.328184,9.81,Kontaktast,0.625,0.4,0.26,H1,Hüpfen,1,1,98.8574,1052.28,1052.28,1319.05,1319.05,60,eingeschwungen
"synchron (0°,0°)",0,0,0,8,8,8,0.35,0.1,0.65,10,egg THOLD=0.65,Hunt-Crossley,1.5e+06,0.05,,1.5,3.96012e+08,0.328184,9.81,Kontaktast,0.625,0.5,0.325,H1,Hüpfen,1,1,98.8574,1052.28,1052.28,1271.45,1271.45,60,eingeschwungen
"synchron (0°,0°)",0,0,0,8,8,8,0.35,0.1,0.65,10,egg THOLD=0.65,Hunt-Crossley,1.5e+06,0.05,,1.5,3.96012e+08,0.328184,9.81,Kontaktast,0.625,0.6,0.39,H1,Hüpfen,1,1,98.8574,1052.25,1052.25,1326.51,1326.51,120,eingeschwungen
"synchron (0°,0°)",0,0,0,8,8,8,0.35,0.1,0.65,10,egg THOLD=0.65,Hunt-Crossley,1.5e+06,0.05,,1.5,3.96012e+08,0.328184,9.81,Kontaktast,0.625,0.7,0.455,H1,Hüpfen,1,1,98.8574,1052.25,1052.25,1336.8,1336.8,120,eingeschwungen
"synchron (0°,0°)",0,0,0,8,8,8,0.35,0.1,0.65,10,egg THOLD=0.65,Hunt-Crossley,1.5e+06,0.05,,1.5,3.96012e+08,0.328184,9.81,Kontaktast,0.625,0.8,0.52,H1,Hüpfen,1,1,98.8574,1052.25,1052.25,1708.59,1708.59,120,eingeschwungen
"synchron (0°,0°)",0,0,0,8,8,8,0.35,0.1,0.65,10,egg THOLD=0.65,Hunt-Crossley,1.5e+06,0.05,,1.5,3.96012e+08,0.328184,9.81,Kontaktast,0.625,0.9,0.585,K,Kontaktast,1,0,0,13.4406,,1771.98,1771.98,60,eingeschwungen
"synchron (0°,0°)",0,0,0,8,8,8,0.35,0.1,0.65,10,egg THOLD=0.65,Hunt-Crossley,1.5e+06,0.05,,1.5,3.96012e+08,0.328184,9.81,Kontaktast,0.625,1,0.65,H1,Hüpfen,1,1,98.8574,1052.25,1052.25,1748.76,1748.76,120,eingeschwungen
"synchron (0°,0°)",0,0,0,8,8,8,0.35,0.1,0.65,10,egg THOLD=0.65,Hunt-Crossley,1.5e+06,0.05,,1.5,3.96012e+08,0.328184,9.81,Kontaktast,0.75,0.1,0.065,K,Kontaktast,1,0,0,13.1966,,173.113,173.113,60,eingeschwungen
"synchron (0°,0°)",0,0,0,8,8,8,0.35,0.1,0.65,10,egg THOLD=0.65,Hunt-Crossley,1.5e+06,0.05,,1.5,3.96012e+08,0.328184,9.81,Kontaktast,0.75,0.2,0.13,K,Kontaktast,1,0,0,13.203,,319.739,319.739,60,eingeschwungen
"synchron (0°,0°)",0,0,0,8,8,8,0.35,0.1,0.65,10,egg THOLD=0.65,Hunt-Crossley,1.5e+06,0.05,,1.5,3.96012e+08,0.328184,9.81,Kontaktast,0.75,0.3,0.195,K,Kontaktast,1,0,0,13.2935,,629.102,629.102,60,eingeschwungen
"synchron (0°,0°)",0,0,0,8,8,8,0.35,0.1,0.65,10,egg THOLD=0.65,Hunt-Crossley,1.5e+06,0.05,,1.5,3.96012e+08,0.328184,9.81,Kontaktast,0.75,0.4,0.26,K,Kontaktast,1,0,0,13.2418,,763.378,763.378,60,eingeschwungen
"synchron (0°,0°)",0,0,0,8,8,8,0.35,0.1,0.65,10,egg THOLD=0.65,Hunt-Crossley,1.5e+06,0.05,,1.5,3.96012e+08,0.328184,9.81,Kontaktast,0.75,0.5,0.325,K,Kontaktast,1,0,0,13.289,,697.136,697.136,60,eingeschwungen
"synchron (0°,0°)",0,0,0,8,8,8,0.35,0.1,0.65,10,egg THOLD=0.65,Hunt-Crossley,1.5e+06,0.05,,1.5,3.96012e+08,0.328184,9.81,Kontaktast,0.75,0.6,0.39,K,Kontaktast,1,0,0,13.2651,,1091.3,1091.3,60,eingeschwungen
"synchron (0°,0°)",0,0,0,8,8,8,0.35,0.1,0.65,10,egg THOLD=0.65,Hunt-Crossley,1.5e+06,0.05,,1.5,3.96012e+08,0.328184,9.81,Kontaktast,0.75,0.7,0.455,H1,Hüpfen,1,1,98.8574,1052.29,1052.29,1524.08,1524.08,60,eingeschwungen
"synchron (0°,0°)",0,0,0,8,8,8,0.35,0.1,0.65,10,egg THOLD=0.65,Hunt-Crossley,1.5e+06,0.05,,1.5,3.96012e+08,0.328184,9.81,Kontaktast,0.75,0.8,0.52,H1,Hüpfen,1,1,98.8574,1052.25,1052.25,1596.7,1596.7,120,eingeschwungen
"synchron (0°,0°)",0,0,0,8,8,8,0.35,0.1,0.65,10,egg THOLD=0.65,Hunt-Crossley,1.5e+06,0.05,,1.5,3.96012e+08,0.328184,9.81,Kontaktast,0.75,0.9,0.585,H1,Hüpfen,1,1,98.8574,1052.25,1052.25,1576.49,1576.49,120,eingeschwungen
"synchron (0°,0°)",0,0,0,8,8,8,0.35,0.1,0.65,10,egg THOLD=0.65,Hunt-Crossley,1.5e+06,0.05,,1.5,3.96012e+08,0.328184,9.81,Kontaktast,0.75,1,0.65,K,Kontaktast,1,0,0,13.4162,,1703.11,1703.11,60,eingeschwungen
"synchron (0°,0°)",0,0,0,8,8,8,0.35,0.1,0.65,10,egg THOLD=0.65,Hunt-Crossley,1.5e+06,0.05,,1.5,3.96012e+08,0.328184,9.81,Kontaktast,0.875,0.1,0.065,K,Kontaktast,1,0,0,13.1919,,150.973,150.973,60,eingeschwungen
"synchron (0°,0°)",0,0,0,8,8,8,0.35,0.1,0.65,10,egg THOLD=0.65,Hunt-Crossley,1.5e+06,0.05,,1.5,3.96012e+08,0.328184,9.81,Kontaktast,0.875,0.2,0.13,K,Kontaktast,1,0,0,13.2028,,315.258,315.258,60,eingeschwungen
"synchron (0°,0°)",0,0,0,8,8,8,0.35,0.1,0.65,10,egg THOLD=0.65,Hunt-Crossley,1.5e+06,0.05,,1.5,3.96012e+08,0.328184,9.81,Kontaktast,0.875,0.3,0.195,K,Kontaktast,1,0,0,13.2285,,472.973,472.973,60,eingeschwungen
"synchron (0°,0°)",0,0,0,8,8,8,0.35,0.1,0.65,10,egg THOLD=0.65,Hunt-Crossley,1.5e+06,0.05,,1.5,3.96012e+08,0.328184,9.81,Kontaktast,0.875,0.4,0.26,K,Kontaktast,1,0,0,13.2334,,827.148,827.148,60,eingeschwungen
"synchron (0°,0°)",0,0,0,8,8,8,0.35,0.1,0.65,10,egg THOLD=0.65,Hunt-Crossley,1.5e+06,0.05,,1.5,3.96012e+08,0.328184,9.81,Kontaktast,0.875,0.5,0.325,H1,Hüpfen,1,1,98.8574,1052.28,1052.28,1339.74,1339.74,60,eingeschwungen
"synchron (0°,0°)",0,0,0,8,8,8,0.35,0.1,0.65,10,egg THOLD=0.65,Hunt-Crossley,1.5e+06,0.05,,1.5,3.96012e+08,0.328184,9.81,Kontaktast,0.875,0.6,0.39,H1,Hüpfen,1,1,98.8574,1052.25,1052.25,1438.51,1438.51,120,eingeschwungen
"synchron (0°,0°)",0,0,0,8,8,8,0.35,0.1,0.65,10,egg THOLD=0.65,Hunt-Crossley,1.5e+06,0.05,,1.5,3.96012e+08,0.328184,9.81,Kontaktast,0.875,0.7,0.455,H1,Hüpfen,1,1,98.8574,1052.25,1052.25,1423.28,1423.28,120,eingeschwungen
"synchron (0°,0°)",0,0,0,8,8,8,0.35,0.1,0.65,10,egg THOLD=0.65,Hunt-Crossley,1.5e+06,0.05,,1.5,3.96012e+08,0.328184,9.81,Kontaktast,0.875,0.8,0.52,H1,Hüpfen,1,1,98.8574,1052.25,1052.25,1505.09,1505.09,120,eingeschwungen
"synchron (0°,0°)",0,0,0,8,8,8,0.35,0.1,0.65,10,egg THOLD=0.65,Hunt-Crossley,1.5e+06,0.05,,1.5,3.96012e+08,0.328184,9.81,Kontaktast,0.875,0.9,0.585,H1,Hüpfen,1,1,98.8574,1052.25,1052.25,2067.53,2067.53,120,eingeschwungen
"synchron (0°,0°)",0,0,0,8,8,8,0.35,0.1,0.65,10,egg THOLD=0.65,Hunt-Crossley,1.5e+06,0.05,,1.5,3.96012e+08,0.328184,9.81,Kontaktast,0.875,1,0.65,H1,Hüpfen,1,1,98.8574,1052.25,1052.25,2618.87,2618.87,120,eingeschwungen
