laufart,gesetz,zeta,t0_T,dv_links,dv_rechts,breite,attraktor_links,attraktor_rechts
L1,Kelvin-Voigt,0.05,0,-0.59375,-0.590625,0.003125,K,H1
L1,Kelvin-Voigt,0.05,0,-0.5,-0.496875,0.003125,H1,K
L1,Kelvin-Voigt,0.05,0,0.43125,0.434375,0.003125,K,H1
L1,Kelvin-Voigt,0.05,0,0.509375,0.5125,0.003125,H1,K
L1,Kelvin-Voigt,0.05,0,0.734375,0.7375,0.003125,K,H1
L1,Kelvin-Voigt,0.05,0,0.75,0.753125,0.003125,H1,K
L1,Kelvin-Voigt,0.05,0,0.990625,0.99375,0.003125,K,H1
L1,Kelvin-Voigt,0.05,0.0625,-0.85625,-0.853125,0.003125,K,H1
L1,Kelvin-Voigt,0.05,0.0625,-0.840625,-0.8375,0.003125,H1,K
L1,Kelvin-Voigt,0.05,0.0625,-0.584375,-0.58125,0.003125,K,H1
L1,Kelvin-Voigt,0.05,0.0625,-0.4875,-0.484375,0.003125,H1,K
L1,Kelvin-Voigt,0.05,0.0625,0.415625,0.41875,0.003125,K,H1
L1,Kelvin-Voigt,0.05,0.0625,0.5,0.503125,0.003125,H1,K
L1,Kelvin-Voigt,0.05,0.0625,0.84375,0.846875,0.003125,K,H1
L1,Kelvin-Voigt,0.05,0.0625,0.85,0.853125,0.003125,H1,K
L1,Kelvin-Voigt,0.05,0.125,-0.571875,-0.56875,0.003125,K,H1
L1,Kelvin-Voigt,0.05,0.125,-0.484375,-0.48125,0.003125,H1,K
L1,Kelvin-Voigt,0.05,0.125,0.4125,0.415625,0.003125,K,H1
L1,Kelvin-Voigt,0.05,0.125,0.49375,0.496875,0.003125,H1,K
L1,Kelvin-Voigt,0.05,0.1875,-0.55,-0.546875,0.003125,K,H1
L1,Kelvin-Voigt,0.05,0.1875,-0.49375,-0.490625,0.003125,H1,K
L1,Kelvin-Voigt,0.05,0.1875,0.415625,0.41875,0.003125,K,H1
L1,Kelvin-Voigt,0.05,0.1875,0.478125,0.48125,0.003125,H1,K
L1,Kelvin-Voigt,0.05,0.25,-0.95625,-0.953125,0.003125,K,H1
L1,Kelvin-Voigt,0.05,0.25,-0.946875,-0.94375,0.003125,H1,K
L1,Kelvin-Voigt,0.05,0.25,0.690625,0.69375,0.003125,K,H1
L1,Kelvin-Voigt,0.05,0.25,0.703125,0.70625,0.003125,H1,K
L1,Kelvin-Voigt,0.05,0.3125,-0.959375,-0.95625,0.003125,K,H1
L1,Kelvin-Voigt,0.05,0.3125,-0.94375,-0.940625,0.003125,H1,K
L1,Kelvin-Voigt,0.05,0.3125,-0.809375,-0.80625,0.003125,K,H1
L1,Kelvin-Voigt,0.05,0.3125,-0.79375,-0.790625,0.003125,H1,K
L1,Kelvin-Voigt,0.05,0.375,-0.965625,-0.9625,0.003125,K,H1
L1,Kelvin-Voigt,0.05,0.375,-0.95,-0.946875,0.003125,H1,K
L1,Kelvin-Voigt,0.05,0.375,0.94375,0.946875,0.003125,K,H1
L1,Kelvin-Voigt,0.05,0.375,0.971875,0.975,0.003125,H1,K
L1,Kelvin-Voigt,0.05,0.4375,0.9875,0.990625,0.003125,K,H1
L1,Kelvin-Voigt,0.05,0.5625,-0.7625,-0.759375,0.003125,K,H1
L1,Kelvin-Voigt,0.05,0.5625,-0.740625,-0.7375,0.003125,H1,K
L1,Kelvin-Voigt,0.05,0.5625,0.6375,0.640625,0.003125,K,H1
L1,Kelvin-Voigt,0.05,0.5625,0.65625,0.659375,0.003125,H1,K
L1,Kelvin-Voigt,0.05,0.625,0.834375,0.8375,0.003125,K,H1
L1,Kelvin-Voigt,0.05,0.625,0.85,0.853125,0.003125,H1,K
L1,Kelvin-Voigt,0.05,0.6875,-0.725,-0.721875,0.003125,K,H1
L1,Kelvin-Voigt,0.05,0.6875,-0.69375,-0.690625,0.003125,H1,K
L1,Kelvin-Voigt,0.05,0.6875,0.8375,0.840625,0.003125,K,H1
L1,Kelvin-Voigt,0.05,0.6875,0.853125,0.85625,0.003125,H1,K
L1,Kelvin-Voigt,0.05,0.75,0.571875,0.575,0.003125,K,H1
L1,Kelvin-Voigt,0.05,0.75,0.6,0.603125,0.003125,H1,K
L1,Kelvin-Voigt,0.05,0.8125,-0.65625,-0.653125,0.003125,K,H1
L1,Kelvin-Voigt,0.05,0.8125,-0.609375,-0.60625,0.003125,H1,K
L1,Kelvin-Voigt,0.05,0.8125,0.53125,0.534375,0.003125,K,H1
L1,Kelvin-Voigt,0.05,0.8125,0.56875,0.571875,0.003125,H1,K
L1,Kelvin-Voigt,0.05,0.875,-0.625,-0.621875,0.003125,K,H1
L1,Kelvin-Voigt,0.05,0.875,-0.5625,-0.559375,0.003125,H1,K
L1,Kelvin-Voigt,0.05,0.875,0.490625,0.49375,0.003125,K,H1
L1,Kelvin-Voigt,0.05,0.875,0.540625,0.54375,0.003125,H1,K
L1,Kelvin-Voigt,0.05,0.9375,-0.60625,-0.603125,0.003125,K,H1
L1,Kelvin-Voigt,0.05,0.9375,-0.525,-0.521875,0.003125,H1,K
L1,Kelvin-Voigt,0.05,0.9375,0.45625,0.459375,0.003125,K,H1
L1,Kelvin-Voigt,0.05,0.9375,0.521875,0.525,0.003125,H1,K
"synchron (0°,0°)",Kelvin-Voigt,0.05,0,-0.940625,-0.9375,0.003125,H2,H1
"synchron (0°,0°)",Kelvin-Voigt,0.05,0,-0.825,-0.821875,0.003125,H1,K
"synchron (0°,0°)",Kelvin-Voigt,0.05,0,-0.784375,-0.78125,0.003125,K,H1
"synchron (0°,0°)",Kelvin-Voigt,0.05,0,-0.33125,-0.328125,0.003125,H1,K
"synchron (0°,0°)",Kelvin-Voigt,0.05,0,0.29375,0.296875,0.003125,K,H1
"synchron (0°,0°)",Kelvin-Voigt,0.05,0,0.678125,0.68125,0.003125,H1,K
"synchron (0°,0°)",Kelvin-Voigt,0.05,0,0.7125,0.715625,0.003125,K,H1
"synchron (0°,0°)",Kelvin-Voigt,0.05,0,0.8125,0.815625,0.003125,H1,H2
"synchron (0°,0°)",Kelvin-Voigt,0.05,0.0625,-0.915625,-0.9125,0.003125,H2,K
"synchron (0°,0°)",Kelvin-Voigt,0.05,0.0625,-0.90625,-0.903125,0.003125,K,H1
"synchron (0°,0°)",Kelvin-Voigt,0.05,0.0625,-0.3,-0.296875,0.003125,H1,K
"synchron (0°,0°)",Kelvin-Voigt,0.05,0.0625,0.2625,0.265625,0.003125,K,H1
"synchron (0°,0°)",Kelvin-Voigt,0.05,0.0625,0.7875,0.790625,0.003125,H1,H2
"synchron (0°,0°)",Kelvin-Voigt,0.05,0.125,-0.90625,-0.903125,0.003125,H2,K
"synchron (0°,0°)",Kelvin-Voigt,0.05,0.125,-0.903125,-0.9,0.003125,K,H1
"synchron (0°,0°)",Kelvin-Voigt,0.05,0.125,-0.784375,-0.78125,0.003125,H1,K
"synchron (0°,0°)",Kelvin-Voigt,0.05,0.125,-0.740625,-0.7375,0.003125,K,H1
"synchron (0°,0°)",Kelvin-Voigt,0.05,0.125,-0.278125,-0.275,0.003125,H1,K
"synchron (0°,0°)",Kelvin-Voigt,0.05,0.125,0.240625,0.24375,0.003125,K,H1
"synchron (0°,0°)",Kelvin-Voigt,0.05,0.125,0.6375,0.640625,0.003125,H1,K
"synchron (0°,0°)",Kelvin-Voigt,0.05,0.125,0.675,0.678125,0.003125,K,H1
"synchron (0°,0°)",Kelvin-Voigt,0.05,0.125,0.74375,0.746875,0.003125,H1,K
"synchron (0°,0°)",Kelvin-Voigt,0.05,0.125,0.75,0.753125,0.003125,K,H1
"synchron (0°,0°)",Kelvin-Voigt,0.05,0.125,0.775,0.778125,0.003125,H1,H2
"synchron (0°,0°)",Kelvin-Voigt,0.05,0.1875,-0.90625,-0.903125,0.003125,H2,H1
"synchron (0°,0°)",Kelvin-Voigt,0.05,0.1875,-0.78125,-0.778125,0.003125,H1,K
"synchron (0°,0°)",Kelvin-Voigt,0.05,0.1875,-0.734375,-0.73125,0.003125,K,H1
"synchron (0°,0°)",Kelvin-Voigt,0.05,0.1875,-0.265625,-0.2625,0.003125,H1,K
"synchron (0°,0°)",Kelvin-Voigt,0.05,0.1875,0.228125,0.23125,0.003125,K,H1
"synchron (0°,0°)",Kelvin-Voigt,0.05,0.1875,0.628125,0.63125,0.003125,H1,K
"synchron (0°,0°)",Kelvin-Voigt,0.05,0.1875,0.66875,0.671875,0.003125,K,H1
"synchron (0°,0°)",Kelvin-Voigt,0.05,0.1875,0.771875,0.775,0.003125,H1,H2
"synchron (0°,0°)",Kelvin-Voigt,0.05,0.25,-0.915625,-0.9125,0.003125,H2,H1
"synchron (0°,0°)",Kelvin-Voigt,0.05,0.25,-0.784375,-0.78125,0.003125,H1,K
"synchron (0°,0°)",Kelvin-Voigt,0.05,0.25,-0.7375,-0.734375,0.003125,K,H1
"synchron (0°,0°)",Kelvin-Voigt,0.05,0.25,-0.2625,-0.259375,0.003125,H1,K
"synchron (0°,0°)",Kelvin-Voigt,0.05,0.25,0.221875,0.225,0.003125,K,H1
"synchron (0°,0°)",Kelvin-Voigt,0.05,0.25,0.628125,0.63125,0.003125,H1,K
"synchron (0°,0°)",Kelvin-Voigt,0.05,0.25,0.66875,0.671875,0.003125,K,H1
"synchron (0°,0°)",Kelvin-Voigt,0.05,0.25,0.740625,0.74375,0.003125,H1,K
"synchron (0°,0°)",Kelvin-Voigt,0.05,0.25,0.75,0.753125,0.003125,K,H1
"synchron (0°,0°)",Kelvin-Voigt,0.05,0.25,0.778125,0.78125,0.003125,H1,H2
"synchron (0°,0°)",Kelvin-Voigt,0.05,0.3125,-0.934375,-0.93125,0.003125,H2,H1
"synchron (0°,0°)",Kelvin-Voigt,0.05,0.3125,-0.79375,-0.790625,0.003125,H1,K
"synchron (0°,0°)",Kelvin-Voigt,0.05,0.3125,-0.74375,-0.740625,0.003125,K,H1
"synchron (0°,0°)",Kelvin-Voigt,0.05,0.3125,-0.26875,-0.265625,0.003125,H1,K
"synchron (0°,0°)",Kelvin-Voigt,0.05,0.3125,0.225,0.228125,0.003125,K,H1
"synchron (0°,0°)",Kelvin-Voigt,0.05,0.3125,0.634375,0.6375,0.003125,H1,K
"synchron (0°,0°)",Kelvin-Voigt,0.05,0.3125,0.675,0.678125,0.003125,K,H1
"synchron (0°,0°)",Kelvin-Voigt,0.05,0.3125,0.746875,0.75,0.003125,H1,K
"synchron (0°,0°)",Kelvin-Voigt,0.05,0.3125,0.75625,0.759375,0.003125,K,H1
"synchron (0°,0°)",Kelvin-Voigt,0.05,0.3125,0.79375,0.796875,0.003125,H1,H2
"synchron (0°,0°)",Kelvin-Voigt,0.05,0.375,-0.965625,-0.9625,0.003125,H2,H1
"synchron (0°,0°)",Kelvin-Voigt,0.05,0.375,-0.903125,-0.9,0.003125,H1,K
"synchron (0°,0°)",Kelvin-Voigt,0.05,0.375,-0.890625,-0.8875,0.003125,K,H1
"synchron (0°,0°)",Kelvin-Voigt,0.05,0.375,-0.803125,-0.8,0.003125,H1,K
"synchron (0°,0°)",Kelvin-Voigt,0.05,0.375,-0.753125,-0.75,0.003125,K,H1
"synchron (0°,0°)",Kelvin-Voigt,0.05,0.375,-0.278125,-0.275,0.003125,H1,K
"synchron (0°,0°)",Kelvin-Voigt,0.05,0.375,0.23125,0.234375,0.003125,K,H1
"synchron (0°,0°)",Kelvin-Voigt,0.05,0.375,0.640625,0.64375,0.003125,H1,K
"synchron (0°,0°)",Kelvin-Voigt,0.05,0.375,0.684375,0.6875,0.003125,K,H1
"synchron (0°,0°)",Kelvin-Voigt,0.05,0.375,0.796875,0.8,0.003125,H1,K
"synchron (0°,0°)",Kelvin-Voigt,0.05,0.375,0.8125,0.815625,0.003125,K,H1
"synchron (0°,0°)",Kelvin-Voigt,0.05,0.375,0.815625,0.81875,0.003125,H1,H2
"synchron (0°,0°)",Kelvin-Voigt,0.05,0.4375,-1,-0.996875,0.003125,K,H1
"synchron (0°,0°)",Kelvin-Voigt,0.05,0.4375,-0.809375,-0.80625,0.003125,H1,K
"synchron (0°,0°)",Kelvin-Voigt,0.05,0.4375,-0.75625,-0.753125,0.003125,K,H1
"synchron (0°,0°)",Kelvin-Voigt,0.05,0.4375,-0.290625,-0.2875,0.003125,H1,K
"synchron (0°,0°)",Kelvin-Voigt,0.05,0.4375,0.240625,0.24375,0.003125,K,H1
"synchron (0°,0°)",Kelvin-Voigt,0.05,0.4375,0.646875,0.65,0.003125,H1,K
"synchron (0°,0°)",Kelvin-Voigt,0.05,0.4375,0.690625,0.69375,0.003125,K,H1
"synchron (0°,0°)",Kelvin-Voigt,0.05,0.4375,0.846875,0.85,0.003125,H1,H2
"synchron (0°,0°)",Kelvin-Voigt,0.05,0.4375,0.96875,0.971875,0.003125,H2,H1
"synchron (0°,0°)",Kelvin-Voigt,0.05,0.5,-0.99375,-0.990625,0.003125,K,H1
"synchron (0°,0°)",Kelvin-Voigt,0.05,0.5,-0.8125,-0.809375,0.003125,H1,K
"synchron (0°,0°)",Kelvin-Voigt,0.05,0.5,-0.753125,-0.75,0.003125,K,H1
"synchron (0°,0°)",Kelvin-Voigt,0.05,0.5,-0.309375,-0.30625,0.003125,H1,K
"synchron (0°,0°)",Kelvin-Voigt,0.05,0.5,0.25625,0.259375,0.003125,K,H1
"synchron (0°,0°)",Kelvin-Voigt,0.05,0.5,0.646875,0.65,0.003125,H1,K
"synchron (0°,0°)",Kelvin-Voigt,0.05,0.5,0.69375,0.696875,0.003125,K,H1
"synchron (0°,0°)",Kelvin-Voigt,0.05,0.5,0.840625,0.84375,0.003125,H1,K
"synchron (0°,0°)",Kelvin-Voigt,0.05,0.5,0.85,0.853125,0.003125,K,H1
"synchron (0°,0°)",Kelvin-Voigt,0.05,0.5,0.984375,0.9875,0.003125,H1,K
"synchron (0°,0°)",Kelvin-Voigt,0.05,0.5625,-0.80625,-0.803125,0.003125,H1,K
"synchron (0°,0°)",Kelvin-Voigt,0.05,0.5625,-0.728125,-0.725,0.003125,K,H1
"synchron (0°,0°)",Kelvin-Voigt,0.05,0.5625,-0.3375,-0.334375,0.003125,H1,K
"synchron (0°,0°)",Kelvin-Voigt,0.05,0.5625,0.275,0.278125,0.003125,K,H1
"synchron (0°,0°)",Kelvin-Voigt,0.05,0.5625,0.63125,0.634375,0.003125,H1,K
"synchron (0°,0°)",Kelvin-Voigt,0.05,0.5625,0.690625,0.69375,0.003125,K,H1
"synchron (0°,0°)",Kelvin-Voigt,0.05,0.5625,0.778125,0.78125,0.003125,H1,K
"synchron (0°,0°)",Kelvin-Voigt,0.05,0.5625,0.8,0.803125,0.003125,K,H1
"synchron (0°,0°)",Kelvin-Voigt,0.05,0.5625,0.8875,0.890625,0.003125,H1,K
"synchron (0°,0°)",Kelvin-Voigt,0.05,0.5625,0.925,0.928125,0.003125,K,H1
"synchron (0°,0°)",Kelvin-Voigt,0.05,0.625,-0.790625,-0.7875,0.003125,H1,K
"synchron (0°,0°)",Kelvin-Voigt,0.05,0.625,-0.66875,-0.665625,0.003125,K,H1
"synchron (0°,0°)",Kelvin-Voigt,0.05,0.625,-0.39375,-0.390625,0.003125,H1,K
"synchron (0°,0°)",Kelvin-Voigt,0.05,0.625,0.315625,0.31875,0.003125,K,H1
"synchron (0°,0°)",Kelvin-Voigt,0.05,0.625,0.590625,0.59375,0.003125,H1,K
"synchron (0°,0°)",Kelvin-Voigt,0.05,0.625,0.68125,0.684375,0.003125,K,H1
"synchron (0°,0°)",Kelvin-Voigt,0.05,0.625,0.778125,0.78125,0.003125,H1,K
"synchron (0°,0°)",Kelvin-Voigt,0.05,0.625,0.809375,0.8125,0.003125,K,H1
"synchron (0°,0°)",Kelvin-Voigt,0.05,0.6875,-0.896875,-0.89375,0.003125,K,H1
"synchron (0°,0°)",Kelvin-Voigt,0.05,0.6875,-0.75,-0.746875,0.003125,H1,K
"synchron (0°,0°)",Kelvin-Voigt,0.05,0.6875,0.378125,0.38125,0.003125,K,H1
"synchron (0°,0°)",Kelvin-Voigt,0.05,0.6875,0.46875,0.471875,0.003125,H1,K
"synchron (0°,0°)",Kelvin-Voigt,0.05,0.6875,0.65625,0.659375,0.003125,K,H1
"synchron (0°,0°)",Kelvin-Voigt,0.05,0.6875,0.771875,0.775,0.003125,H1,K
"synchron (0°,0°)",Kelvin-Voigt,0.05,0.6875,0.81875,0.821875,0.003125,K,H1
"synchron (0°,0°)",Kelvin-Voigt,0.05,0.6875,0.909375,0.9125,0.003125,H1,K
"synchron (0°,0°)",Kelvin-Voigt,0.05,0.75,-0.9625,-0.959375,0.003125,H1,K
"synchron (0°,0°)",Kelvin-Voigt,0.05,0.75,-0.859375,-0.85625,0.003125,K,H1
"synchron (0°,0°)",Kelvin-Voigt,0.05,0.75,-0.671875,-0.66875,0.003125,H1,K
"synchron (0°,0°)",Kelvin-Voigt,0.05,0.75,0.6,0.603125,0.003125,K,H1
"synchron (0°,0°)",Kelvin-Voigt,0.05,0.75,0.74375,0.746875,0.003125,H1,K
"synchron (0°,0°)",Kelvin-Voigt,0.05,0.75,0.88125,0.884375,0.003125,K,H1
"synchron (0°,0°)",Kelvin-Voigt,0.05,0.75,0.9375,0.940625,0.003125,H1,K
"synchron (0°,0°)",Kelvin-Voigt,0.05,0.75,0.99375,0.996875,0.003125,K,H1
"synchron (0°,0°)",Kelvin-Voigt,0.05,0.8125,-0.99375,-0.990625,0.003125,K,H1
"synchron (0°,0°)",Kelvin-Voigt,0.05,0.8125,-0.571875,-0.56875,0.003125,H1,K
"synchron (0°,0°)",Kelvin-Voigt,0.05,0.8125,0.515625,0.51875,0.003125,K,H1
"synchron (0°,0°)",Kelvin-Voigt,0.05,0.8125,0.878125,0.88125,0.003125,H1,K
"synchron (0°,0°)",Kelvin-Voigt,0.05,0.8125,0.91875,0.921875,0.003125,K,H1
"synchron (0°,0°)",Kelvin-Voigt,0.05,0.8125,0.996875,1,0.003125,H1,K
"synchron (0°,0°)",Kelvin-Voigt,0.05,0.875,-0.946875,-0.94375,0.003125,H1,K
"synchron (0°,0°)",Kelvin-Voigt,0.05,0.875,-0.9,-0.896875,0.003125,K,H1
"synchron (0°,0°)",Kelvin-Voigt,0.05,0.875,-0.465625,-0.4625,0.003125,H1,K
"synchron (0°,0°)",Kelvin-Voigt,0.05,0.875,0.425,0.428125,0.003125,K,H1
"synchron (0°,0°)",Kelvin-Voigt,0.05,0.875,0.79375,0.796875,0.003125,H1,K
"synchron (0°,0°)",Kelvin-Voigt,0.05,0.875,0.834375,0.8375,0.003125,K,H1
"synchron (0°,0°)",Kelvin-Voigt,0.05,0.875,0.928125,0.93125,0.003125,H1,K
"synchron (0°,0°)",Kelvin-Voigt,0.05,0.875,0.93125,0.934375,0.003125,K,H1
"synchron (0°,0°)",Kelvin-Voigt,0.05,0.875,0.934375,0.9375,0.003125,H1,H2
"synchron (0°,0°)",Kelvin-Voigt,0.05,0.9375,-0.98125,-0.978125,0.003125,H2,H1
"synchron (0°,0°)",Kelvin-Voigt,0.05,0.9375,-0.95625,-0.953125,0.003125,H1,K
"synchron (0°,0°)",Kelvin-Voigt,0.05,0.9375,-0.946875,-0.94375,0.003125,K,H1
"synchron (0°,0°)",Kelvin-Voigt,0.05,0.9375,-0.86875,-0.865625,0.003125,H1,K
"synchron (0°,0°)",Kelvin-Voigt,0.05,0.9375,-0.825,-0.821875,0.003125,K,H1
"synchron (0°,0°)",Kelvin-Voigt,0.05,0.9375,-0.38125,-0.378125,0.003125,H1,K
"synchron (0°,0°)",Kelvin-Voigt,0.05,0.9375,0.346875,0.35,0.003125,K,H1
"synchron (0°,0°)",Kelvin-Voigt,0.05,0.9375,0.721875,0.725,0.003125,H1,K
"synchron (0°,0°)",Kelvin-Voigt,0.05,0.9375,0.759375,0.7625,0.003125,K,H1
"synchron (0°,0°)",Kelvin-Voigt,0.05,0.9375,0.859375,0.8625,0.003125,H1,H2
"(0°,180°)",Kelvin-Voigt,0.05,0,-0.89375,-0.890625,0.003125,K,H1
"(0°,180°)",Kelvin-Voigt,0.05,0,-0.846875,-0.84375,0.003125,H1,K
"(0°,180°)",Kelvin-Voigt,0.05,0,-0.634375,-0.63125,0.003125,K,H1
"(0°,180°)",Kelvin-Voigt,0.05,0,-0.459375,-0.45625,0.003125,H1,K
"(0°,180°)",Kelvin-Voigt,0.05,0,0.396875,0.4,0.003125,K,H1
"(0°,180°)",Kelvin-Voigt,0.05,0,0.54375,0.546875,0.003125,H1,K
"(0°,180°)",Kelvin-Voigt,0.05,0,0.721875,0.725,0.003125,K,H1
"(0°,180°)",Kelvin-Voigt,0.05,0,0.765625,0.76875,0.003125,H1,K
"(0°,180°)",Kelvin-Voigt,0.05,0,0.840625,0.84375,0.003125,K,H1
"(0°,180°)",Kelvin-Voigt,0.05,0,0.85625,0.859375,0.003125,H1,K
"(0°,180°)",Kelvin-Voigt,0.05,0,0.95,0.953125,0.003125,K,H1
"(0°,180°)",Kelvin-Voigt,0.05,0.0625,-0.88125,-0.878125,0.003125,K,H1
"(0°,180°)",Kelvin-Voigt,0.05,0.0625,-0.85,-0.846875,0.003125,H1,K
"(0°,180°)",Kelvin-Voigt,0.05,0.0625,-0.625,-0.621875,0.003125,K,H1
"(0°,180°)",Kelvin-Voigt,0.05,0.0625,-0.446875,-0.44375,0.003125,H1,K
"(0°,180°)",Kelvin-Voigt,0.05,0.0625,0.384375,0.3875,0.003125,K,H1
"(0°,180°)",Kelvin-Voigt,0.05,0.0625,0.534375,0.5375,0.003125,H1,K
"(0°,180°)",Kelvin-Voigt,0.05,0.0625,0.725,0.728125,0.003125,K,H1
"(0°,180°)",Kelvin-Voigt,0.05,0.0625,0.75625,0.759375,0.003125,H1,K
"(0°,180°)",Kelvin-Voigt,0.05,0.0625,0.89375,0.896875,0.003125,K,H1
"(0°,180°)",Kelvin-Voigt,0.05,0.0625,0.90625,0.909375,0.003125,H1,K
"(0°,180°)",Kelvin-Voigt,0.05,0.125,-0.875,-0.871875,0.003125,K,H1
"(0°,180°)",Kelvin-Voigt,0.05,0.125,-0.846875,-0.84375,0.003125,H1,K
"(0°,180°)",Kelvin-Voigt,0.05,0.125,-0.61875,-0.615625,0.003125,K,H1
"(0°,180°)",Kelvin-Voigt,0.05,0.125,-0.44375,-0.440625,0.003125,H1,K
"(0°,180°)",Kelvin-Voigt,0.05,0.125,0.378125,0.38125,0.003125,K,H1
"(0°,180°)",Kelvin-Voigt,0.05,0.125,0.53125,0.534375,0.003125,H1,K
"(0°,180°)",Kelvin-Voigt,0.05,0.125,0.725,0.728125,0.003125,K,H1
"(0°,180°)",Kelvin-Voigt,0.05,0.125,0.75,0.753125,0.003125,H1,K
"(0°,180°)",Kelvin-Voigt,0.05,0.125,0.896875,0.9,0.003125,K,H1
"(0°,180°)",Kelvin-Voigt,0.05,0.125,0.915625,0.91875,0.003125,H1,K
"(0°,180°)",Kelvin-Voigt,0.05,0.1875,-0.978125,-0.975,0.003125,K,H1
"(0°,180°)",Kelvin-Voigt,0.05,0.1875,-0.94375,-0.940625,0.003125,H1,K
"(0°,180°)",Kelvin-Voigt,0.05,0.1875,-0.8625,-0.859375,0.003125,K,H1
"(0°,180°)",Kelvin-Voigt,0.05,0.1875,-0.840625,-0.8375,0.003125,H1,K
"(0°,180°)",Kelvin-Voigt,0.05,0.1875,-0.6,-0.596875,0.003125,K,H1
"(0°,180°)",Kelvin-Voigt,0.05,0.1875,-0.453125,-0.45,0.003125,H1,K
"(0°,180°)",Kelvin-Voigt,0.05,0.1875,0.384375,0.3875,0.003125,K,H1
"(0°,180°)",Kelvin-Voigt,0.05,0.1875,0.51875,0.521875,0.003125,H1,K
"(0°,180°)",Kelvin-Voigt,0.05,0.25,-0.971875,-0.96875,0.003125,K,H1
"(0°,180°)",Kelvin-Voigt,0.05,0.25,-0.93125,-0.928125,0.003125,H1,K
"(0°,180°)",Kelvin-Voigt,0.05,0.25,-0.565625,-0.5625,0.003125,K,H1
"(0°,180°)",Kelvin-Voigt,0.05,0.25,-0.475,-0.471875,0.003125,H1,K
"(0°,180°)",Kelvin-Voigt,0.05,0.25,0.396875,0.4,0.003125,K,H1
"(0°,180°)",Kelvin-Voigt,0.05,0.25,0.490625,0.49375,0.003125,H1,K
"(0°,180°)",Kelvin-Voigt,0.05,0.25,0.925,0.928125,0.003125,K,H1
"(0°,180°)",Kelvin-Voigt,0.05,0.25,0.9625,0.965625,0.003125,H1,K
"(0°,180°)",Kelvin-Voigt,0.05,0.3125,-0.978125,-0.975,0.003125,K,H1
"(0°,180°)",Kelvin-Voigt,0.05,0.3125,-0.91875,-0.915625,0.003125,H1,K
"(0°,180°)",Kelvin-Voigt,0.05,0.3125,-0.825,-0.821875,0.003125,K,H1
"(0°,180°)",Kelvin-Voigt,0.05,0.3125,-0.796875,-0.79375,0.003125,H1,K
"(0°,180°)",Kelvin-Voigt,0.05,0.3125,0.6875,0.690625,0.003125,K,H1
"(0°,180°)",Kelvin-Voigt,0.05,0.3125,0.709375,0.7125,0.003125,H1,K
"(0°,180°)",Kelvin-Voigt,0.05,0.3125,0.7875,0.790625,0.003125,K,H1
"(0°,180°)",Kelvin-Voigt,0.05,0.3125,0.834375,0.8375,0.003125,H1,K
"(0°,180°)",Kelvin-Voigt,0.05,0.3125,0.928125,0.93125,0.003125,K,H1
"(0°,180°)",Kelvin-Voigt,0.05,0.3125,0.971875,0.975,0.003125,H1,K
"(0°,180°)",Kelvin-Voigt,0.05,0.375,-0.990625,-0.9875,0.003125,K,H1
"(0°,180°)",Kelvin-Voigt,0.05,0.375,-0.934375,-0.93125,0.003125,H1,K
"(0°,180°)",Kelvin-Voigt,0.05,0.375,-0.803125,-0.8,0.003125,K,H1
"(0°,180°)",Kelvin-Voigt,0.05,0.375,-0.775,-0.771875,0.003125,H1,K
"(0°,180°)",Kelvin-Voigt,0.05,0.375,0.7875,0.790625,0.003125,K,H1
"(0°,180°)",Kelvin-Voigt,0.05,0.375,0.840625,0.84375,0.003125,H1,K
"(0°,180°)",Kelvin-Voigt,0.05,0.375,0.925,0.928125,0.003125,K,H1
"(0°,180°)",Kelvin-Voigt,0.05,0.4375,-0.971875,-0.96875,0.003125,H1,K
"(0°,180°)",Kelvin-Voigt,0.05,0.4375,0.821875,0.825,0.003125,K,H1
"(0°,180°)",Kelvin-Voigt,0.05,0.4375,0.85625,0.859375,0.003125,H1,K
"(0°,180°)",Kelvin-Voigt,0.05,0.4375,0.925,0.928125,0.003125,K,H1
"(0°,180°)",Kelvin-Voigt,0.05,0.5,-0.99375,-0.990625,0.003125,H1,K
"(0°,180°)",Kelvin-Voigt,0.05,0.5,-0.784375,-0.78125,0.003125,K,H1
"(0°,180°)",Kelvin-Voigt,0.05,0.5,-0.746875,-0.74375,0.003125,H1,K
"(0°,180°)",Kelvin-Voigt,0.05,0.5,0.640625,0.64375,0.003125,K,H1
"(0°,180°)",Kelvin-Voigt,0.05,0.5,0.66875,0.671875,0.003125,H1,K
"(0°,180°)",Kelvin-Voigt,0.05,0.5,0.84375,0.846875,0.003125,K,H1
"(0°,180°)",Kelvin-Voigt,0.05,0.5,0.865625,0.86875,0.003125,H1,K
"(0°,180°)",Kelvin-Voigt,0.05,0.5625,-1,-0.996875,0.003125,H1,K
"(0°,180°)",Kelvin-Voigt,0.05,0.5625,-0.78125,-0.778125,0.003125,K,H1
"(0°,180°)",Kelvin-Voigt,0.05,0.5625,-0.7375,-0.734375,0.003125,H1,K
"(0°,180°)",Kelvin-Voigt,0.05,0.5625,0.63125,0.634375,0.003125,K,H1
"(0°,180°)",Kelvin-Voigt,0.05,0.5625,0.66875,0.671875,0.003125,H1,K
"(0°,180°)",Kelvin-Voigt,0.05,0.625,-0.775,-0.771875,0.003125,K,H1
"(0°,180°)",Kelvin-Voigt,0.05,0.625,-0.725,-0.721875,0.003125,H1,K
"(0°,180°)",Kelvin-Voigt,0.05,0.625,0.621875,0.625,0.003125,K,H1
"(0°,180°)",Kelvin-Voigt,0.05,0.625,0.6625,0.665625,0.003125,H1,K
"(0°,180°)",Kelvin-Voigt,0.05,0.6875,-0.990625,-0.9875,0.003125,H1,K
"(0°,180°)",Kelvin-Voigt,0.05,0.6875,-0.759375,-0.75625,0.003125,K,H1
"(0°,180°)",Kelvin-Voigt,0.05,0.6875,-0.7,-0.696875,0.003125,H1,K
"(0°,180°)",Kelvin-Voigt,0.05,0.6875,0.60625,0.609375,0.003125,K,H1
"(0°,180°)",Kelvin-Voigt,0.05,0.6875,0.653125,0.65625,0.003125,H1,K
"(0°,180°)",Kelvin-Voigt,0.05,0.75,-0.725,-0.721875,0.003125,K,H1
"(0°,180°)",Kelvin-Voigt,0.05,0.75,-0.653125,-0.65,0.003125,H1,K
"(0°,180°)",Kelvin-Voigt,0.05,0.75,0.571875,0.575,0.003125,K,H1
"(0°,180°)",Kelvin-Voigt,0.05,0.75,0.628125,0.63125,0.003125,H1,K
"(0°,180°)",Kelvin-Voigt,0.05,0.8125,-0.69375,-0.690625,0.003125,K,H1
"(0°,180°)",Kelvin-Voigt,0.05,0.8125,-0.59375,-0.590625,0.003125,H1,K
"(0°,180°)",Kelvin-Voigt,0.05,0.8125,0.521875,0.525,0.003125,K,H1
"(0°,180°)",Kelvin-Voigt,0.05,0.8125,0.6,0.603125,0.003125,H1,K
"(0°,180°)",Kelvin-Voigt,0.05,0.8125,0.790625,0.79375,0.003125,K,H1
"(0°,180°)",Kelvin-Voigt,0.05,0.8125,0.8125,0.815625,0.003125,H1,K
"(0°,180°)",Kelvin-Voigt,0.05,0.875,-0.921875,-0.91875,0.003125,K,H1
"(0°,180°)",Kelvin-Voigt,0.05,0.875,-0.865625,-0.8625,0.003125,H1,K
"(0°,180°)",Kelvin-Voigt,0.05,0.875,-0.671875,-0.66875,0.003125,K,H1
"(0°,180°)",Kelvin-Voigt,0.05,0.875,-0.53125,-0.528125,0.003125,H1,K
"(0°,180°)",Kelvin-Voigt,0.05,0.875,0.46875,0.471875,0.003125,K,H1
"(0°,180°)",Kelvin-Voigt,0.05,0.875,0.578125,0.58125,0.003125,H1,K
"(0°,180°)",Kelvin-Voigt,0.05,0.9375,-0.903125,-0.9,0.003125,K,H1
"(0°,180°)",Kelvin-Voigt,0.05,0.9375,-0.85,-0.846875,0.003125,H1,K
"(0°,180°)",Kelvin-Voigt,0.05,0.9375,-0.65,-0.646875,0.003125,K,H1
"(0°,180°)",Kelvin-Voigt,0.05,0.9375,-0.484375,-0.48125,0.003125,H1,K
"(0°,180°)",Kelvin-Voigt,0.05,0.9375,0.425,0.428125,0.003125,K,H1
"(0°,180°)",Kelvin-Voigt,0.05,0.9375,0.559375,0.5625,0.003125,H1,K
"(0°,180°)",Kelvin-Voigt,0.05,0.9375,0.728125,0.73125,0.003125,K,H1
"(0°,180°)",Kelvin-Voigt,0.05,0.9375,0.778125,0.78125,0.003125,H1,K
