laufart,gesetz,zeta,wurfphasen_ohne_kontaktast,zellen,anteil_huepfen_pct,anteil_irregulaer_pct,anteil_kontaktast_pct,dv_huepf_min_pos,t0_T_huepf_min_pos,inseln_pos,n_inseln_pos,dv_huepf_min_neg,t0_T_huepf_min_neg,inseln_neg,n_inseln_neg,attraktoren,stossspitze_max_N,F_max_lauf_max_N,stossspitze_lauf_max_N
L1,Kelvin-Voigt,0.05,0,656,5.64024,0,94.3598,0.415625,0.125,0.0000;0.0625;0.1250;0.1875;0.2500;0.3750;0.5625;0.6250;0.6875;0.7500;0.8125;0.8750;0.9375,13,-0.484375,0.125,0.0000;0.0625;0.1250;0.1875;0.2500;0.3125;0.3750;0.5625;0.6875;0.8125;0.8750;0.9375,12,K H1,481.88,987.155,987.155
"Schnitt (100°,240°)",Kelvin-Voigt,0.05,0,656,0,0,100,,,,0,,,,0,K,,956.572,956.572
"Schnitt (102°,240°)",Kelvin-Voigt,0.05,0,656,0,0,100,,,,0,,,,0,K,,953.882,953.882
"Schnitt (104°,240°)",Kelvin-Voigt,0.05,0,656,0,0,100,,,,0,,,,0,K,,951.006,951.006
"Schnitt (106°,240°)",Kelvin-Voigt,0.05,0,656,0,0,100,,,,0,,,,0,K,,948.492,948.492
"Schnitt (108°,240°)",Kelvin-Voigt,0.05,0,656,0,0,100,,,,0,,,,0,K,,946.859,946.859
"Schnitt (110°,240°)",Kelvin-Voigt,0.05,0,656,0,0,100,,,,0,,,,0,K,,944.989,944.989
"Schnitt (112°,240°)",Kelvin-Voigt,0.05,0,656,0,0,100,,,,0,,,,0,K,,942.892,942.892
"Schnitt (114°,240°)",Kelvin-Voigt,0.05,0,656,0,0,100,,,,0,,,,0,K,,940.576,940.576
"Schnitt (116°,240°)",Kelvin-Voigt,0.05,0,656,0,0,100,,,,0,,,,0,K,,938.043,938.043
"Schnitt (118°,240°)",Kelvin-Voigt,0.05,0,656,0,0,100,,,,0,,,,0,K,,935.295,935.295
"Schnitt (120°,240°)",Kelvin-Voigt,0.05,0,656,0,0,100,,,,0,,,,0,K,,933.783,933.783
"Schnitt (122°,240°)",Kelvin-Voigt,0.05,0,656,0,0,100,,,,0,,,,0,K,,935.407,935.407
"Schnitt (124°,240°)",Kelvin-Voigt,0.05,0,656,0,0,100,,,,0,,,,0,K,,937.016,937.016
"Schnitt (126°,240°)",Kelvin-Voigt,0.05,0,656,0,0,100,,,,0,,,,0,K,,938.606,938.606
"Schnitt (128°,240°)",Kelvin-Voigt,0.05,0,656,0,0,100,,,,0,,,,0,K,,940.167,940.167
"Schnitt (130°,240°)",Kelvin-Voigt,0.05,0,656,0,0,100,,,,0,,,,0,K,,941.697,941.697
"Schnitt (132°,240°)",Kelvin-Voigt,0.05,0,656,0,0,100,,,,0,,,,0,K,,943.197,943.197
"Schnitt (134°,240°)",Kelvin-Voigt,0.05,0,656,0,0,100,,,,0,,,,0,K,,944.676,944.676
"Schnitt (136°,240°)",Kelvin-Voigt,0.05,0,656,0,0,100,,,,0,,,,0,K,,946.139,946.139
"Schnitt (138°,240°)",Kelvin-Voigt,0.05,0,656,0,0,100,,,,0,,,,0,K,,947.59,947.59
"Schnitt (140°,240°)",Kelvin-Voigt,0.05,0,656,0,0,100,,,,0,,,,0,K,,949.022,949.022
"Pilot (110°,250°)",Kelvin-Voigt,0.05,0,656,0,0,100,,,,0,,,,0,K,,948.859,948.859
"Pilot (130°,230°)",Kelvin-Voigt,0.05,0,656,0,0,100,,,,0,,,,0,K,,951.974,951.974
"Pilot (110°,252°)",Kelvin-Voigt,0.05,0,656,0,0,100,,,,0,,,,0,K,,949.925,949.925
"synchron (0°,0°)",Kelvin-Voigt,0.05,0,656,57.0122,0,42.9878,0.225,0.25,0.0000;0.1250;0.1875;0.2500;0.3125;0.3750;0.4375;0.5000;0.5625;0.6250;0.6875;0.7500;0.8125;0.8750;0.9375,15,-0.2625,0.25,0.0000;0.0625;0.1250;0.1875;0.2500;0.3125;0.3750;0.4375;0.5000;0.5625;0.6250;0.6875;0.7500;0.8125;0.8750;0.9375,16,K H1 H2,968.649,1072.26,1072.26
"(0°,180°)",Kelvin-Voigt,0.05,0,656,14.0244,0,85.9756,0.38125,0.125,0.0000;0.0625;0.1250;0.1875;0.2500;0.3125;0.3750;0.4375;0.5000;0.5625;0.6250;0.6875;0.7500;0.8125;0.8750;0.9375,16,-0.44375,0.125,0.0000;0.0625;0.1250;0.1875;0.2500;0.3125;0.3750;0.5000;0.5625;0.6250;0.6875;0.7500;0.8125;0.8750;0.9375,15,K H1,482.394,996.481,996.481
