laufart,gesetz,zeta,t0_T,attraktor,dv_von,dv_bis,punkte
L1,Kelvin-Voigt,0.05,0,K,-1,-0.88,13
L1,Kelvin-Voigt,0.05,0,H1,-0.87,-0.86,2
L1,Kelvin-Voigt,0.05,0,K,-0.85,-0.6,26
L1,Kelvin-Voigt,0.05,0,H1,-0.59,-0.5,10
L1,Kelvin-Voigt,0.05,0,K,-0.49,0.43,93
L1,Kelvin-Voigt,0.05,0,H1,0.44,0.51,8
L1,Kelvin-Voigt,0.05,0,K,0.52,0.73,22
L1,Kelvin-Voigt,0.05,0,H1,0.74,0.75,2
L1,Kelvin-Voigt,0.05,0,K,0.76,0.86,11
L1,Kelvin-Voigt,0.05,0,H1,0.87,0.87,1
L1,Kelvin-Voigt,0.05,0,K,0.88,0.99,12
L1,Kelvin-Voigt,0.05,0,H1,1,1,1
L1,Kelvin-Voigt,0.05,0.125,K,-1,-0.98,3
L1,Kelvin-Voigt,0.05,0.125,H1,-0.97,-0.97,1
L1,Kelvin-Voigt,0.05,0.125,K,-0.96,-0.85,12
L1,Kelvin-Voigt,0.05,0.125,H1,-0.84,-0.83,2
L1,Kelvin-Voigt,0.05,0.125,K,-0.82,-0.58,25
L1,Kelvin-Voigt,0.05,0.125,H1,-0.57,-0.49,9
L1,Kelvin-Voigt,0.05,0.125,K,-0.48,0.41,90
L1,Kelvin-Voigt,0.05,0.125,H1,0.42,0.49,8
L1,Kelvin-Voigt,0.05,0.125,K,0.5,0.71,22
L1,Kelvin-Voigt,0.05,0.125,H1,0.72,0.72,1
L1,Kelvin-Voigt,0.05,0.125,K,0.73,1,28
L1,Kelvin-Voigt,0.05,0.25,K,-1,-0.96,5
L1,Kelvin-Voigt,0.05,0.25,H1,-0.95,-0.95,1
L1,Kelvin-Voigt,0.05,0.25,K,-0.94,-0.82,13
L1,Kelvin-Voigt,0.05,0.25,H1,-0.81,-0.81,1
L1,Kelvin-Voigt,0.05,0.25,K,-0.8,0.69,150
L1,Kelvin-Voigt,0.05,0.25,H1,0.7,0.7,1
L1,Kelvin-Voigt,0.05,0.25,K,0.71,0.81,11
L1,Kelvin-Voigt,0.05,0.25,H1,0.82,0.82,1
L1,Kelvin-Voigt,0.05,0.25,K,0.83,0.91,9
L1,Kelvin-Voigt,0.05,0.25,H1,0.92,0.92,1
L1,Kelvin-Voigt,0.05,0.25,K,0.93,1,8
L1,Kelvin-Voigt,0.05,0.375,K,-1,-0.97,4
L1,Kelvin-Voigt,0.05,0.375,H1,-0.96,-0.95,2
L1,Kelvin-Voigt,0.05,0.375,K,-0.94,-0.8,15
L1,Kelvin-Voigt,0.05,0.375,H1,-0.79,-0.79,1
L1,Kelvin-Voigt,0.05,0.375,K,-0.78,0.67,146
L1,Kelvin-Voigt,0.05,0.375,H1,0.68,0.68,1
L1,Kelvin-Voigt,0.05,0.375,K,0.69,0.81,13
L1,Kelvin-Voigt,0.05,0.375,H1,0.82,0.82,1
L1,Kelvin-Voigt,0.05,0.375,K,0.83,0.94,12
L1,Kelvin-Voigt,0.05,0.375,H1,0.95,0.97,3
L1,Kelvin-Voigt,0.05,0.375,K,0.98,1,3
L1,Kelvin-Voigt,0.05,0.5,K,-1,-0.98,3
L1,Kelvin-Voigt,0.05,0.5,H1,-0.97,-0.97,1
L1,Kelvin-Voigt,0.05,0.5,K,-0.96,-0.78,19
L1,Kelvin-Voigt,0.05,0.5,H1,-0.77,-0.76,2
L1,Kelvin-Voigt,0.05,0.5,K,-0.75,0.65,141
L1,Kelvin-Voigt,0.05,0.5,H1,0.66,0.66,1
L1,Kelvin-Voigt,0.05,0.5,K,0.67,0.82,16
L1,Kelvin-Voigt,0.05,0.5,H1,0.83,0.83,1
L1,Kelvin-Voigt,0.05,0.5,K,0.84,1,17
L1,Kelvin-Voigt,0.05,0.625,K,-1,-1,1
L1,Kelvin-Voigt,0.05,0.625,H1,-0.99,-0.98,2
L1,Kelvin-Voigt,0.05,0.625,K,-0.97,-0.75,23
L1,Kelvin-Voigt,0.05,0.625,H1,-0.74,-0.73,2
L1,Kelvin-Voigt,0.05,0.625,K,-0.72,0.62,135
L1,Kelvin-Voigt,0.05,0.625,H1,0.63,0.64,2
L1,Kelvin-Voigt,0.05,0.625,K,0.65,0.83,19
L1,Kelvin-Voigt,0.05,0.625,H1,0.84,0.85,2
L1,Kelvin-Voigt,0.05,0.625,K,0.86,1,15
L1,Kelvin-Voigt,0.05,0.75,K,-1,-0.98,3
L1,Kelvin-Voigt,0.05,0.75,H1,-0.97,-0.97,1
L1,Kelvin-Voigt,0.05,0.75,K,-0.96,-0.7,27
L1,Kelvin-Voigt,0.05,0.75,H1,-0.69,-0.66,4
L1,Kelvin-Voigt,0.05,0.75,K,-0.65,0.57,123
L1,Kelvin-Voigt,0.05,0.75,H1,0.58,0.6,3
L1,Kelvin-Voigt,0.05,0.75,K,0.61,0.83,23
L1,Kelvin-Voigt,0.05,0.75,H1,0.84,0.84,1
L1,Kelvin-Voigt,0.05,0.75,K,0.85,1,16
L1,Kelvin-Voigt,0.05,0.875,K,-1,-0.92,9
L1,Kelvin-Voigt,0.05,0.875,H1,-0.91,-0.91,1
L1,Kelvin-Voigt,0.05,0.875,K,-0.9,-0.63,28
L1,Kelvin-Voigt,0.05,0.875,H1,-0.62,-0.57,6
L1,Kelvin-Voigt,0.05,0.875,K,-0.56,0.49,106
L1,Kelvin-Voigt,0.05,0.875,H1,0.5,0.54,5
L1,Kelvin-Voigt,0.05,0.875,K,0.55,0.78,24
L1,Kelvin-Voigt,0.05,0.875,H1,0.79,0.79,1
L1,Kelvin-Voigt,0.05,0.875,K,0.8,0.92,13
L1,Kelvin-Voigt,0.05,0.875,H1,0.93,0.93,1
L1,Kelvin-Voigt,0.05,0.875,K,0.94,0.98,5
L1,Kelvin-Voigt,0.05,0.875,H1,0.99,0.99,1
L1,Kelvin-Voigt,0.05,0.875,K,1,1,1
"Schnitt (100°,240°)",Kelvin-Voigt,0.05,0,K,-1,1,201
"Schnitt (100°,240°)",Kelvin-Voigt,0.05,0.125,K,-1,1,201
"Schnitt (100°,240°)",Kelvin-Voigt,0.05,0.25,K,-1,1,201
"Schnitt (100°,240°)",Kelvin-Voigt,0.05,0.375,K,-1,1,201
"Schnitt (100°,240°)",Kelvin-Voigt,0.05,0.5,K,-1,1,201
"Schnitt (100°,240°)",Kelvin-Voigt,0.05,0.625,K,-1,1,201
"Schnitt (100°,240°)",Kelvin-Voigt,0.05,0.75,K,-1,1,201
"Schnitt (100°,240°)",Kelvin-Voigt,0.05,0.875,K,-1,1,201
"Schnitt (120°,240°)",Kelvin-Voigt,0.05,0,K,-1,1,201
"Schnitt (120°,240°)",Kelvin-Voigt,0.05,0.125,K,-1,1,201
"Schnitt (120°,240°)",Kelvin-Voigt,0.05,0.25,K,-1,1,201
"Schnitt (120°,240°)",Kelvin-Voigt,0.05,0.375,K,-1,1,201
"Schnitt (120°,240°)",Kelvin-Voigt,0.05,0.5,K,-1,1,201
"Schnitt (120°,240°)",Kelvin-Voigt,0.05,0.625,K,-1,1,201
"Schnitt (120°,240°)",Kelvin-Voigt,0.05,0.75,K,-1,1,201
"Schnitt (120°,240°)",Kelvin-Voigt,0.05,0.875,K,-1,1,201
"Schnitt (140°,240°)",Kelvin-Voigt,0.05,0,K,-1,1,201
"Schnitt (140°,240°)",Kelvin-Voigt,0.05,0.125,K,-1,1,201
"Schnitt (140°,240°)",Kelvin-Voigt,0.05,0.25,K,-1,1,201
"Schnitt (140°,240°)",Kelvin-Voigt,0.05,0.375,K,-1,1,201
"Schnitt (140°,240°)",Kelvin-Voigt,0.05,0.5,K,-1,1,201
"Schnitt (140°,240°)",Kelvin-Voigt,0.05,0.625,K,-1,1,201
"Schnitt (140°,240°)",Kelvin-Voigt,0.05,0.75,K,-1,1,201
"Schnitt (140°,240°)",Kelvin-Voigt,0.05,0.875,K,-1,1,201
"Pilot (110°,252°)",Kelvin-Voigt,0.05,0,K,-1,1,201
"Pilot (110°,252°)",Kelvin-Voigt,0.05,0.125,K,-1,1,201
"Pilot (110°,252°)",Kelvin-Voigt,0.05,0.25,K,-1,1,201
"Pilot (110°,252°)",Kelvin-Voigt,0.05,0.375,K,-1,1,201
"Pilot (110°,252°)",Kelvin-Voigt,0.05,0.5,K,-1,1,201
"Pilot (110°,252°)",Kelvin-Voigt,0.05,0.625,K,-1,1,201
"Pilot (110°,252°)",Kelvin-Voigt,0.05,0.75,K,-1,1,201
"Pilot (110°,252°)",Kelvin-Voigt,0.05,0.875,K,-1,1,201
