phi2_deg,phi3_deg,F_mean,F_skew,liftoff,F_max,F_min,peak_ratio
0.000,0.000,6.376243,1.705483,75.7885,41.123260,0.000000,5.449190
0.000,18.947,6.376413,1.706682,75.8295,41.089802,0.000000,5.443943
0.000,37.895,6.376550,1.710461,75.9445,40.960831,0.000000,5.423717
0.000,56.842,6.376622,1.717237,76.1435,40.628832,0.000000,5.371651
0.000,75.789,6.376655,1.714767,76.1290,39.921880,0.000000,5.260783
0.000,94.737,6.376568,1.703825,75.9230,39.638727,0.000000,5.216377
0.000,113.684,6.376408,1.687592,75.5920,39.224090,0.000000,5.151351
0.000,132.632,6.376308,1.011932,24.2500,21.441655,0.000000,2.362606
0.000,151.579,6.376531,0.784557,31.9200,22.289914,0.000000,2.495635
0.000,170.526,6.376536,0.764595,45.4990,23.554526,0.000000,2.693959
0.000,189.474,6.377318,0.595602,38.1335,23.301513,0.000000,2.654279
0.000,208.421,6.333041,1.671973,74.3490,44.104352,0.000000,5.916702
0.000,227.368,6.376433,1.675286,75.4150,38.931531,0.000000,5.105470
0.000,246.316,6.376512,0.635628,43.6960,21.798445,0.000000,2.418559
0.000,265.263,6.376495,1.703880,75.9360,39.648093,0.000000,5.217846
0.000,284.211,6.376532,1.714785,76.1285,39.926153,0.000000,5.261453
0.000,303.158,6.376214,1.717289,76.1475,40.624658,0.000000,5.370996
0.000,322.105,6.376381,1.710458,75.9500,40.966887,0.000000,5.424667
0.000,341.053,6.376651,1.706657,75.8280,41.090075,0.000000,5.443986
18.947,0.000,6.376176,1.706724,75.8325,41.090046,0.000000,5.443981
18.947,18.947,6.376574,1.706651,75.8250,41.088082,0.000000,5.443673
18.947,37.895,6.376739,1.709141,75.9075,41.001611,0.000000,5.430112
18.947,56.842,6.376251,1.714488,76.0695,40.788523,0.000000,5.396695
18.947,75.789,6.376428,1.718419,76.1950,40.026260,0.000000,5.277152
18.947,94.737,6.376356,1.708727,76.0235,39.770193,0.000000,5.236994
18.947,113.684,6.376523,1.695972,75.7635,39.440585,0.000000,5.185303
18.947,132.632,6.376664,1.011938,21.0500,21.789685,0.000000,2.417186
18.947,151.579,6.376727,0.913611,25.3500,20.540339,0.000000,2.221256
18.947,170.526,6.376738,0.672528,32.2615,21.965646,0.000000,2.444781
18.947,189.474,6.376729,0.719590,44.8420,22.172775,0.000000,2.477264
18.947,208.421,6.382107,0.581166,37.4440,23.438874,0.000000,2.675821
18.947,227.368,6.376131,1.665941,75.2420,38.695741,0.000000,5.068492
18.947,246.316,6.376527,1.682291,75.5435,39.101053,0.000000,5.132056
18.947,265.263,6.376144,0.685196,44.6500,20.320962,0.000000,2.186852
18.947,284.211,6.376646,1.708688,76.0190,39.769165,0.000000,5.236833
18.947,303.158,6.382536,1.979013,71.9445,50.552078,0.000000,6.927872
18.947,322.105,6.376739,1.714418,76.0675,40.798081,0.000000,5.398194
18.947,341.053,6.376465,1.709166,75.9075,41.003888,0.000000,5.430469
37.895,0.000,6.376524,1.710465,75.9465,40.959190,0.000000,5.423460
37.895,18.947,6.376559,1.709157,75.9060,41.012979,0.000000,5.431895
37.895,37.895,6.376421,1.710431,75.9500,40.964803,0.000000,5.424340
37.895,56.842,6.376668,1.714418,76.0660,40.790189,0.000000,5.396956
37.895,75.789,6.376601,1.719604,76.2165,40.082831,0.000000,5.286024
37.895,94.737,6.376677,1.711082,76.0635,39.827413,0.000000,5.245968
37.895,113.684,6.376461,1.700157,75.8575,39.548728,0.000000,5.202263
37.895,132.632,6.376450,0.961363,24.5500,21.309434,0.000000,2.341870
37.895,151.579,6.376208,0.901704,28.0000,20.846489,0.000000,2.269268
37.895,170.526,6.376247,0.735889,24.4000,19.200400,0.000000,2.011119
37.895,189.474,6.376432,0.373292,27.6490,17.845460,0.000000,1.798629
37.895,208.421,6.376255,0.450225,24.8250,18.623865,0.000000,1.920703
37.895,227.368,6.376253,0.639423,22.5750,19.367103,0.000000,2.037262
37.895,246.316,6.376000,0.664177,35.8050,24.373674,0.000000,2.822422
37.895,265.263,6.371003,0.937020,35.4195,25.325827,0.000000,2.971744
37.895,284.211,6.376609,1.700181,75.8675,39.549719,0.000000,5.202418
37.895,303.158,6.376629,1.711102,76.0650,39.825212,0.000000,5.245623
37.895,322.105,6.376236,1.719653,76.2165,40.067908,0.000000,5.283683
37.895,341.053,6.376538,1.714456,76.0645,40.792782,0.000000,5.397362
56.842,0.000,6.376417,1.717303,76.1445,40.629023,0.000000,5.371681
56.842,18.947,6.376391,1.714485,76.0670,40.793685,0.000000,5.397504
56.842,37.895,6.376353,1.714459,76.0695,40.791980,0.000000,5.397237
56.842,56.842,6.376537,1.717244,76.1460,40.626024,0.000000,5.371211
56.842,75.789,6.376418,1.718439,76.1965,40.018539,0.000000,5.275941
56.842,94.737,6.376435,1.711125,76.0665,39.834192,0.000000,5.247031
56.842,113.684,6.376234,1.701433,75.8915,39.583831,0.000000,5.207768
56.842,132.632,6.376695,1.688658,75.6325,39.251651,0.000000,5.155673
56.842,151.579,6.376731,0.866287,22.4000,20.084312,0.000000,2.149739
56.842,170.526,6.376153,0.705820,28.5500,19.297814,0.000000,2.026396
56.842,189.474,6.376247,0.486345,21.7000,17.447648,0.000000,1.736242
56.842,208.421,6.376211,0.136365,24.9500,15.009127,0.000000,1.353819
56.842,227.368,6.376588,-0.078888,26.7175,13.875509,0.000000,1.176038
56.842,246.316,6.376485,0.162268,27.3535,16.645502,0.000000,1.610445
56.842,265.263,6.376653,0.534386,26.1250,19.464179,0.000000,2.052486
56.842,284.211,6.376491,0.700713,22.3625,21.127898,0.000000,2.313400
56.842,303.158,6.376847,1.701363,75.8905,39.585994,0.000000,5.208107
56.842,322.105,6.376649,1.711091,76.0630,39.832979,0.000000,5.246841
56.842,341.053,6.376517,1.718426,76.1960,40.018262,0.000000,5.275898
75.789,0.000,6.376434,1.714784,76.1290,39.919643,0.000000,5.260432
75.789,18.947,6.376437,1.718413,76.1935,40.020368,0.000000,5.276228
75.789,37.895,6.376295,1.719647,76.2210,40.097599,0.000000,5.288340
75.789,56.842,6.376561,1.718421,76.1950,40.016287,0.000000,5.275588
75.789,75.789,6.376529,1.714766,76.1270,39.916218,0.000000,5.259895
75.789,94.737,6.376805,1.708663,76.0160,39.770460,0.000000,5.237036
75.789,113.684,6.376672,1.700175,75.8685,39.544757,0.000000,5.201640
75.789,132.632,6.376501,1.689244,75.6615,39.269516,0.000000,5.158475
75.789,151.579,6.376303,0.660188,21.7000,17.508698,0.000000,1.745816
75.789,170.526,6.376706,0.655137,17.7000,17.520434,0.000000,1.747657
75.789,189.474,6.376568,0.425140,23.5000,17.008263,0.000000,1.667335
75.789,208.421,6.376693,0.200089,16.2500,15.206551,0.000000,1.384780
75.789,227.368,6.376735,-0.070845,20.1000,12.773725,0.000000,1.003250
75.789,246.316,6.376748,-0.051706,21.8500,14.227958,0.000000,1.231311
75.789,265.263,6.376265,0.345695,22.4000,15.915148,0.000000,1.495907
75.789,284.211,6.376303,0.660195,21.7000,17.508960,0.000000,1.745857
75.789,303.158,6.376618,0.737684,19.0000,18.408439,0.000000,1.886919
75.789,322.105,6.376273,1.700185,75.8590,39.547538,0.000000,5.202076
75.789,341.053,6.376760,1.708702,76.0180,39.765409,0.000000,5.236244
94.737,0.000,6.376562,1.703827,75.9245,39.639874,0.000000,5.216557
94.737,18.947,6.376611,1.708697,76.0190,39.763992,0.000000,5.236022
94.737,37.895,6.376701,1.711092,76.0650,39.827572,0.000000,5.245993
94.737,56.842,6.376247,1.711158,76.0670,39.833881,0.000000,5.246982
94.737,75.789,6.376475,1.708694,76.0205,39.770802,0.000000,5.237090
94.737,94.737,6.376740,1.703836,75.9315,39.639768,0.000000,5.216540
94.737,113.684,6.376677,1.696610,75.8050,39.466405,0.000000,5.189352
94.737,132.632,6.376257,1.687002,75.6325,39.220224,0.000000,5.150745
94.737,151.579,6.376723,0.534410,26.1300,19.461881,0.000000,2.052126
94.737,170.526,6.376737,0.346103,22.4000,15.917364,0.000000,1.496254
94.737,189.474,6.376320,0.216045,15.8500,14.641292,0.000000,1.296133
94.737,208.421,6.376500,0.100177,0.4500,12.995351,0.000000,1.038007
94.737,227.368,6.376500,-0.091852,0.0000,11.332133,0.753323,0.881287
94.737,246.316,6.376614,-0.287701,10.9500,12.415224,0.000000,0.947028
94.737,265.263,6.376317,0.216122,15.9000,14.642815,0.000000,1.296372
94.737,284.211,6.376706,0.655136,17.7000,17.520706,0.000000,1.747700
94.737,303.158,6.376729,0.866305,22.3500,20.083316,0.000000,2.149583
94.737,322.105,6.376277,0.961360,24.5500,21.308364,0.000000,2.341702
94.737,341.053,6.376701,1.695947,75.7605,39.437633,0.000000,5.184840
113.684,0.000,6.376633,1.687548,75.5875,39.227949,0.000000,5.151956
113.684,18.947,6.376349,1.695978,75.7645,39.436317,0.000000,5.184634
113.684,37.895,6.376423,1.700178,75.8600,39.548475,0.000000,5.202223
113.684,56.842,6.376502,1.701400,75.8895,39.579768,0.000000,5.207131
113.684,75.789,6.376557,1.700210,75.8705,39.548428,0.000000,5.202216
113.684,94.737,6.376483,1.696632,75.8050,39.465228,0.000000,5.189168
113.684,113.684,6.376674,1.690653,75.6985,39.308364,0.000000,5.164567
113.684,132.632,6.376494,1.682309,75.5455,39.104218,0.000000,5.132552
113.684,151.579,6.376751,0.697954,37.3210,24.363865,0.000000,2.820884
113.684,170.526,6.376652,0.159784,27.3805,16.631199,0.000000,1.608202
113.684,189.474,6.376252,-0.052087,21.9000,14.226228,0.000000,1.231040
113.684,208.421,6.376387,-0.287998,10.9500,12.414541,0.000000,0.946921
113.684,227.368,6.376500,-0.272972,0.0000,9.462188,2.882135,0.883047
113.684,246.316,6.376499,-0.272972,0.0000,9.462194,2.882114,0.883043
113.684,265.263,6.376500,0.100177,0.4500,12.995356,0.000000,1.038008
113.684,284.211,6.376567,0.425146,23.5000,17.008580,0.000000,1.667385
113.684,303.158,6.376849,0.705849,28.5500,19.299563,0.000000,2.026670
113.684,322.105,6.376790,0.901780,27.9500,20.846929,0.000000,2.269337
113.684,341.053,6.376335,1.011928,21.1000,21.789141,0.000000,2.417100
132.632,0.000,6.376308,1.011932,24.2500,21.441655,0.000000,2.362606
132.632,18.947,6.376664,1.011938,21.0500,21.789685,0.000000,2.417186
132.632,37.895,6.376450,0.961363,24.5500,21.309434,0.000000,2.341870
132.632,56.842,6.376312,1.688696,75.6325,39.251566,0.000000,5.155660
132.632,75.789,6.376666,1.689235,75.6610,39.270643,0.000000,5.158652
132.632,94.737,6.376568,1.686946,75.6320,39.218651,0.000000,5.150498
132.632,113.684,6.376228,1.682318,75.5460,39.101973,0.000000,5.132200
132.632,132.632,6.376356,1.675316,75.4190,38.924708,0.000000,5.104400
132.632,151.579,6.376019,1.665927,75.2395,38.703973,0.000000,5.069783
132.632,170.526,6.376253,0.639575,22.6000,19.368962,0.000000,2.037554
132.632,189.474,6.376699,-0.078807,26.7085,13.877269,0.000000,1.176314
132.632,208.421,6.376269,-0.071142,20.1000,12.770590,0.000000,1.002759
132.632,227.368,6.376500,-0.091857,0.0000,11.332326,0.753054,0.881279
132.632,246.316,6.376500,-0.272972,0.0000,9.462179,2.882126,0.883042
132.632,265.263,6.376500,-0.091873,0.0000,11.332046,0.753223,0.881256
132.632,284.211,6.376693,0.200076,16.2500,15.206654,0.000000,1.384796
132.632,303.158,6.376251,0.486448,21.7000,17.447321,0.000000,1.736191
132.632,322.105,6.376752,0.735900,24.4000,19.200462,0.000000,2.011129
132.632,341.053,6.376275,0.913675,25.3500,20.539941,0.000000,2.221194
151.579,0.000,6.376528,0.784558,31.9200,22.289807,0.000000,2.495618
151.579,18.947,6.376727,0.913611,25.3500,20.540339,0.000000,2.221256
151.579,37.895,6.376208,0.901704,28.0000,20.846489,0.000000,2.269268
151.579,56.842,6.376731,0.866287,22.4000,20.084312,0.000000,2.149739
151.579,75.789,6.376303,0.660188,21.7000,17.508698,0.000000,1.745816
151.579,94.737,6.376723,0.534410,26.1300,19.461881,0.000000,2.052126
151.579,113.684,6.377904,0.663291,36.1660,24.366180,0.000000,2.821247
151.579,132.632,6.376070,1.665919,75.2400,38.714663,0.000000,5.071460
151.579,151.579,6.376691,1.657990,75.0865,38.587152,0.000000,5.051463
151.579,170.526,6.369135,0.595249,37.5590,23.582831,0.000000,2.698397
151.579,189.474,6.376257,0.450203,24.8250,18.624018,0.000000,1.920727
151.579,208.421,6.376213,0.136382,24.9000,15.009015,0.000000,1.353801
151.579,227.368,6.376693,0.200116,16.2500,15.206331,0.000000,1.384746
151.579,246.316,6.376500,0.100177,0.4500,12.995355,0.000000,1.038008
151.579,265.263,6.376388,-0.288023,10.9500,12.414239,0.000000,0.946874
151.579,284.211,6.376736,-0.070830,20.1000,12.774037,0.000000,1.003299
151.579,303.158,6.376215,0.136399,24.9000,15.008902,0.000000,1.353784
151.579,322.105,6.376917,0.369341,27.6850,17.496919,0.000000,1.743969
151.579,341.053,6.376459,0.672627,32.2750,21.968691,0.000000,2.445259
170.526,0.000,6.376569,0.764593,45.4980,23.556188,0.000000,2.694219
170.526,18.947,6.376738,0.672528,32.2615,21.965646,0.000000,2.444781
170.526,37.895,6.376247,0.735889,24.4000,19.200400,0.000000,2.011119
170.526,56.842,6.376153,0.705820,28.5500,19.297814,0.000000,2.026396
170.526,75.789,6.376706,0.655137,17.7000,17.520434,0.000000,1.747657
170.526,94.737,6.376737,0.346103,22.4000,15.917364,0.000000,1.496254
170.526,113.684,6.376659,0.159806,27.3795,16.631744,0.000000,1.608287
170.526,132.632,6.376253,0.639575,22.6000,19.368962,0.000000,2.037554
170.526,151.579,6.369284,0.589345,37.3945,23.572395,0.000000,2.696761
170.526,170.526,6.366474,0.615917,38.5845,23.334701,0.000000,2.659484
170.526,189.474,6.376542,0.719577,44.8670,22.175860,0.000000,2.477748
170.526,208.421,6.376323,0.378013,27.5865,17.903573,0.000000,1.807743
170.526,227.368,6.376755,0.486322,21.7000,17.448131,0.000000,1.736318
170.526,246.316,6.376433,0.425066,23.5500,17.008466,0.000000,1.667367
170.526,265.263,6.376681,0.216368,15.8500,14.642750,0.000000,1.296362
170.526,284.211,6.376748,-0.051674,21.8500,14.228235,0.000000,1.231355
170.526,303.158,6.376341,-0.078970,26.7380,13.874545,0.000000,1.175887
170.526,322.105,6.376744,0.450347,24.8250,18.623567,0.000000,1.920657
170.526,341.053,6.376270,0.719555,44.8625,22.173763,0.000000,2.477419
189.474,0.000,6.379897,0.610923,38.2695,23.193119,0.000000,2.637280
189.474,18.947,6.376804,0.719629,44.8495,22.172751,0.000000,2.477260
189.474,37.895,6.376419,0.373293,27.6490,17.845807,0.000000,1.798684
189.474,56.842,6.376247,0.486345,21.7000,17.447648,0.000000,1.736242
189.474,75.789,6.376568,0.425140,23.5000,17.008263,0.000000,1.667335
189.474,94.737,6.376320,0.216045,15.8500,14.641292,0.000000,1.296133
189.474,113.684,6.376252,-0.052087,21.9000,14.226228,0.000000,1.231040
189.474,132.632,6.376699,-0.078807,26.7085,13.877269,0.000000,1.176314
189.474,151.579,6.376257,0.450203,24.8250,18.624018,0.000000,1.920727
189.474,170.526,6.376549,0.719569,44.8680,22.176287,0.000000,2.477815
189.474,189.474,6.376403,0.764575,45.5175,23.554001,0.000000,2.693876
189.474,208.421,6.376281,0.672598,32.2750,21.967232,0.000000,2.445030
189.474,227.368,6.376750,0.735999,24.4000,19.200379,0.000000,2.011116
189.474,246.316,6.376150,0.705707,28.6500,19.299220,0.000000,2.026617
189.474,265.263,6.376294,0.654974,17.7000,17.518818,0.000000,1.747403
189.474,284.211,6.376264,0.345725,22.4000,15.915464,0.000000,1.495956
189.474,303.158,6.376335,0.162161,27.3720,16.641999,0.000000,1.609896
189.474,322.105,6.376746,0.639657,22.5750,19.369246,0.000000,2.037598
189.474,341.053,6.372086,0.578654,37.3995,23.472397,0.000000,2.681079
208.421,0.000,6.333309,1.671908,74.3505,44.063784,0.000000,5.910340
208.421,18.947,6.374565,0.598345,37.6770,23.556283,0.000000,2.694234
208.421,37.895,6.376255,0.450225,24.8250,18.623865,0.000000,1.920703
208.421,56.842,6.376211,0.136365,24.9500,15.009127,0.000000,1.353819
208.421,75.789,6.376693,0.200089,16.2500,15.206551,0.000000,1.384780
208.421,94.737,6.376500,0.100177,0.4500,12.995351,0.000000,1.038007
208.421,113.684,6.376387,-0.287998,10.9500,12.414541,0.000000,0.946921
208.421,132.632,6.376269,-0.071142,20.1000,12.770590,0.000000,1.002759
208.421,151.579,6.376213,0.136382,24.9000,15.009015,0.000000,1.353801
208.421,170.526,6.376330,0.378013,27.5865,17.903711,0.000000,1.807765
208.421,189.474,6.376281,0.672598,32.2750,21.967232,0.000000,2.445030
208.421,208.421,6.376601,0.784650,31.9310,22.287770,0.000000,2.495298
208.421,227.368,6.376727,0.913564,25.3500,20.540416,0.000000,2.221268
208.421,246.316,6.376594,0.901824,27.9500,20.846220,0.000000,2.269226
208.421,265.263,6.376273,0.866218,22.4000,20.081689,0.000000,2.149328
208.421,284.211,6.376303,0.660197,21.7000,17.509141,0.000000,1.745886
208.421,303.158,6.376698,0.534417,26.1355,19.462155,0.000000,2.052169
208.421,322.105,6.379446,0.658455,35.7065,24.357266,0.000000,2.819849
208.421,341.053,6.376698,1.665868,75.2335,38.689860,0.000000,5.067570
227.368,0.000,6.376196,1.675312,75.4200,38.924885,0.000000,5.104428
227.368,18.947,6.376126,1.665940,75.2430,38.697401,0.000000,5.068753
227.368,37.895,6.376253,0.639423,22.5750,19.367103,0.000000,2.037262
227.368,56.842,6.376588,-0.078888,26.7175,13.875509,0.000000,1.176038
227.368,75.789,6.376735,-0.070845,20.1000,12.773725,0.000000,1.003250
227.368,94.737,6.376500,-0.091852,0.0000,11.332133,0.753323,0.881287
227.368,113.684,6.376500,-0.272972,0.0000,9.462188,2.882135,0.883047
227.368,132.632,6.376500,-0.091857,0.0000,11.332326,0.753054,0.881279
227.368,151.579,6.376693,0.200116,16.2500,15.206331,0.000000,1.384746
227.368,170.526,6.376755,0.486322,21.7000,17.448131,0.000000,1.736318
227.368,189.474,6.376750,0.735999,24.4000,19.200379,0.000000,2.011116
227.368,208.421,6.376727,0.913564,25.3500,20.540416,0.000000,2.221268
227.368,227.368,6.376308,1.011978,24.2500,21.441490,0.000000,2.362580
227.368,246.316,6.376664,1.011958,21.0500,21.789490,0.000000,2.417155
227.368,265.263,6.376275,0.961330,24.6000,21.309422,0.000000,2.341868
227.368,284.211,6.376618,0.737688,19.0000,18.408512,0.000000,1.886930
227.368,303.158,6.376331,0.700680,22.3750,21.126170,0.000000,2.313129
227.368,322.105,6.375727,1.687189,75.6315,39.319426,0.000000,5.166302
227.368,341.053,6.376533,1.682292,75.5475,39.101132,0.000000,5.132068
246.316,0.000,6.376410,0.633038,43.5965,21.796148,0.000000,2.418199
246.316,18.947,6.376939,1.682228,75.5415,39.101333,0.000000,5.132100
246.316,37.895,6.383209,0.640486,35.5900,24.373533,0.000000,2.822400
246.316,56.842,6.376485,0.162268,27.3535,16.645502,0.000000,1.610445
246.316,75.789,6.376748,-0.051706,21.8500,14.227958,0.000000,1.231311
246.316,94.737,6.376614,-0.287701,10.9500,12.415224,0.000000,0.947028
246.316,113.684,6.376499,-0.272972,0.0000,9.462194,2.882114,0.883043
246.316,132.632,6.376500,-0.272972,0.0000,9.462179,2.882126,0.883042
246.316,151.579,6.376500,0.100177,0.4500,12.995355,0.000000,1.038008
246.316,170.526,6.376433,0.425066,23.5500,17.008466,0.000000,1.667367
246.316,189.474,6.376150,0.705707,28.6500,19.299220,0.000000,2.026617
246.316,208.421,6.376594,0.901824,27.9500,20.846220,0.000000,2.269226
246.316,227.368,6.376664,1.011958,21.0500,21.789490,0.000000,2.417155
246.316,246.316,6.376620,1.038429,18.2000,22.106707,0.000000,2.466903
246.316,265.263,6.376648,1.695947,75.7600,39.435555,0.000000,5.184514
246.316,284.211,6.376303,1.700229,75.8595,39.543801,0.000000,5.201490
246.316,303.158,6.376666,1.701363,75.8880,39.576138,0.000000,5.206561
246.316,322.105,6.376606,1.700197,75.8695,39.550120,0.000000,5.202481
246.316,341.053,6.376853,0.685224,44.6000,20.320991,0.000000,2.186857
265.263,0.000,6.376420,1.703867,75.9350,39.645370,0.000000,5.217419
265.263,18.947,6.376144,0.685196,44.6500,20.320962,0.000000,2.186852
265.263,37.895,6.371003,0.937020,35.4195,25.325827,0.000000,2.971744
265.263,56.842,6.376653,0.534386,26.1250,19.464179,0.000000,2.052486
265.263,75.789,6.376265,0.345695,22.4000,15.915148,0.000000,1.495907
265.263,94.737,6.376317,0.216122,15.9000,14.642815,0.000000,1.296372
265.263,113.684,6.376500,0.100177,0.4500,12.995356,0.000000,1.038008
265.263,132.632,6.376500,-0.091873,0.0000,11.332046,0.753223,0.881256
265.263,151.579,6.376388,-0.288023,10.9500,12.414239,0.000000,0.946874
265.263,170.526,6.376681,0.216368,15.8500,14.642750,0.000000,1.296362
265.263,189.474,6.376294,0.654974,17.7000,17.518818,0.000000,1.747403
265.263,208.421,6.376273,0.866218,22.4000,20.081689,0.000000,2.149328
265.263,227.368,6.376275,0.961330,24.6000,21.309422,0.000000,2.341868
265.263,246.316,6.376642,1.695990,75.7625,39.440448,0.000000,5.185282
265.263,265.263,6.376414,1.703840,75.9250,39.644124,0.000000,5.217223
265.263,284.211,6.376932,1.708635,76.0165,39.763785,0.000000,5.235989
265.263,303.158,6.376431,1.711128,76.0655,39.826827,0.000000,5.245876
265.263,322.105,6.376618,1.711099,76.0645,39.830533,0.000000,5.246457
265.263,341.053,6.376385,1.708701,76.0230,39.763493,0.000000,5.235943
284.211,0.000,6.376663,1.714766,76.1280,39.923432,0.000000,5.261026
284.211,18.947,6.376387,1.708721,76.0235,39.769290,0.000000,5.236853
284.211,37.895,6.376473,1.700208,75.8675,39.552874,0.000000,5.202913
284.211,56.842,6.376491,0.700713,22.3625,21.127898,0.000000,2.313400
284.211,75.789,6.376303,0.660195,21.7000,17.508960,0.000000,1.745857
284.211,94.737,6.376706,0.655136,17.7000,17.520706,0.000000,1.747700
284.211,113.684,6.376567,0.425146,23.5000,17.008580,0.000000,1.667385
284.211,132.632,6.376693,0.200076,16.2500,15.206654,0.000000,1.384796
284.211,151.579,6.376736,-0.070830,20.1000,12.774037,0.000000,1.003299
284.211,170.526,6.376748,-0.051674,21.8500,14.228235,0.000000,1.231355
284.211,189.474,6.376264,0.345725,22.4000,15.915464,0.000000,1.495956
284.211,208.421,6.376303,0.660197,21.7000,17.509141,0.000000,1.745886
284.211,227.368,6.376618,0.737688,19.0000,18.408512,0.000000,1.886930
284.211,246.316,6.376485,1.700176,75.8595,39.544357,0.000000,5.201577
284.211,265.263,6.376615,1.708688,76.0205,39.765235,0.000000,5.236217
284.211,284.211,6.376392,1.714808,76.1320,39.923002,0.000000,5.260959
284.211,303.158,6.335128,1.977943,71.2160,50.035452,0.000000,6.846852
284.211,322.105,6.376740,1.719617,76.2145,40.078493,0.000000,5.285343
284.211,341.053,6.376281,1.718459,76.1930,40.018610,0.000000,5.275952
303.158,0.000,6.376896,1.717195,76.1425,40.628284,0.000000,5.371565
303.158,18.947,6.382759,1.979001,71.9410,50.551719,0.000000,6.927816
303.158,37.895,6.376499,1.711108,76.0635,39.825755,0.000000,5.245708
303.158,56.842,6.376400,1.701424,75.8940,39.584138,0.000000,5.207816
303.158,75.789,6.376618,0.737684,19.0000,18.408439,0.000000,1.886919
303.158,94.737,6.376729,0.866305,22.3500,20.083316,0.000000,2.149583
303.158,113.684,6.376849,0.705849,28.5500,19.299563,0.000000,2.026670
303.158,132.632,6.376251,0.486448,21.7000,17.447321,0.000000,1.736191
303.158,151.579,6.376215,0.136399,24.9000,15.008902,0.000000,1.353784
303.158,170.526,6.376341,-0.078970,26.7380,13.874545,0.000000,1.175887
303.158,189.474,6.376335,0.162163,27.3720,16.641999,0.000000,1.609896
303.158,208.421,6.376698,0.534417,26.1355,19.462155,0.000000,2.052169
303.158,227.368,6.376331,0.700680,22.3750,21.126170,0.000000,2.313129
303.158,246.316,6.376243,1.701400,75.8880,39.577434,0.000000,5.206765
303.158,265.263,6.376668,1.711093,76.0640,39.827457,0.000000,5.245975
303.158,284.211,6.335370,1.977887,71.2165,50.033811,0.000000,6.846595
303.158,303.158,6.376360,1.717286,76.1435,40.627854,0.000000,5.371497
303.158,322.105,6.376441,1.714532,76.0690,40.799945,0.000000,5.398486
303.158,341.053,6.376309,1.714468,76.0715,40.798213,0.000000,5.398214
322.105,0.000,6.376516,1.710426,75.9500,40.964894,0.000000,5.424354
322.105,18.947,6.376431,1.714435,76.0665,40.790239,0.000000,5.396964
322.105,37.895,6.376593,1.719606,76.2115,40.088203,0.000000,5.286866
322.105,56.842,6.376617,1.711095,76.0645,39.830226,0.000000,5.246409
322.105,75.789,6.376423,1.700181,75.8600,39.549030,0.000000,5.202310
322.105,94.737,6.376277,0.961360,24.5500,21.308364,0.000000,2.341702
322.105,113.684,6.376790,0.901780,27.9500,20.846929,0.000000,2.269337
322.105,132.632,6.376752,0.735900,24.4000,19.200462,0.000000,2.011129
322.105,151.579,6.376914,0.369364,27.6860,17.509011,0.000000,1.745865
322.105,170.526,6.376744,0.450347,24.8250,18.623567,0.000000,1.920657
322.105,189.474,6.376746,0.639657,22.5750,19.369246,0.000000,2.037598
322.105,208.421,6.376218,0.675851,36.8730,24.366591,0.000000,2.821311
322.105,227.368,6.375687,1.687188,75.6320,39.314333,0.000000,5.165504
322.105,246.316,6.376745,1.700177,75.8670,39.548649,0.000000,5.202250
322.105,265.263,6.376512,1.711105,76.0645,39.823559,0.000000,5.245363
322.105,284.211,6.376502,1.719636,76.2160,40.078776,0.000000,5.285388
322.105,303.158,6.376257,1.714531,76.0660,40.798821,0.000000,5.398310
322.105,322.105,6.376351,1.710499,75.9500,40.960411,0.000000,5.423651
322.105,341.053,6.376551,1.709146,75.9085,41.012043,0.000000,5.431748
341.053,0.000,6.376197,1.706688,75.8320,41.091416,0.000000,5.444196
341.053,18.947,6.376403,1.709190,75.9080,41.007676,0.000000,5.431063
341.053,37.895,6.376644,1.714444,76.0635,40.793544,0.000000,5.397482
341.053,56.842,6.376369,1.718455,76.1965,40.020351,0.000000,5.276225
341.053,75.789,6.376685,1.708695,76.0175,39.773225,0.000000,5.237470
341.053,94.737,6.376475,1.695976,75.7630,39.438034,0.000000,5.184903
341.053,113.684,6.376335,1.011928,21.1000,21.789141,0.000000,2.417100
341.053,132.632,6.376275,0.913675,25.3500,20.539941,0.000000,2.221194
341.053,151.579,6.376459,0.672627,32.2750,21.968691,0.000000,2.445259
341.053,170.526,6.376306,0.719556,44.8635,22.173975,0.000000,2.477452
341.053,189.474,6.373321,0.597020,38.0885,23.407357,0.000000,2.670879
341.053,208.421,6.376110,1.665969,75.2385,38.679375,0.000000,5.065926
341.053,227.368,6.376514,1.682309,75.5445,39.100692,0.000000,5.131999
341.053,246.316,6.376853,0.685224,44.6000,20.320991,0.000000,2.186857
341.053,265.263,6.376474,1.708706,76.0235,39.765437,0.000000,5.236248
341.053,284.211,6.376405,1.718438,76.1940,40.021942,0.000000,5.276475
341.053,303.158,6.376522,1.714458,76.0675,40.794426,0.000000,5.397620
341.053,322.105,6.376463,1.709173,75.9095,41.012588,0.000000,5.431834
341.053,341.053,6.376378,1.706680,75.8275,41.085568,0.000000,5.443279
