phi2_deg,phi3_deg,v_d_mps,v_d_mmps,F_bar_A_N,tau_s,rho
0.0,0.0,1.054900e-03,1.054900,1.395692e-04,5.844,1000.0
0.0,27.692,9.113298e-04,0.911330,1.164941e-04,5.990,1000.0
0.0,55.385,5.830635e-04,0.583063,6.826705e-05,6.466,1000.0
0.0,83.077,2.682761e-04,0.268276,2.726665e-05,7.395,1000.0
0.0,110.769,1.469812e-04,0.146981,1.213392e-05,9.081,1000.0
0.0,138.462,3.287661e-04,0.328766,2.078763e-05,11.941,1000.0
0.0,166.154,5.689714e-04,0.568971,3.319731e-05,13.484,1000.0
0.0,193.846,5.689714e-04,0.568971,3.319731e-05,13.484,1000.0
0.0,221.538,3.287661e-04,0.328766,2.078763e-05,11.941,1000.0
0.0,249.231,1.469812e-04,0.146981,1.213392e-05,9.081,1000.0
0.0,276.923,2.682761e-04,0.268276,2.726665e-05,7.395,1000.0
0.0,304.615,5.830635e-04,0.583063,6.826705e-05,6.466,1000.0
0.0,332.308,9.113298e-04,0.911330,1.164941e-04,5.990,1000.0
27.692,0.0,9.113298e-04,0.911330,1.164941e-04,5.990,1000.0
27.692,27.692,9.113298e-04,0.911330,1.164941e-04,5.990,1000.0
27.692,55.385,6.765330e-04,0.676533,8.123162e-05,6.322,1000.0
27.692,83.077,3.482903e-04,0.348290,3.721519e-05,7.046,1000.0
27.692,110.769,1.076899e-04,0.107690,9.648800e-06,8.372,1000.0
27.692,138.462,9.812015e-05,0.098120,6.789952e-06,10.825,1000.0
27.692,166.154,3.696076e-04,0.369608,2.022351e-05,14.014,1000.0
27.692,193.846,5.154647e-04,0.515465,2.725941e-05,14.829,1000.0
27.692,221.538,3.696089e-04,0.369609,2.022357e-05,14.014,1000.0
27.692,249.231,9.812110e-05,0.098121,6.790015e-06,10.825,1000.0
27.692,276.923,1.076904e-04,0.107690,9.648844e-06,8.372,1000.0
27.692,304.615,3.482905e-04,0.348290,3.721521e-05,7.046,1000.0
27.692,332.308,6.765331e-04,0.676533,8.123162e-05,6.322,1000.0
55.385,0.0,5.830635e-04,0.583063,6.826705e-05,6.466,1000.0
55.385,27.692,6.765330e-04,0.676533,8.123162e-05,6.322,1000.0
55.385,55.385,5.830634e-04,0.583063,6.826705e-05,6.466,1000.0
55.385,83.077,3.482901e-04,0.348290,3.721518e-05,7.046,1000.0
55.385,110.769,7.507071e-05,0.075071,6.884005e-06,8.180,1000.0
55.385,138.462,-1.124197e-04,-0.112420,-8.229720e-06,10.261,1000.0
55.385,166.154,-7.081922e-05,-0.070819,-3.702529e-06,14.389,1000.0
55.385,193.846,1.971780e-04,0.197178,8.353870e-06,17.912,1000.0
55.385,221.538,1.971795e-04,0.197179,8.353930e-06,17.912,1000.0
55.385,249.231,-7.081695e-05,-0.070817,-3.702407e-06,14.389,1000.0
55.385,276.923,-1.124185e-04,-0.112419,-8.229632e-06,10.261,1000.0
55.385,304.615,7.507128e-05,0.075071,6.884056e-06,8.180,1000.0
55.385,332.308,3.482905e-04,0.348290,3.721521e-05,7.046,1000.0
83.077,0.0,2.682761e-04,0.268276,2.726665e-05,7.395,1000.0
83.077,27.692,3.482903e-04,0.348290,3.721519e-05,7.046,1000.0
83.077,55.385,3.482901e-04,0.348290,3.721518e-05,7.046,1000.0
83.077,83.077,2.682761e-04,0.268276,2.726665e-05,7.395,1000.0
83.077,110.769,1.076898e-04,0.107690,9.648792e-06,8.372,1000.0
83.077,138.462,-1.124195e-04,-0.112420,-8.229710e-06,10.261,1000.0
83.077,166.154,-2.944769e-04,-0.294477,-1.604848e-05,13.942,1000.0
83.077,193.846,-2.429433e-04,-0.242943,-8.504533e-06,21.796,1000.0
83.077,221.538,-7.306985e-05,-0.073070,-2.121221e-06,25.899,1000.0
83.077,249.231,-2.429406e-04,-0.242941,-8.504431e-06,21.796,1000.0
83.077,276.923,-2.944746e-04,-0.294475,-1.604835e-05,13.942,1000.0
83.077,304.615,-1.124185e-04,-0.112419,-8.229632e-06,10.261,1000.0
83.077,332.308,1.076904e-04,0.107690,9.648844e-06,8.372,1000.0
110.769,0.0,1.469812e-04,0.146981,1.213392e-05,9.081,1000.0
110.769,27.692,1.076899e-04,0.107690,9.648800e-06,8.372,1000.0
110.769,55.385,7.507071e-05,0.075071,6.884005e-06,8.180,1000.0
110.769,83.077,1.076898e-04,0.107690,9.648792e-06,8.372,1000.0
110.769,110.769,1.469812e-04,0.146981,1.213392e-05,9.081,1000.0
110.769,138.462,9.812021e-05,0.098120,6.789957e-06,10.825,1000.0
110.769,166.154,-7.081897e-05,-0.070819,-3.702516e-06,14.389,1000.0
110.769,193.846,-2.429431e-04,-0.242943,-8.504527e-06,21.796,1000.0
110.769,221.538,-1.663357e-04,-0.166336,-3.340697e-06,37.992,1000.0
110.769,249.231,-1.663336e-04,-0.166334,-3.340651e-06,37.992,1000.0
110.769,276.923,-2.429406e-04,-0.242941,-8.504431e-06,21.796,1000.0
110.769,304.615,-7.081695e-05,-0.070817,-3.702407e-06,14.389,1000.0
110.769,332.308,9.812110e-05,0.098121,6.790015e-06,10.825,1000.0
138.462,0.0,3.287661e-04,0.328766,2.078763e-05,11.941,1000.0
138.462,27.692,9.812015e-05,0.098120,6.789952e-06,10.825,1000.0
138.462,55.385,-1.124197e-04,-0.112420,-8.229720e-06,10.261,1000.0
138.462,83.077,-1.124195e-04,-0.112420,-8.229710e-06,10.261,1000.0
138.462,110.769,9.812021e-05,0.098120,6.789957e-06,10.825,1000.0
138.462,138.462,3.287662e-04,0.328766,2.078763e-05,11.941,1000.0
138.462,166.154,3.696075e-04,0.369608,2.022351e-05,14.014,1000.0
138.462,193.846,1.971776e-04,0.197178,8.353857e-06,17.912,1000.0
138.462,221.538,-7.307100e-05,-0.073071,-2.121257e-06,25.899,1000.0
138.462,249.231,-1.663357e-04,-0.166336,-3.340697e-06,37.992,1000.0
138.462,276.923,-7.306985e-05,-0.073070,-2.121221e-06,25.899,1000.0
138.462,304.615,1.971795e-04,0.197179,8.353930e-06,17.912,1000.0
138.462,332.308,3.696089e-04,0.369609,2.022357e-05,14.014,1000.0
166.154,0.0,5.689714e-04,0.568971,3.319731e-05,13.484,1000.0
166.154,27.692,3.696076e-04,0.369608,2.022351e-05,14.014,1000.0
166.154,55.385,-7.081922e-05,-0.070819,-3.702529e-06,14.389,1000.0
166.154,83.077,-2.944769e-04,-0.294477,-1.604848e-05,13.942,1000.0
166.154,110.769,-7.081897e-05,-0.070819,-3.702516e-06,14.389,1000.0
166.154,138.462,3.696075e-04,0.369608,2.022351e-05,14.014,1000.0
166.154,166.154,5.689715e-04,0.568971,3.319731e-05,13.484,1000.0
166.154,193.846,5.154641e-04,0.515464,2.725938e-05,14.829,1000.0
166.154,221.538,1.971776e-04,0.197178,8.353857e-06,17.912,1000.0
166.154,249.231,-2.429431e-04,-0.242943,-8.504527e-06,21.796,1000.0
166.154,276.923,-2.429433e-04,-0.242943,-8.504533e-06,21.796,1000.0
166.154,304.615,1.971780e-04,0.197178,8.353870e-06,17.912,1000.0
166.154,332.308,5.154647e-04,0.515465,2.725941e-05,14.829,1000.0
193.846,0.0,5.689714e-04,0.568971,3.319731e-05,13.484,1000.0
193.846,27.692,5.154647e-04,0.515465,2.725941e-05,14.829,1000.0
193.846,55.385,1.971780e-04,0.197178,8.353870e-06,17.912,1000.0
193.846,83.077,-2.429433e-04,-0.242943,-8.504533e-06,21.796,1000.0
193.846,110.769,-2.429431e-04,-0.242943,-8.504527e-06,21.796,1000.0
193.846,138.462,1.971776e-04,0.197178,8.353857e-06,17.912,1000.0
193.846,166.154,5.154641e-04,0.515464,2.725938e-05,14.829,1000.0
193.846,193.846,5.689715e-04,0.568971,3.319731e-05,13.484,1000.0
193.846,221.538,3.696075e-04,0.369608,2.022351e-05,14.014,1000.0
193.846,249.231,-7.081897e-05,-0.070819,-3.702516e-06,14.389,1000.0
193.846,276.923,-2.944769e-04,-0.294477,-1.604848e-05,13.942,1000.0
193.846,304.615,-7.081922e-05,-0.070819,-3.702529e-06,14.389,1000.0
193.846,332.308,3.696076e-04,0.369608,2.022351e-05,14.014,1000.0
221.538,0.0,3.287661e-04,0.328766,2.078763e-05,11.941,1000.0
221.538,27.692,3.696089e-04,0.369609,2.022357e-05,14.014,1000.0
221.538,55.385,1.971795e-04,0.197179,8.353930e-06,17.912,1000.0
221.538,83.077,-7.306985e-05,-0.073070,-2.121221e-06,25.899,1000.0
221.538,110.769,-1.663357e-04,-0.166336,-3.340697e-06,37.992,1000.0
221.538,138.462,-7.307100e-05,-0.073071,-2.121257e-06,25.899,1000.0
221.538,166.154,1.971776e-04,0.197178,8.353857e-06,17.912,1000.0
221.538,193.846,3.696075e-04,0.369608,2.022351e-05,14.014,1000.0
221.538,221.538,3.287662e-04,0.328766,2.078763e-05,11.941,1000.0
221.538,249.231,9.812021e-05,0.098120,6.789957e-06,10.825,1000.0
221.538,276.923,-1.124195e-04,-0.112420,-8.229710e-06,10.261,1000.0
221.538,304.615,-1.124197e-04,-0.112420,-8.229720e-06,10.261,1000.0
221.538,332.308,9.812015e-05,0.098120,6.789952e-06,10.825,1000.0
249.231,0.0,1.469812e-04,0.146981,1.213392e-05,9.081,1000.0
249.231,27.692,9.812110e-05,0.098121,6.790015e-06,10.825,1000.0
249.231,55.385,-7.081695e-05,-0.070817,-3.702407e-06,14.389,1000.0
249.231,83.077,-2.429406e-04,-0.242941,-8.504431e-06,21.796,1000.0
249.231,110.769,-1.663336e-04,-0.166334,-3.340651e-06,37.992,1000.0
249.231,138.462,-1.663357e-04,-0.166336,-3.340697e-06,37.992,1000.0
249.231,166.154,-2.429431e-04,-0.242943,-8.504527e-06,21.796,1000.0
249.231,193.846,-7.081897e-05,-0.070819,-3.702516e-06,14.389,1000.0
249.231,221.538,9.812021e-05,0.098120,6.789957e-06,10.825,1000.0
249.231,249.231,1.469812e-04,0.146981,1.213392e-05,9.081,1000.0
249.231,276.923,1.076898e-04,0.107690,9.648792e-06,8.372,1000.0
249.231,304.615,7.507071e-05,0.075071,6.884005e-06,8.180,1000.0
249.231,332.308,1.076899e-04,0.107690,9.648800e-06,8.372,1000.0
276.923,0.0,2.682761e-04,0.268276,2.726665e-05,7.395,1000.0
276.923,27.692,1.076904e-04,0.107690,9.648844e-06,8.372,1000.0
276.923,55.385,-1.124185e-04,-0.112419,-8.229632e-06,10.261,1000.0
276.923,83.077,-2.944746e-04,-0.294475,-1.604835e-05,13.942,1000.0
276.923,110.769,-2.429406e-04,-0.242941,-8.504431e-06,21.796,1000.0
276.923,138.462,-7.306985e-05,-0.073070,-2.121221e-06,25.899,1000.0
276.923,166.154,-2.429433e-04,-0.242943,-8.504533e-06,21.796,1000.0
276.923,193.846,-2.944769e-04,-0.294477,-1.604848e-05,13.942,1000.0
276.923,221.538,-1.124195e-04,-0.112420,-8.229710e-06,10.261,1000.0
276.923,249.231,1.076898e-04,0.107690,9.648792e-06,8.372,1000.0
276.923,276.923,2.682761e-04,0.268276,2.726665e-05,7.395,1000.0
276.923,304.615,3.482901e-04,0.348290,3.721518e-05,7.046,1000.0
276.923,332.308,3.482903e-04,0.348290,3.721519e-05,7.046,1000.0
304.615,0.0,5.830635e-04,0.583063,6.826705e-05,6.466,1000.0
304.615,27.692,3.482905e-04,0.348290,3.721521e-05,7.046,1000.0
304.615,55.385,7.507128e-05,0.075071,6.884056e-06,8.180,1000.0
304.615,83.077,-1.124185e-04,-0.112419,-8.229632e-06,10.261,1000.0
304.615,110.769,-7.081695e-05,-0.070817,-3.702407e-06,14.389,1000.0
304.615,138.462,1.971795e-04,0.197179,8.353930e-06,17.912,1000.0
304.615,166.154,1.971780e-04,0.197178,8.353870e-06,17.912,1000.0
304.615,193.846,-7.081922e-05,-0.070819,-3.702529e-06,14.389,1000.0
304.615,221.538,-1.124197e-04,-0.112420,-8.229720e-06,10.261,1000.0
304.615,249.231,7.507071e-05,0.075071,6.884005e-06,8.180,1000.0
304.615,276.923,3.482901e-04,0.348290,3.721518e-05,7.046,1000.0
304.615,304.615,5.830634e-04,0.583063,6.826705e-05,6.466,1000.0
304.615,332.308,6.765330e-04,0.676533,8.123162e-05,6.322,1000.0
332.308,0.0,9.113298e-04,0.911330,1.164941e-04,5.990,1000.0
332.308,27.692,6.765331e-04,0.676533,8.123162e-05,6.322,1000.0
332.308,55.385,3.482905e-04,0.348290,3.721521e-05,7.046,1000.0
332.308,83.077,1.076904e-04,0.107690,9.648844e-06,8.372,1000.0
332.308,110.769,9.812110e-05,0.098121,6.790015e-06,10.825,1000.0
332.308,138.462,3.696089e-04,0.369609,2.022357e-05,14.014,1000.0
332.308,166.154,5.154647e-04,0.515465,2.725941e-05,14.829,1000.0
332.308,193.846,3.696076e-04,0.369608,2.022351e-05,14.014,1000.0
332.308,221.538,9.812015e-05,0.098120,6.789952e-06,10.825,1000.0
332.308,249.231,1.076899e-04,0.107690,9.648800e-06,8.372,1000.0
332.308,276.923,3.482903e-04,0.348290,3.721519e-05,7.046,1000.0
332.308,304.615,6.765330e-04,0.676533,8.123162e-05,6.322,1000.0
332.308,332.308,9.113298e-04,0.911330,1.164941e-04,5.990,1000.0
