level,rauschen,szenario,x,nkamp,c_sim0,c_sim1,best_A,fals_A,beide_A,best_B,fals_B,beide_B,sig_beide,fals_A_cB,sig_beide_cB,alt_fals,alt_best
0,Sensor+Jitter,exakt,0.0,300,3.83665041574385,3.7877349366253474,1.0,0.0,0.0,1.0,0.0,0.0,0.0,0.0,0.0,0.0,0.9566666666666667
0,Sensor+Jitter,kopplung,0.01,300,3.83665041574385,3.7877349366253474,1.0,0.0,0.0,1.0,0.0,0.0,1.0,0.0,1.0,1.0,0.0
0,Sensor+Jitter,kopplung,0.03,300,3.83665041574385,3.7877349366253474,1.0,0.0,0.0,1.0,0.0,0.0,1.0,0.0,1.0,1.0,0.0
0,Sensor+Jitter,kopplung,0.1,300,3.83665041574385,3.7877349366253474,1.0,0.0,0.0,1.0,0.0,0.0,1.0,0.0,1.0,1.0,0.0
0,Sensor+Jitter,kopplung,0.106,300,3.83665041574385,3.7877349366253474,0.21333333333333335,0.0,0.0,0.21333333333333335,0.0,0.0,1.0,0.0,1.0,1.0,0.0
0,Sensor+Jitter,kopplung,0.2,300,3.83665041574385,3.7877349366253474,0.0,1.0,0.0,0.0,1.0,0.0,1.0,1.0,1.0,1.0,0.0
0,Sensor+Jitter,kopplung,0.3,300,3.83665041574385,3.7877349366253474,0.0,1.0,0.0,0.0,1.0,0.0,1.0,1.0,1.0,1.0,0.0
0,Sensor+Jitter,N2,0.03,300,3.83665041574385,3.7877349366253474,1.0,0.0,0.0,1.0,0.0,0.0,1.0,0.0,1.0,1.0,0.0
0,Sensor+Jitter,drift,0.03,300,3.83665041574385,3.7877349366253474,1.0,0.0,0.0,1.0,0.0,0.0,0.056666666666666664,0.0,0.04,0.04,0.0
